2024-03-13 22:59:13,615 [Worker-2: Loading available Gradle versions] INFO  o.e.b.c.i.u.g.PublishedGradleVersions - Gradle version information cache is out-of-date. Trying to update.
2024-03-14 19:24:30,288 [Worker-6: Loading available Gradle versions] INFO  o.e.b.c.i.u.g.PublishedGradleVersions - Gradle version information cache is up-to-date. Trying to read.
2024-03-16 17:44:36,770 [Worker-1: Loading available Gradle versions] INFO  o.e.b.c.i.u.g.PublishedGradleVersions - Gradle version information cache is out-of-date. Trying to update.
2024-03-16 17:44:37,564 [Worker-1: Loading available Gradle versions] INFO  o.e.b.c.i.u.g.PublishedGradleVersions - Updating Gradle version information cache failed. Using outdated cache.
2024-03-17 20:25:14,829 [Worker-8: Loading available Gradle versions] INFO  o.e.b.c.i.u.g.PublishedGradleVersions - Gradle version information cache is out-of-date. Trying to update.
2024-03-17 20:25:15,416 [Worker-8: Loading available Gradle versions] INFO  o.e.b.c.i.u.g.PublishedGradleVersions - Updating Gradle version information cache failed. Using outdated cache.
2024-03-19 14:17:29,179 [Worker-6: Loading available Gradle versions] INFO  o.e.b.c.i.u.g.PublishedGradleVersions - Gradle version information cache is out-of-date. Trying to update.
2024-03-19 14:17:29,731 [Worker-6: Loading available Gradle versions] INFO  o.e.b.c.i.u.g.PublishedGradleVersions - Updating Gradle version information cache failed. Using outdated cache.
2024-03-20 14:18:16,458 [Worker-1: Loading available Gradle versions] INFO  o.e.b.c.i.u.g.PublishedGradleVersions - Gradle version information cache is out-of-date. Trying to update.
2024-03-20 14:18:17,112 [Worker-1: Loading available Gradle versions] INFO  o.e.b.c.i.u.g.PublishedGradleVersions - Updating Gradle version information cache failed. Using outdated cache.
2024-03-20 14:35:47,745 [Worker-5: Loading available Gradle versions] INFO  o.e.b.c.i.u.g.PublishedGradleVersions - Gradle version information cache is out-of-date. Trying to update.
2024-03-20 14:35:48,206 [Worker-5: Loading available Gradle versions] INFO  o.e.b.c.i.u.g.PublishedGradleVersions - Updating Gradle version information cache failed. Using outdated cache.
2024-03-25 11:08:39,857 [Worker-7: Loading available Gradle versions] INFO  o.e.b.c.i.u.g.PublishedGradleVersions - Gradle version information cache is out-of-date. Trying to update.
2024-03-25 11:08:40,471 [Worker-7: Loading available Gradle versions] INFO  o.e.b.c.i.u.g.PublishedGradleVersions - Updating Gradle version information cache failed. Using outdated cache.
2024-03-25 11:11:02,995 [ModalContext] INFO  o.e.m.c.i.e.AbstractTransferListenerAdapter - Downloaded https://repo.maven.apache.org/maven2/org/apache/maven/archetypes/maven-archetype-quickstart/1.1/maven-archetype-quickstart-1.1.pom
2024-03-25 11:12:01,065 [Worker-5: Launching mavenrun-451bd071-cb73-4852-a5fa-de20036d982d] INFO  o.eclipse.m2e.core.internal.Bundles - getClasspathEntries(Bundle=org.eclipse.m2e.maven.runtime_3.9.400.20230826-0755 [295])
2024-03-25 11:12:01,068 [Worker-5: Launching mavenrun-451bd071-cb73-4852-a5fa-de20036d982d] INFO  o.eclipse.m2e.core.internal.Bundles - 	Entry: C:\Users\Shree\.p2\pool\plugins\org.eclipse.m2e.maven.runtime_3.9.400.20230826-0755
2024-03-25 11:12:01,069 [Worker-5: Launching mavenrun-451bd071-cb73-4852-a5fa-de20036d982d] INFO  o.eclipse.m2e.core.internal.Bundles - 	Entry: C:\Users\Shree\.p2\pool\plugins\org.eclipse.m2e.maven.runtime_3.9.400.20230826-0755\jars\aether-connector-okhttp-0.17.8.jar
2024-03-25 11:12:01,069 [Worker-5: Launching mavenrun-451bd071-cb73-4852-a5fa-de20036d982d] INFO  o.eclipse.m2e.core.internal.Bundles - 	Entry: C:\Users\Shree\.p2\pool\plugins\org.eclipse.m2e.maven.runtime_3.9.400.20230826-0755\jars\aopalliance-1.0.jar
2024-03-25 11:12:01,069 [Worker-5: Launching mavenrun-451bd071-cb73-4852-a5fa-de20036d982d] INFO  o.eclipse.m2e.core.internal.Bundles - 	Entry: C:\Users\Shree\.p2\pool\plugins\org.eclipse.m2e.maven.runtime_3.9.400.20230826-0755\jars\commons-lang3-3.12.0.jar
2024-03-25 11:12:01,069 [Worker-5: Launching mavenrun-451bd071-cb73-4852-a5fa-de20036d982d] INFO  o.eclipse.m2e.core.internal.Bundles - 	Entry: C:\Users\Shree\.p2\pool\plugins\org.eclipse.m2e.maven.runtime_3.9.400.20230826-0755\jars\guice-5.1.0.jar
2024-03-25 11:12:01,070 [Worker-5: Launching mavenrun-451bd071-cb73-4852-a5fa-de20036d982d] INFO  o.eclipse.m2e.core.internal.Bundles - 	Entry: C:\Users\Shree\.p2\pool\plugins\org.eclipse.m2e.maven.runtime_3.9.400.20230826-0755\jars\jansi-2.4.0.jar
2024-03-25 11:12:01,070 [Worker-5: Launching mavenrun-451bd071-cb73-4852-a5fa-de20036d982d] INFO  o.eclipse.m2e.core.internal.Bundles - 	Entry: C:\Users\Shree\.p2\pool\plugins\org.eclipse.m2e.maven.runtime_3.9.400.20230826-0755\jars\maven-artifact-3.9.4.jar
2024-03-25 11:12:01,070 [Worker-5: Launching mavenrun-451bd071-cb73-4852-a5fa-de20036d982d] INFO  o.eclipse.m2e.core.internal.Bundles - 	Entry: C:\Users\Shree\.p2\pool\plugins\org.eclipse.m2e.maven.runtime_3.9.400.20230826-0755\jars\maven-builder-support-3.9.4.jar
2024-03-25 11:12:01,070 [Worker-5: Launching mavenrun-451bd071-cb73-4852-a5fa-de20036d982d] INFO  o.eclipse.m2e.core.internal.Bundles - 	Entry: C:\Users\Shree\.p2\pool\plugins\org.eclipse.m2e.maven.runtime_3.9.400.20230826-0755\jars\maven-compat-3.9.4.jar
2024-03-25 11:12:01,070 [Worker-5: Launching mavenrun-451bd071-cb73-4852-a5fa-de20036d982d] INFO  o.eclipse.m2e.core.internal.Bundles - 	Entry: C:\Users\Shree\.p2\pool\plugins\org.eclipse.m2e.maven.runtime_3.9.400.20230826-0755\jars\maven-core-3.9.4.jar
2024-03-25 11:12:01,071 [Worker-5: Launching mavenrun-451bd071-cb73-4852-a5fa-de20036d982d] INFO  o.eclipse.m2e.core.internal.Bundles - 	Entry: C:\Users\Shree\.p2\pool\plugins\org.eclipse.m2e.maven.runtime_3.9.400.20230826-0755\jars\maven-embedder-3.9.4.jar
2024-03-25 11:12:01,071 [Worker-5: Launching mavenrun-451bd071-cb73-4852-a5fa-de20036d982d] INFO  o.eclipse.m2e.core.internal.Bundles - 	Entry: C:\Users\Shree\.p2\pool\plugins\org.eclipse.m2e.maven.runtime_3.9.400.20230826-0755\jars\maven-model-3.9.4.jar
2024-03-25 11:12:01,071 [Worker-5: Launching mavenrun-451bd071-cb73-4852-a5fa-de20036d982d] INFO  o.eclipse.m2e.core.internal.Bundles - 	Entry: C:\Users\Shree\.p2\pool\plugins\org.eclipse.m2e.maven.runtime_3.9.400.20230826-0755\jars\maven-model-builder-3.9.4.jar
2024-03-25 11:12:01,071 [Worker-5: Launching mavenrun-451bd071-cb73-4852-a5fa-de20036d982d] INFO  o.eclipse.m2e.core.internal.Bundles - 	Entry: C:\Users\Shree\.p2\pool\plugins\org.eclipse.m2e.maven.runtime_3.9.400.20230826-0755\jars\maven-plugin-api-3.9.4.jar
2024-03-25 11:12:01,071 [Worker-5: Launching mavenrun-451bd071-cb73-4852-a5fa-de20036d982d] INFO  o.eclipse.m2e.core.internal.Bundles - 	Entry: C:\Users\Shree\.p2\pool\plugins\org.eclipse.m2e.maven.runtime_3.9.400.20230826-0755\jars\maven-repository-metadata-3.9.4.jar
2024-03-25 11:12:01,072 [Worker-5: Launching mavenrun-451bd071-cb73-4852-a5fa-de20036d982d] INFO  o.eclipse.m2e.core.internal.Bundles - 	Entry: C:\Users\Shree\.p2\pool\plugins\org.eclipse.m2e.maven.runtime_3.9.400.20230826-0755\jars\maven-resolver-api-1.9.14.jar
2024-03-25 11:12:01,072 [Worker-5: Launching mavenrun-451bd071-cb73-4852-a5fa-de20036d982d] INFO  o.eclipse.m2e.core.internal.Bundles - 	Entry: C:\Users\Shree\.p2\pool\plugins\org.eclipse.m2e.maven.runtime_3.9.400.20230826-0755\jars\maven-resolver-connector-basic-1.9.14.jar
2024-03-25 11:12:01,072 [Worker-5: Launching mavenrun-451bd071-cb73-4852-a5fa-de20036d982d] INFO  o.eclipse.m2e.core.internal.Bundles - 	Entry: C:\Users\Shree\.p2\pool\plugins\org.eclipse.m2e.maven.runtime_3.9.400.20230826-0755\jars\maven-resolver-impl-1.9.14.jar
2024-03-25 11:12:01,072 [Worker-5: Launching mavenrun-451bd071-cb73-4852-a5fa-de20036d982d] INFO  o.eclipse.m2e.core.internal.Bundles - 	Entry: C:\Users\Shree\.p2\pool\plugins\org.eclipse.m2e.maven.runtime_3.9.400.20230826-0755\jars\maven-resolver-named-locks-1.9.14.jar
2024-03-25 11:12:01,072 [Worker-5: Launching mavenrun-451bd071-cb73-4852-a5fa-de20036d982d] INFO  o.eclipse.m2e.core.internal.Bundles - 	Entry: C:\Users\Shree\.p2\pool\plugins\org.eclipse.m2e.maven.runtime_3.9.400.20230826-0755\jars\maven-resolver-provider-3.9.4.jar
2024-03-25 11:12:01,073 [Worker-5: Launching mavenrun-451bd071-cb73-4852-a5fa-de20036d982d] INFO  o.eclipse.m2e.core.internal.Bundles - 	Entry: C:\Users\Shree\.p2\pool\plugins\org.eclipse.m2e.maven.runtime_3.9.400.20230826-0755\jars\maven-resolver-spi-1.9.14.jar
2024-03-25 11:12:01,073 [Worker-5: Launching mavenrun-451bd071-cb73-4852-a5fa-de20036d982d] INFO  o.eclipse.m2e.core.internal.Bundles - 	Entry: C:\Users\Shree\.p2\pool\plugins\org.eclipse.m2e.maven.runtime_3.9.400.20230826-0755\jars\maven-resolver-transport-wagon-1.9.14.jar
2024-03-25 11:12:01,073 [Worker-5: Launching mavenrun-451bd071-cb73-4852-a5fa-de20036d982d] INFO  o.eclipse.m2e.core.internal.Bundles - 	Entry: C:\Users\Shree\.p2\pool\plugins\org.eclipse.m2e.maven.runtime_3.9.400.20230826-0755\jars\maven-resolver-util-1.9.14.jar
2024-03-25 11:12:01,074 [Worker-5: Launching mavenrun-451bd071-cb73-4852-a5fa-de20036d982d] INFO  o.eclipse.m2e.core.internal.Bundles - 	Entry: C:\Users\Shree\.p2\pool\plugins\org.eclipse.m2e.maven.runtime_3.9.400.20230826-0755\jars\maven-settings-3.9.4.jar
2024-03-25 11:12:01,074 [Worker-5: Launching mavenrun-451bd071-cb73-4852-a5fa-de20036d982d] INFO  o.eclipse.m2e.core.internal.Bundles - 	Entry: C:\Users\Shree\.p2\pool\plugins\org.eclipse.m2e.maven.runtime_3.9.400.20230826-0755\jars\maven-settings-builder-3.9.4.jar
2024-03-25 11:12:01,074 [Worker-5: Launching mavenrun-451bd071-cb73-4852-a5fa-de20036d982d] INFO  o.eclipse.m2e.core.internal.Bundles - 	Entry: C:\Users\Shree\.p2\pool\plugins\org.eclipse.m2e.maven.runtime_3.9.400.20230826-0755\jars\maven-shared-utils-3.3.4.jar
2024-03-25 11:12:01,075 [Worker-5: Launching mavenrun-451bd071-cb73-4852-a5fa-de20036d982d] INFO  o.eclipse.m2e.core.internal.Bundles - 	Entry: C:\Users\Shree\.p2\pool\plugins\org.eclipse.m2e.maven.runtime_3.9.400.20230826-0755\jars\okhttp-3.14.1.jar
2024-03-25 11:12:01,075 [Worker-5: Launching mavenrun-451bd071-cb73-4852-a5fa-de20036d982d] INFO  o.eclipse.m2e.core.internal.Bundles - 	Entry: C:\Users\Shree\.p2\pool\plugins\org.eclipse.m2e.maven.runtime_3.9.400.20230826-0755\jars\okio-1.17.3.jar
2024-03-25 11:12:01,075 [Worker-5: Launching mavenrun-451bd071-cb73-4852-a5fa-de20036d982d] INFO  o.eclipse.m2e.core.internal.Bundles - 	Entry: C:\Users\Shree\.p2\pool\plugins\org.eclipse.m2e.maven.runtime_3.9.400.20230826-0755\jars\org.eclipse.sisu.inject-0.3.5.jar
2024-03-25 11:12:01,075 [Worker-5: Launching mavenrun-451bd071-cb73-4852-a5fa-de20036d982d] INFO  o.eclipse.m2e.core.internal.Bundles - 	Entry: C:\Users\Shree\.p2\pool\plugins\org.eclipse.m2e.maven.runtime_3.9.400.20230826-0755\jars\org.eclipse.sisu.plexus-0.3.5.jar
2024-03-25 11:12:01,076 [Worker-5: Launching mavenrun-451bd071-cb73-4852-a5fa-de20036d982d] INFO  o.eclipse.m2e.core.internal.Bundles - 	Entry: C:\Users\Shree\.p2\pool\plugins\org.eclipse.m2e.maven.runtime_3.9.400.20230826-0755\jars\plexus-build-api-0.0.7.jar
2024-03-25 11:12:01,076 [Worker-5: Launching mavenrun-451bd071-cb73-4852-a5fa-de20036d982d] INFO  o.eclipse.m2e.core.internal.Bundles - 	Entry: C:\Users\Shree\.p2\pool\plugins\org.eclipse.m2e.maven.runtime_3.9.400.20230826-0755\jars\plexus-cipher-2.0.jar
2024-03-25 11:12:01,076 [Worker-5: Launching mavenrun-451bd071-cb73-4852-a5fa-de20036d982d] INFO  o.eclipse.m2e.core.internal.Bundles - 	Entry: C:\Users\Shree\.p2\pool\plugins\org.eclipse.m2e.maven.runtime_3.9.400.20230826-0755\jars\plexus-classworlds-2.7.0.jar
2024-03-25 11:12:01,077 [Worker-5: Launching mavenrun-451bd071-cb73-4852-a5fa-de20036d982d] INFO  o.eclipse.m2e.core.internal.Bundles - 	Entry: C:\Users\Shree\.p2\pool\plugins\org.eclipse.m2e.maven.runtime_3.9.400.20230826-0755\jars\plexus-component-annotations-2.1.0.jar
2024-03-25 11:12:01,077 [Worker-5: Launching mavenrun-451bd071-cb73-4852-a5fa-de20036d982d] INFO  o.eclipse.m2e.core.internal.Bundles - 	Entry: C:\Users\Shree\.p2\pool\plugins\org.eclipse.m2e.maven.runtime_3.9.400.20230826-0755\jars\plexus-interpolation-1.26.jar
2024-03-25 11:12:01,078 [Worker-5: Launching mavenrun-451bd071-cb73-4852-a5fa-de20036d982d] INFO  o.eclipse.m2e.core.internal.Bundles - 	Entry: C:\Users\Shree\.p2\pool\plugins\org.eclipse.m2e.maven.runtime_3.9.400.20230826-0755\jars\plexus-sec-dispatcher-2.0.jar
2024-03-25 11:12:01,078 [Worker-5: Launching mavenrun-451bd071-cb73-4852-a5fa-de20036d982d] INFO  o.eclipse.m2e.core.internal.Bundles - 	Entry: C:\Users\Shree\.p2\pool\plugins\org.eclipse.m2e.maven.runtime_3.9.400.20230826-0755\jars\plexus-utils-3.5.1.jar
2024-03-25 11:12:01,078 [Worker-5: Launching mavenrun-451bd071-cb73-4852-a5fa-de20036d982d] INFO  o.eclipse.m2e.core.internal.Bundles - 	Entry: C:\Users\Shree\.p2\pool\plugins\org.eclipse.m2e.maven.runtime_3.9.400.20230826-0755\jars\wagon-file-3.5.3.jar
2024-03-25 11:12:01,079 [Worker-5: Launching mavenrun-451bd071-cb73-4852-a5fa-de20036d982d] INFO  o.eclipse.m2e.core.internal.Bundles - 	Entry: C:\Users\Shree\.p2\pool\plugins\org.eclipse.m2e.maven.runtime_3.9.400.20230826-0755\jars\wagon-provider-api-3.5.3.jar
2024-03-25 11:12:01,084 [Worker-5: Launching mavenrun-451bd071-cb73-4852-a5fa-de20036d982d] INFO  o.eclipse.m2e.core.internal.Bundles - getClasspathEntries(Bundle=com.google.guava_32.1.2.jre [10])
2024-03-25 11:12:01,085 [Worker-5: Launching mavenrun-451bd071-cb73-4852-a5fa-de20036d982d] INFO  o.eclipse.m2e.core.internal.Bundles - 	Entry: C:\Users\Shree\.p2\pool\plugins\com.google.guava_32.1.2.jre.jar
2024-03-25 11:12:01,085 [Worker-5: Launching mavenrun-451bd071-cb73-4852-a5fa-de20036d982d] INFO  o.eclipse.m2e.core.internal.Bundles - getClasspathEntries(Bundle=slf4j.api_2.0.7 [516])
2024-03-25 11:12:01,086 [Worker-5: Launching mavenrun-451bd071-cb73-4852-a5fa-de20036d982d] INFO  o.eclipse.m2e.core.internal.Bundles - 	Entry: C:\Users\Shree\.p2\pool\plugins\slf4j.api_2.0.7.jar
2024-03-25 11:12:01,086 [Worker-5: Launching mavenrun-451bd071-cb73-4852-a5fa-de20036d982d] INFO  o.eclipse.m2e.core.internal.Bundles - getClasspathEntries(Bundle=javax.inject_1.0.0.v20220405-0441 [26])
2024-03-25 11:12:01,086 [Worker-5: Launching mavenrun-451bd071-cb73-4852-a5fa-de20036d982d] INFO  o.eclipse.m2e.core.internal.Bundles - 	Entry: C:\Users\Shree\.p2\pool\plugins\javax.inject_1.0.0.v20220405-0441.jar
2024-03-25 11:12:01,086 [Worker-5: Launching mavenrun-451bd071-cb73-4852-a5fa-de20036d982d] INFO  o.eclipse.m2e.core.internal.Bundles - getClasspathEntries(Bundle=javax.annotation_1.3.5.v20200909-1856 [24])
2024-03-25 11:12:01,087 [Worker-5: Launching mavenrun-451bd071-cb73-4852-a5fa-de20036d982d] INFO  o.eclipse.m2e.core.internal.Bundles - 	Entry: C:\Users\Shree\.p2\pool\plugins\javax.annotation_1.3.5.v20200909-1856.jar
2024-03-25 11:12:01,087 [Worker-5: Launching mavenrun-451bd071-cb73-4852-a5fa-de20036d982d] INFO  o.eclipse.m2e.core.internal.Bundles - getClasspathEntries(Bundle=org.apache.commons.cli_1.5.0 [49])
2024-03-25 11:12:01,088 [Worker-5: Launching mavenrun-451bd071-cb73-4852-a5fa-de20036d982d] INFO  o.eclipse.m2e.core.internal.Bundles - 	Entry: C:\Users\Shree\.p2\pool\plugins\org.apache.commons.cli_1.5.0.jar
2024-03-25 11:12:01,088 [Worker-5: Launching mavenrun-451bd071-cb73-4852-a5fa-de20036d982d] INFO  o.eclipse.m2e.core.internal.Bundles - getClasspathEntries(Bundle=com.google.guava.failureaccess_1.0.1 [12])
2024-03-25 11:12:01,088 [Worker-5: Launching mavenrun-451bd071-cb73-4852-a5fa-de20036d982d] INFO  o.eclipse.m2e.core.internal.Bundles - 	Entry: C:\Users\Shree\.p2\pool\plugins\com.google.guava.failureaccess_1.0.1.jar
2024-03-25 11:12:01,094 [Worker-5: Launching mavenrun-451bd071-cb73-4852-a5fa-de20036d982d] INFO  o.e.m.i.launch.MavenLaunchDelegate - Run build in "C:\Users\Shree\AppData\Local\Temp\m2e-archetypeGenerator12370682555260008249":
2024-03-25 11:12:01,099 [Worker-5: Launching mavenrun-451bd071-cb73-4852-a5fa-de20036d982d] INFO  o.e.m.i.launch.MavenLaunchDelegate -  mvn  -DarchetypeGroupId=org.apache.maven.archetypes -DarchetypeArtifactId=maven-archetype-quickstart -DarchetypeVersion=1.1 -DgroupId=demo-project -DartifactId=demo -Dversion=0.0.1-SNAPSHOT -Dpackage=demo_project.demo -DoutputDirectory="C:\Teck Giri\Java Fullstack Developer\java" -Dstyle.color=always -U archetype:generate
2024-03-25 11:14:00,118 [Worker-8: Launching mavenrun-2e179caf-ab1d-41dd-8f86-7f9a0aca0629] INFO  o.eclipse.m2e.core.internal.Bundles - getClasspathEntries(Bundle=org.eclipse.m2e.maven.runtime_3.9.400.20230826-0755 [295])
2024-03-25 11:14:00,120 [Worker-8: Launching mavenrun-2e179caf-ab1d-41dd-8f86-7f9a0aca0629] INFO  o.eclipse.m2e.core.internal.Bundles - 	Entry: C:\Users\Shree\.p2\pool\plugins\org.eclipse.m2e.maven.runtime_3.9.400.20230826-0755
2024-03-25 11:14:00,121 [Worker-8: Launching mavenrun-2e179caf-ab1d-41dd-8f86-7f9a0aca0629] INFO  o.eclipse.m2e.core.internal.Bundles - 	Entry: C:\Users\Shree\.p2\pool\plugins\org.eclipse.m2e.maven.runtime_3.9.400.20230826-0755\jars\aether-connector-okhttp-0.17.8.jar
2024-03-25 11:14:00,123 [Worker-8: Launching mavenrun-2e179caf-ab1d-41dd-8f86-7f9a0aca0629] INFO  o.eclipse.m2e.core.internal.Bundles - 	Entry: C:\Users\Shree\.p2\pool\plugins\org.eclipse.m2e.maven.runtime_3.9.400.20230826-0755\jars\aopalliance-1.0.jar
2024-03-25 11:14:00,123 [Worker-8: Launching mavenrun-2e179caf-ab1d-41dd-8f86-7f9a0aca0629] INFO  o.eclipse.m2e.core.internal.Bundles - 	Entry: C:\Users\Shree\.p2\pool\plugins\org.eclipse.m2e.maven.runtime_3.9.400.20230826-0755\jars\commons-lang3-3.12.0.jar
2024-03-25 11:14:00,123 [Worker-8: Launching mavenrun-2e179caf-ab1d-41dd-8f86-7f9a0aca0629] INFO  o.eclipse.m2e.core.internal.Bundles - 	Entry: C:\Users\Shree\.p2\pool\plugins\org.eclipse.m2e.maven.runtime_3.9.400.20230826-0755\jars\guice-5.1.0.jar
2024-03-25 11:14:00,123 [Worker-8: Launching mavenrun-2e179caf-ab1d-41dd-8f86-7f9a0aca0629] INFO  o.eclipse.m2e.core.internal.Bundles - 	Entry: C:\Users\Shree\.p2\pool\plugins\org.eclipse.m2e.maven.runtime_3.9.400.20230826-0755\jars\jansi-2.4.0.jar
2024-03-25 11:14:00,124 [Worker-8: Launching mavenrun-2e179caf-ab1d-41dd-8f86-7f9a0aca0629] INFO  o.eclipse.m2e.core.internal.Bundles - 	Entry: C:\Users\Shree\.p2\pool\plugins\org.eclipse.m2e.maven.runtime_3.9.400.20230826-0755\jars\maven-artifact-3.9.4.jar
2024-03-25 11:14:00,124 [Worker-8: Launching mavenrun-2e179caf-ab1d-41dd-8f86-7f9a0aca0629] INFO  o.eclipse.m2e.core.internal.Bundles - 	Entry: C:\Users\Shree\.p2\pool\plugins\org.eclipse.m2e.maven.runtime_3.9.400.20230826-0755\jars\maven-builder-support-3.9.4.jar
2024-03-25 11:14:00,125 [Worker-8: Launching mavenrun-2e179caf-ab1d-41dd-8f86-7f9a0aca0629] INFO  o.eclipse.m2e.core.internal.Bundles - 	Entry: C:\Users\Shree\.p2\pool\plugins\org.eclipse.m2e.maven.runtime_3.9.400.20230826-0755\jars\maven-compat-3.9.4.jar
2024-03-25 11:14:00,125 [Worker-8: Launching mavenrun-2e179caf-ab1d-41dd-8f86-7f9a0aca0629] INFO  o.eclipse.m2e.core.internal.Bundles - 	Entry: C:\Users\Shree\.p2\pool\plugins\org.eclipse.m2e.maven.runtime_3.9.400.20230826-0755\jars\maven-core-3.9.4.jar
2024-03-25 11:14:00,127 [Worker-8: Launching mavenrun-2e179caf-ab1d-41dd-8f86-7f9a0aca0629] INFO  o.eclipse.m2e.core.internal.Bundles - 	Entry: C:\Users\Shree\.p2\pool\plugins\org.eclipse.m2e.maven.runtime_3.9.400.20230826-0755\jars\maven-embedder-3.9.4.jar
2024-03-25 11:14:00,127 [Worker-8: Launching mavenrun-2e179caf-ab1d-41dd-8f86-7f9a0aca0629] INFO  o.eclipse.m2e.core.internal.Bundles - 	Entry: C:\Users\Shree\.p2\pool\plugins\org.eclipse.m2e.maven.runtime_3.9.400.20230826-0755\jars\maven-model-3.9.4.jar
2024-03-25 11:14:00,127 [Worker-8: Launching mavenrun-2e179caf-ab1d-41dd-8f86-7f9a0aca0629] INFO  o.eclipse.m2e.core.internal.Bundles - 	Entry: C:\Users\Shree\.p2\pool\plugins\org.eclipse.m2e.maven.runtime_3.9.400.20230826-0755\jars\maven-model-builder-3.9.4.jar
2024-03-25 11:14:00,127 [Worker-8: Launching mavenrun-2e179caf-ab1d-41dd-8f86-7f9a0aca0629] INFO  o.eclipse.m2e.core.internal.Bundles - 	Entry: C:\Users\Shree\.p2\pool\plugins\org.eclipse.m2e.maven.runtime_3.9.400.20230826-0755\jars\maven-plugin-api-3.9.4.jar
2024-03-25 11:14:00,127 [Worker-8: Launching mavenrun-2e179caf-ab1d-41dd-8f86-7f9a0aca0629] INFO  o.eclipse.m2e.core.internal.Bundles - 	Entry: C:\Users\Shree\.p2\pool\plugins\org.eclipse.m2e.maven.runtime_3.9.400.20230826-0755\jars\maven-repository-metadata-3.9.4.jar
2024-03-25 11:14:00,128 [Worker-8: Launching mavenrun-2e179caf-ab1d-41dd-8f86-7f9a0aca0629] INFO  o.eclipse.m2e.core.internal.Bundles - 	Entry: C:\Users\Shree\.p2\pool\plugins\org.eclipse.m2e.maven.runtime_3.9.400.20230826-0755\jars\maven-resolver-api-1.9.14.jar
2024-03-25 11:14:00,128 [Worker-8: Launching mavenrun-2e179caf-ab1d-41dd-8f86-7f9a0aca0629] INFO  o.eclipse.m2e.core.internal.Bundles - 	Entry: C:\Users\Shree\.p2\pool\plugins\org.eclipse.m2e.maven.runtime_3.9.400.20230826-0755\jars\maven-resolver-connector-basic-1.9.14.jar
2024-03-25 11:14:00,128 [Worker-8: Launching mavenrun-2e179caf-ab1d-41dd-8f86-7f9a0aca0629] INFO  o.eclipse.m2e.core.internal.Bundles - 	Entry: C:\Users\Shree\.p2\pool\plugins\org.eclipse.m2e.maven.runtime_3.9.400.20230826-0755\jars\maven-resolver-impl-1.9.14.jar
2024-03-25 11:14:00,129 [Worker-8: Launching mavenrun-2e179caf-ab1d-41dd-8f86-7f9a0aca0629] INFO  o.eclipse.m2e.core.internal.Bundles - 	Entry: C:\Users\Shree\.p2\pool\plugins\org.eclipse.m2e.maven.runtime_3.9.400.20230826-0755\jars\maven-resolver-named-locks-1.9.14.jar
2024-03-25 11:14:00,129 [Worker-8: Launching mavenrun-2e179caf-ab1d-41dd-8f86-7f9a0aca0629] INFO  o.eclipse.m2e.core.internal.Bundles - 	Entry: C:\Users\Shree\.p2\pool\plugins\org.eclipse.m2e.maven.runtime_3.9.400.20230826-0755\jars\maven-resolver-provider-3.9.4.jar
2024-03-25 11:14:00,129 [Worker-8: Launching mavenrun-2e179caf-ab1d-41dd-8f86-7f9a0aca0629] INFO  o.eclipse.m2e.core.internal.Bundles - 	Entry: C:\Users\Shree\.p2\pool\plugins\org.eclipse.m2e.maven.runtime_3.9.400.20230826-0755\jars\maven-resolver-spi-1.9.14.jar
2024-03-25 11:14:00,129 [Worker-8: Launching mavenrun-2e179caf-ab1d-41dd-8f86-7f9a0aca0629] INFO  o.eclipse.m2e.core.internal.Bundles - 	Entry: C:\Users\Shree\.p2\pool\plugins\org.eclipse.m2e.maven.runtime_3.9.400.20230826-0755\jars\maven-resolver-transport-wagon-1.9.14.jar
2024-03-25 11:14:00,130 [Worker-8: Launching mavenrun-2e179caf-ab1d-41dd-8f86-7f9a0aca0629] INFO  o.eclipse.m2e.core.internal.Bundles - 	Entry: C:\Users\Shree\.p2\pool\plugins\org.eclipse.m2e.maven.runtime_3.9.400.20230826-0755\jars\maven-resolver-util-1.9.14.jar
2024-03-25 11:14:00,130 [Worker-8: Launching mavenrun-2e179caf-ab1d-41dd-8f86-7f9a0aca0629] INFO  o.eclipse.m2e.core.internal.Bundles - 	Entry: C:\Users\Shree\.p2\pool\plugins\org.eclipse.m2e.maven.runtime_3.9.400.20230826-0755\jars\maven-settings-3.9.4.jar
2024-03-25 11:14:00,130 [Worker-8: Launching mavenrun-2e179caf-ab1d-41dd-8f86-7f9a0aca0629] INFO  o.eclipse.m2e.core.internal.Bundles - 	Entry: C:\Users\Shree\.p2\pool\plugins\org.eclipse.m2e.maven.runtime_3.9.400.20230826-0755\jars\maven-settings-builder-3.9.4.jar
2024-03-25 11:14:00,130 [Worker-8: Launching mavenrun-2e179caf-ab1d-41dd-8f86-7f9a0aca0629] INFO  o.eclipse.m2e.core.internal.Bundles - 	Entry: C:\Users\Shree\.p2\pool\plugins\org.eclipse.m2e.maven.runtime_3.9.400.20230826-0755\jars\maven-shared-utils-3.3.4.jar
2024-03-25 11:14:00,130 [Worker-8: Launching mavenrun-2e179caf-ab1d-41dd-8f86-7f9a0aca0629] INFO  o.eclipse.m2e.core.internal.Bundles - 	Entry: C:\Users\Shree\.p2\pool\plugins\org.eclipse.m2e.maven.runtime_3.9.400.20230826-0755\jars\okhttp-3.14.1.jar
2024-03-25 11:14:00,131 [Worker-8: Launching mavenrun-2e179caf-ab1d-41dd-8f86-7f9a0aca0629] INFO  o.eclipse.m2e.core.internal.Bundles - 	Entry: C:\Users\Shree\.p2\pool\plugins\org.eclipse.m2e.maven.runtime_3.9.400.20230826-0755\jars\okio-1.17.3.jar
2024-03-25 11:14:00,131 [Worker-8: Launching mavenrun-2e179caf-ab1d-41dd-8f86-7f9a0aca0629] INFO  o.eclipse.m2e.core.internal.Bundles - 	Entry: C:\Users\Shree\.p2\pool\plugins\org.eclipse.m2e.maven.runtime_3.9.400.20230826-0755\jars\org.eclipse.sisu.inject-0.3.5.jar
2024-03-25 11:14:00,131 [Worker-8: Launching mavenrun-2e179caf-ab1d-41dd-8f86-7f9a0aca0629] INFO  o.eclipse.m2e.core.internal.Bundles - 	Entry: C:\Users\Shree\.p2\pool\plugins\org.eclipse.m2e.maven.runtime_3.9.400.20230826-0755\jars\org.eclipse.sisu.plexus-0.3.5.jar
2024-03-25 11:14:00,131 [Worker-8: Launching mavenrun-2e179caf-ab1d-41dd-8f86-7f9a0aca0629] INFO  o.eclipse.m2e.core.internal.Bundles - 	Entry: C:\Users\Shree\.p2\pool\plugins\org.eclipse.m2e.maven.runtime_3.9.400.20230826-0755\jars\plexus-build-api-0.0.7.jar
2024-03-25 11:14:00,132 [Worker-8: Launching mavenrun-2e179caf-ab1d-41dd-8f86-7f9a0aca0629] INFO  o.eclipse.m2e.core.internal.Bundles - 	Entry: C:\Users\Shree\.p2\pool\plugins\org.eclipse.m2e.maven.runtime_3.9.400.20230826-0755\jars\plexus-cipher-2.0.jar
2024-03-25 11:14:00,132 [Worker-8: Launching mavenrun-2e179caf-ab1d-41dd-8f86-7f9a0aca0629] INFO  o.eclipse.m2e.core.internal.Bundles - 	Entry: C:\Users\Shree\.p2\pool\plugins\org.eclipse.m2e.maven.runtime_3.9.400.20230826-0755\jars\plexus-classworlds-2.7.0.jar
2024-03-25 11:14:00,133 [Worker-8: Launching mavenrun-2e179caf-ab1d-41dd-8f86-7f9a0aca0629] INFO  o.eclipse.m2e.core.internal.Bundles - 	Entry: C:\Users\Shree\.p2\pool\plugins\org.eclipse.m2e.maven.runtime_3.9.400.20230826-0755\jars\plexus-component-annotations-2.1.0.jar
2024-03-25 11:14:00,133 [Worker-8: Launching mavenrun-2e179caf-ab1d-41dd-8f86-7f9a0aca0629] INFO  o.eclipse.m2e.core.internal.Bundles - 	Entry: C:\Users\Shree\.p2\pool\plugins\org.eclipse.m2e.maven.runtime_3.9.400.20230826-0755\jars\plexus-interpolation-1.26.jar
2024-03-25 11:14:00,133 [Worker-8: Launching mavenrun-2e179caf-ab1d-41dd-8f86-7f9a0aca0629] INFO  o.eclipse.m2e.core.internal.Bundles - 	Entry: C:\Users\Shree\.p2\pool\plugins\org.eclipse.m2e.maven.runtime_3.9.400.20230826-0755\jars\plexus-sec-dispatcher-2.0.jar
2024-03-25 11:14:00,133 [Worker-8: Launching mavenrun-2e179caf-ab1d-41dd-8f86-7f9a0aca0629] INFO  o.eclipse.m2e.core.internal.Bundles - 	Entry: C:\Users\Shree\.p2\pool\plugins\org.eclipse.m2e.maven.runtime_3.9.400.20230826-0755\jars\plexus-utils-3.5.1.jar
2024-03-25 11:14:00,135 [Worker-8: Launching mavenrun-2e179caf-ab1d-41dd-8f86-7f9a0aca0629] INFO  o.eclipse.m2e.core.internal.Bundles - 	Entry: C:\Users\Shree\.p2\pool\plugins\org.eclipse.m2e.maven.runtime_3.9.400.20230826-0755\jars\wagon-file-3.5.3.jar
2024-03-25 11:14:00,135 [Worker-8: Launching mavenrun-2e179caf-ab1d-41dd-8f86-7f9a0aca0629] INFO  o.eclipse.m2e.core.internal.Bundles - 	Entry: C:\Users\Shree\.p2\pool\plugins\org.eclipse.m2e.maven.runtime_3.9.400.20230826-0755\jars\wagon-provider-api-3.5.3.jar
2024-03-25 11:14:00,136 [Worker-8: Launching mavenrun-2e179caf-ab1d-41dd-8f86-7f9a0aca0629] INFO  o.eclipse.m2e.core.internal.Bundles - getClasspathEntries(Bundle=com.google.guava_32.1.2.jre [10])
2024-03-25 11:14:00,137 [Worker-8: Launching mavenrun-2e179caf-ab1d-41dd-8f86-7f9a0aca0629] INFO  o.eclipse.m2e.core.internal.Bundles - 	Entry: C:\Users\Shree\.p2\pool\plugins\com.google.guava_32.1.2.jre.jar
2024-03-25 11:14:00,137 [Worker-8: Launching mavenrun-2e179caf-ab1d-41dd-8f86-7f9a0aca0629] INFO  o.eclipse.m2e.core.internal.Bundles - getClasspathEntries(Bundle=slf4j.api_2.0.7 [516])
2024-03-25 11:14:00,138 [Worker-8: Launching mavenrun-2e179caf-ab1d-41dd-8f86-7f9a0aca0629] INFO  o.eclipse.m2e.core.internal.Bundles - 	Entry: C:\Users\Shree\.p2\pool\plugins\slf4j.api_2.0.7.jar
2024-03-25 11:14:00,138 [Worker-8: Launching mavenrun-2e179caf-ab1d-41dd-8f86-7f9a0aca0629] INFO  o.eclipse.m2e.core.internal.Bundles - getClasspathEntries(Bundle=javax.inject_1.0.0.v20220405-0441 [26])
2024-03-25 11:14:00,139 [Worker-8: Launching mavenrun-2e179caf-ab1d-41dd-8f86-7f9a0aca0629] INFO  o.eclipse.m2e.core.internal.Bundles - 	Entry: C:\Users\Shree\.p2\pool\plugins\javax.inject_1.0.0.v20220405-0441.jar
2024-03-25 11:14:00,139 [Worker-8: Launching mavenrun-2e179caf-ab1d-41dd-8f86-7f9a0aca0629] INFO  o.eclipse.m2e.core.internal.Bundles - getClasspathEntries(Bundle=javax.annotation_1.3.5.v20200909-1856 [24])
2024-03-25 11:14:00,140 [Worker-8: Launching mavenrun-2e179caf-ab1d-41dd-8f86-7f9a0aca0629] INFO  o.eclipse.m2e.core.internal.Bundles - 	Entry: C:\Users\Shree\.p2\pool\plugins\javax.annotation_1.3.5.v20200909-1856.jar
2024-03-25 11:14:00,140 [Worker-8: Launching mavenrun-2e179caf-ab1d-41dd-8f86-7f9a0aca0629] INFO  o.eclipse.m2e.core.internal.Bundles - getClasspathEntries(Bundle=org.apache.commons.cli_1.5.0 [49])
2024-03-25 11:14:00,141 [Worker-8: Launching mavenrun-2e179caf-ab1d-41dd-8f86-7f9a0aca0629] INFO  o.eclipse.m2e.core.internal.Bundles - 	Entry: C:\Users\Shree\.p2\pool\plugins\org.apache.commons.cli_1.5.0.jar
2024-03-25 11:14:00,142 [Worker-8: Launching mavenrun-2e179caf-ab1d-41dd-8f86-7f9a0aca0629] INFO  o.eclipse.m2e.core.internal.Bundles - getClasspathEntries(Bundle=com.google.guava.failureaccess_1.0.1 [12])
2024-03-25 11:14:00,142 [Worker-8: Launching mavenrun-2e179caf-ab1d-41dd-8f86-7f9a0aca0629] INFO  o.eclipse.m2e.core.internal.Bundles - 	Entry: C:\Users\Shree\.p2\pool\plugins\com.google.guava.failureaccess_1.0.1.jar
2024-03-25 11:14:00,146 [Worker-8: Launching mavenrun-2e179caf-ab1d-41dd-8f86-7f9a0aca0629] INFO  o.e.m.i.launch.MavenLaunchDelegate - Run build in "C:\Users\Shree\AppData\Local\Temp\m2e-archetypeGenerator10420659974411232786":
2024-03-25 11:14:00,147 [Worker-8: Launching mavenrun-2e179caf-ab1d-41dd-8f86-7f9a0aca0629] INFO  o.e.m.i.launch.MavenLaunchDelegate -  mvn  -DarchetypeGroupId=org.apache.maven.archetypes -DarchetypeArtifactId=maven-archetype-quickstart -DarchetypeVersion=1.1 -DgroupId=demo-project -DartifactId=demptest -Dversion=0.0.1-SNAPSHOT -Dpackage=demo_project.demptest -DoutputDirectory="C:\Teck Giri\Java Fullstack Developer\java" -Dstyle.color=always -U archetype:generate
2024-03-25 11:22:17,508 [Worker-2: Loading available Gradle versions] INFO  o.e.b.c.i.u.g.PublishedGradleVersions - Gradle version information cache is up-to-date. Trying to read.
2024-03-26 19:51:35,913 [Worker-12: Loading available Gradle versions] INFO  o.e.b.c.i.u.g.PublishedGradleVersions - Gradle version information cache is out-of-date. Trying to update.
2024-03-27 02:05:45,683 [Worker-16: Loading available Gradle versions] INFO  o.e.b.c.i.u.g.PublishedGradleVersions - Gradle version information cache is up-to-date. Trying to read.
2024-03-27 08:24:09,821 [Worker-4: Loading available Gradle versions] INFO  o.e.b.c.i.u.g.PublishedGradleVersions - Gradle version information cache is up-to-date. Trying to read.
2024-03-27 15:44:16,136 [Worker-2: Loading available Gradle versions] INFO  o.e.b.c.i.u.g.PublishedGradleVersions - Gradle version information cache is up-to-date. Trying to read.
2024-03-30 11:36:30,145 [Worker-1: Loading available Gradle versions] INFO  o.e.b.c.i.u.g.PublishedGradleVersions - Gradle version information cache is out-of-date. Trying to update.
2024-03-30 12:51:17,143 [Worker-18: Loading available Gradle versions] INFO  o.e.b.c.i.u.g.PublishedGradleVersions - Gradle version information cache is up-to-date. Trying to read.
2024-04-01 15:33:17,514 [Worker-8: Loading available Gradle versions] INFO  o.e.b.c.i.u.g.PublishedGradleVersions - Gradle version information cache is out-of-date. Trying to update.
2024-04-02 19:47:48,506 [Worker-9: Loading available Gradle versions] INFO  o.e.b.c.i.u.g.PublishedGradleVersions - Gradle version information cache is up-to-date. Trying to read.
2024-04-05 21:39:22,763 [Worker-6: Loading available Gradle versions] INFO  o.e.b.c.i.u.g.PublishedGradleVersions - Gradle version information cache is out-of-date. Trying to update.
2024-04-08 16:23:04,599 [Worker-4: Loading available Gradle versions] INFO  o.e.b.c.i.u.g.PublishedGradleVersions - Gradle version information cache is out-of-date. Trying to update.
2024-04-08 16:23:05,283 [Worker-4: Loading available Gradle versions] INFO  o.e.b.c.i.u.g.PublishedGradleVersions - Updating Gradle version information cache failed. Using outdated cache.
2024-04-08 18:30:48,639 [Worker-0: Loading available Gradle versions] INFO  o.e.b.c.i.u.g.PublishedGradleVersions - Gradle version information cache is out-of-date. Trying to update.
2024-04-08 20:14:59,619 [Worker-8: Loading available Gradle versions] INFO  o.e.b.c.i.u.g.PublishedGradleVersions - Gradle version information cache is up-to-date. Trying to read.
2024-04-09 16:17:12,969 [Worker-5: Loading available Gradle versions] INFO  o.e.b.c.i.u.g.PublishedGradleVersions - Gradle version information cache is up-to-date. Trying to read.
2024-04-09 16:33:54,294 [Worker-1: Loading available Gradle versions] INFO  o.e.b.c.i.u.g.PublishedGradleVersions - Gradle version information cache is up-to-date. Trying to read.
2024-04-11 10:48:07,226 [Worker-4: Loading available Gradle versions] INFO  o.e.b.c.i.u.g.PublishedGradleVersions - Gradle version information cache is out-of-date. Trying to update.
2024-04-11 14:19:58,571 [Worker-7: Loading available Gradle versions] INFO  o.e.b.c.i.u.g.PublishedGradleVersions - Gradle version information cache is up-to-date. Trying to read.
2024-04-12 14:56:57,569 [Worker-2: Loading available Gradle versions] INFO  o.e.b.c.i.u.g.PublishedGradleVersions - Gradle version information cache is out-of-date. Trying to update.
2024-04-12 14:56:58,204 [Worker-2: Loading available Gradle versions] INFO  o.e.b.c.i.u.g.PublishedGradleVersions - Updating Gradle version information cache failed. Using outdated cache.
2024-04-16 12:20:27,742 [Worker-4: Loading available Gradle versions] INFO  o.e.b.c.i.u.g.PublishedGradleVersions - Gradle version information cache is out-of-date. Trying to update.
2024-04-16 12:20:28,437 [Worker-4: Loading available Gradle versions] INFO  o.e.b.c.i.u.g.PublishedGradleVersions - Updating Gradle version information cache failed. Using outdated cache.
2024-04-16 14:56:17,005 [Worker-7: Loading available Gradle versions] INFO  o.e.b.c.i.u.g.PublishedGradleVersions - Gradle version information cache is out-of-date. Trying to update.
2024-04-29 22:37:32,360 [Worker-7: Loading available Gradle versions] INFO  o.e.b.c.i.u.g.PublishedGradleVersions - Gradle version information cache is out-of-date. Trying to update.
2024-04-29 22:37:33,024 [Worker-7: Loading available Gradle versions] INFO  o.e.b.c.i.u.g.PublishedGradleVersions - Updating Gradle version information cache failed. Using outdated cache.
2024-04-30 14:57:32,214 [Worker-6: Loading available Gradle versions] INFO  o.e.b.c.i.u.g.PublishedGradleVersions - Gradle version information cache is out-of-date. Trying to update.
2024-05-01 12:37:19,250 [Worker-6: Loading available Gradle versions] INFO  o.e.b.c.i.u.g.PublishedGradleVersions - Gradle version information cache is up-to-date. Trying to read.
2024-05-01 21:15:37,649 [Worker-6: Loading available Gradle versions] INFO  o.e.b.c.i.u.g.PublishedGradleVersions - Gradle version information cache is out-of-date. Trying to update.
2024-05-02 00:51:15,476 [Worker-6: Loading available Gradle versions] INFO  o.e.b.c.i.u.g.PublishedGradleVersions - Gradle version information cache is up-to-date. Trying to read.
2024-05-02 16:50:22,565 [Worker-6: Loading available Gradle versions] INFO  o.e.b.c.i.u.g.PublishedGradleVersions - Gradle version information cache is up-to-date. Trying to read.
2024-05-02 18:15:07,382 [Worker-6: Loading available Gradle versions] INFO  o.e.b.c.i.u.g.PublishedGradleVersions - Gradle version information cache is up-to-date. Trying to read.
2024-05-02 20:55:15,373 [Worker-1: Loading available Gradle versions] INFO  o.e.b.c.i.u.g.PublishedGradleVersions - Gradle version information cache is up-to-date. Trying to read.
2024-05-03 18:08:51,734 [Worker-1: Loading available Gradle versions] INFO  o.e.b.c.i.u.g.PublishedGradleVersions - Gradle version information cache is out-of-date. Trying to update.
2024-05-03 18:08:52,541 [Worker-1: Loading available Gradle versions] INFO  o.e.b.c.i.u.g.PublishedGradleVersions - Updating Gradle version information cache failed. Using outdated cache.
2024-05-03 19:28:11,374 [Worker-1: Loading available Gradle versions] INFO  o.e.b.c.i.u.g.PublishedGradleVersions - Gradle version information cache is out-of-date. Trying to update.
2024-05-03 19:28:22,622 [Worker-1: Loading available Gradle versions] INFO  o.e.b.c.i.u.g.PublishedGradleVersions - Updating Gradle version information cache failed. Using outdated cache.
2024-05-03 21:28:52,117 [Worker-6: Loading available Gradle versions] INFO  o.e.b.c.i.u.g.PublishedGradleVersions - Gradle version information cache is out-of-date. Trying to update.
2024-05-04 13:17:20,203 [Worker-2: Loading available Gradle versions] INFO  o.e.b.c.i.u.g.PublishedGradleVersions - Gradle version information cache is up-to-date. Trying to read.
2024-05-04 16:39:31,037 [Worker-2: Loading available Gradle versions] INFO  o.e.b.c.i.u.g.PublishedGradleVersions - Gradle version information cache is up-to-date. Trying to read.
2024-05-06 14:41:44,738 [Worker-7: Loading available Gradle versions] INFO  o.e.b.c.i.u.g.PublishedGradleVersions - Gradle version information cache is up-to-date. Trying to read.
2024-05-06 19:01:44,591 [Worker-2: Loading available Gradle versions] INFO  o.e.b.c.i.u.g.PublishedGradleVersions - Gradle version information cache is up-to-date. Trying to read.
2024-05-07 14:17:48,457 [Worker-4: Loading available Gradle versions] INFO  o.e.b.c.i.u.g.PublishedGradleVersions - Gradle version information cache is out-of-date. Trying to update.
2024-05-07 14:17:59,255 [Worker-4: Loading available Gradle versions] INFO  o.e.b.c.i.u.g.PublishedGradleVersions - Updating Gradle version information cache failed. Using outdated cache.
2024-05-07 17:10:49,305 [Worker-2: Loading available Gradle versions] INFO  o.e.b.c.i.u.g.PublishedGradleVersions - Gradle version information cache is out-of-date. Trying to update.
2024-05-07 17:10:50,191 [Worker-2: Loading available Gradle versions] INFO  o.e.b.c.i.u.g.PublishedGradleVersions - Updating Gradle version information cache failed. Using outdated cache.
2024-05-08 12:07:47,814 [Worker-20: Loading available Gradle versions] INFO  o.e.b.c.i.u.g.PublishedGradleVersions - Gradle version information cache is out-of-date. Trying to update.
2024-05-08 12:07:48,112 [Worker-20: Loading available Gradle versions] INFO  o.e.b.c.i.u.g.PublishedGradleVersions - Updating Gradle version information cache failed. Using outdated cache.
2024-05-08 14:35:55,781 [Worker-7: Loading available Gradle versions] INFO  o.e.b.c.i.u.g.PublishedGradleVersions - Gradle version information cache is out-of-date. Trying to update.
2024-05-08 14:35:56,480 [Worker-7: Loading available Gradle versions] INFO  o.e.b.c.i.u.g.PublishedGradleVersions - Updating Gradle version information cache failed. Using outdated cache.
2024-05-09 08:34:03,445 [Worker-4: Loading available Gradle versions] INFO  o.e.b.c.i.u.g.PublishedGradleVersions - Gradle version information cache is out-of-date. Trying to update.
2024-05-09 08:34:04,183 [Worker-4: Loading available Gradle versions] INFO  o.e.b.c.i.u.g.PublishedGradleVersions - Updating Gradle version information cache failed. Using outdated cache.
2024-05-09 12:32:04,625 [Worker-4: Loading available Gradle versions] INFO  o.e.b.c.i.u.g.PublishedGradleVersions - Gradle version information cache is out-of-date. Trying to update.
2024-05-09 14:01:18,937 [Worker-2: Loading available Gradle versions] INFO  o.e.b.c.i.u.g.PublishedGradleVersions - Gradle version information cache is up-to-date. Trying to read.
2024-05-09 14:08:15,747 [Worker-6: Loading available Gradle versions] INFO  o.e.b.c.i.u.g.PublishedGradleVersions - Gradle version information cache is up-to-date. Trying to read.
2024-05-11 06:55:43,188 [Worker-4: Loading available Gradle versions] INFO  o.e.b.c.i.u.g.PublishedGradleVersions - Gradle version information cache is out-of-date. Trying to update.
2024-05-11 06:55:43,840 [Worker-4: Loading available Gradle versions] INFO  o.e.b.c.i.u.g.PublishedGradleVersions - Updating Gradle version information cache failed. Using outdated cache.
2024-05-11 08:49:12,870 [Worker-48: Importing Maven projects] INFO  o.e.m.c.i.l.LifecycleMappingFactory - Using org.eclipse.m2e.jdt.JarLifecycleMapping lifecycle mapping for MavenProject: HotelRecummendationSystemServlet:HotelRecummendationSystemServlet:0.0.1-SNAPSHOT @ C:\Teck Giri\Java Fullstack Developer\JavaProject\HotelRecummendationSystemServlet\pom.xml.
2024-05-11 08:49:13,048 [Worker-48: Importing Maven projects] WARN  o.e.m.c.i.embedder.EclipseLogger - The artifact mysql:mysql-connector-java:jar:8.0.33 has been relocated to com.mysql:mysql-connector-j:jar:8.0.33: MySQL Connector/J artifacts moved to reverse-DNS compliant Maven 2+ coordinates.
2024-05-11 08:49:14,200 [Worker-48: Importing Maven projects] INFO  o.e.m.j.i.AbstractJavaProjectConfigurator - Adding source folder /HotelRecummendationSystemServlet/src/main/java
2024-05-11 08:49:14,201 [Worker-48: Importing Maven projects] INFO  o.e.m.j.i.AbstractJavaProjectConfigurator - Adding resource folder /HotelRecummendationSystemServlet/src/main/resources
2024-05-11 08:49:14,202 [Worker-48: Importing Maven projects] INFO  o.e.m.j.i.AbstractJavaProjectConfigurator - Adding source folder /HotelRecummendationSystemServlet/src/test/java
2024-05-11 08:49:14,203 [Worker-48: Importing Maven projects] INFO  o.e.m.j.i.AbstractJavaProjectConfigurator - Adding resource folder /HotelRecummendationSystemServlet/src/test/resources
2024-05-11 08:49:14,359 [Worker-51: Download sources and javadoc] INFO  o.e.m.c.i.e.AbstractTransferListenerAdapter - Downloaded https://repo.maven.apache.org/maven2/com/mysql/mysql-connector-j/8.0.33/mysql-connector-j-8.0.33-javadoc.jar
2024-05-11 08:49:14,370 [Worker-51: Download sources and javadoc] ERROR o.e.m.j.internal.DownloadSourcesJob - Could not download javadoc for com.mysql:mysql-connector-j:8.0.33
org.eclipse.core.runtime.CoreException: Could not resolve artifact com.mysql:mysql-connector-j:jar:javadoc:8.0.33
	at org.eclipse.m2e.core.internal.embedder.MavenImpl.lambda$6(MavenImpl.java:584)
	at org.eclipse.m2e.core.internal.embedder.MavenExecutionContext.executeBare(MavenExecutionContext.java:394)
	at org.eclipse.m2e.core.internal.embedder.MavenExecutionContext.execute(MavenExecutionContext.java:228)
	at org.eclipse.m2e.core.internal.embedder.MavenExecutionContext.execute(MavenExecutionContext.java:214)
	at org.eclipse.m2e.core.internal.embedder.MavenImpl.resolve(MavenImpl.java:553)
	at org.eclipse.m2e.core.internal.embedder.MavenImpl.resolve(MavenImpl.java:538)
	at org.eclipse.m2e.jdt.internal.DownloadSourcesJob.download(DownloadSourcesJob.java:308)
	at org.eclipse.m2e.jdt.internal.DownloadSourcesJob.downloadAttachments(DownloadSourcesJob.java:294)
	at org.eclipse.m2e.jdt.internal.DownloadSourcesJob.downloadMaven(DownloadSourcesJob.java:252)
	at org.eclipse.m2e.jdt.internal.DownloadSourcesJob.downloadFilesAndPopulateToUpdate(DownloadSourcesJob.java:220)
	at org.eclipse.m2e.jdt.internal.DownloadSourcesJob.lambda$0(DownloadSourcesJob.java:149)
	at org.eclipse.m2e.core.internal.embedder.MavenExecutionContext.executeBare(MavenExecutionContext.java:394)
	at org.eclipse.m2e.core.internal.embedder.MavenExecutionContext.execute(MavenExecutionContext.java:275)
	at org.eclipse.m2e.core.internal.embedder.MavenExecutionContext.execute(MavenExecutionContext.java:214)
	at org.eclipse.m2e.core.embedder.IMaven.execute(IMaven.java:294)
	at org.eclipse.m2e.jdt.internal.DownloadSourcesJob.run(DownloadSourcesJob.java:149)
	at org.eclipse.core.internal.jobs.Worker.run(Worker.java:63)
2024-05-11 08:49:14,394 [Worker-51: Download sources and javadoc] INFO  o.e.m.c.i.e.AbstractTransferListenerAdapter - Downloaded https://repo.maven.apache.org/maven2/com/google/protobuf/protobuf-java/3.21.9/protobuf-java-3.21.9-sources.jar
2024-05-11 08:49:14,398 [Worker-51: Download sources and javadoc] ERROR o.e.m.j.internal.DownloadSourcesJob - Could not download sources for com.google.protobuf:protobuf-java:3.21.9
org.eclipse.core.runtime.CoreException: Could not resolve artifact com.google.protobuf:protobuf-java:jar:sources:3.21.9
	at org.eclipse.m2e.core.internal.embedder.MavenImpl.lambda$6(MavenImpl.java:584)
	at org.eclipse.m2e.core.internal.embedder.MavenExecutionContext.executeBare(MavenExecutionContext.java:394)
	at org.eclipse.m2e.core.internal.embedder.MavenExecutionContext.execute(MavenExecutionContext.java:228)
	at org.eclipse.m2e.core.internal.embedder.MavenExecutionContext.execute(MavenExecutionContext.java:214)
	at org.eclipse.m2e.core.internal.embedder.MavenImpl.resolve(MavenImpl.java:553)
	at org.eclipse.m2e.core.internal.embedder.MavenImpl.resolve(MavenImpl.java:538)
	at org.eclipse.m2e.jdt.internal.DownloadSourcesJob.download(DownloadSourcesJob.java:308)
	at org.eclipse.m2e.jdt.internal.DownloadSourcesJob.downloadAttachments(DownloadSourcesJob.java:282)
	at org.eclipse.m2e.jdt.internal.DownloadSourcesJob.downloadMaven(DownloadSourcesJob.java:252)
	at org.eclipse.m2e.jdt.internal.DownloadSourcesJob.downloadFilesAndPopulateToUpdate(DownloadSourcesJob.java:220)
	at org.eclipse.m2e.jdt.internal.DownloadSourcesJob.lambda$0(DownloadSourcesJob.java:149)
	at org.eclipse.m2e.core.internal.embedder.MavenExecutionContext.executeBare(MavenExecutionContext.java:394)
	at org.eclipse.m2e.core.internal.embedder.MavenExecutionContext.execute(MavenExecutionContext.java:275)
	at org.eclipse.m2e.core.internal.embedder.MavenExecutionContext.execute(MavenExecutionContext.java:214)
	at org.eclipse.m2e.core.embedder.IMaven.execute(IMaven.java:294)
	at org.eclipse.m2e.jdt.internal.DownloadSourcesJob.run(DownloadSourcesJob.java:149)
	at org.eclipse.core.internal.jobs.Worker.run(Worker.java:63)
2024-05-11 08:49:14,417 [Worker-51: Download sources and javadoc] INFO  o.e.m.c.i.e.AbstractTransferListenerAdapter - Downloaded https://repo.maven.apache.org/maven2/javax/servlet/javax.servlet-api/4.0.1/javax.servlet-api-4.0.1-sources.jar
2024-05-11 08:49:14,421 [Worker-48: Importing Maven projects] INFO  o.e.m.c.i.p.ProjectConfigurationManager - Imported and configured 1 project(s) in 7 sec
2024-05-11 08:49:14,422 [Worker-51: Download sources and javadoc] ERROR o.e.m.j.internal.DownloadSourcesJob - Could not download sources for javax.servlet:javax.servlet-api:4.0.1
org.eclipse.core.runtime.CoreException: Could not resolve artifact javax.servlet:javax.servlet-api:jar:sources:4.0.1
	at org.eclipse.m2e.core.internal.embedder.MavenImpl.lambda$6(MavenImpl.java:584)
	at org.eclipse.m2e.core.internal.embedder.MavenExecutionContext.executeBare(MavenExecutionContext.java:394)
	at org.eclipse.m2e.core.internal.embedder.MavenExecutionContext.execute(MavenExecutionContext.java:228)
	at org.eclipse.m2e.core.internal.embedder.MavenExecutionContext.execute(MavenExecutionContext.java:214)
	at org.eclipse.m2e.core.internal.embedder.MavenImpl.resolve(MavenImpl.java:553)
	at org.eclipse.m2e.core.internal.embedder.MavenImpl.resolve(MavenImpl.java:538)
	at org.eclipse.m2e.jdt.internal.DownloadSourcesJob.download(DownloadSourcesJob.java:308)
	at org.eclipse.m2e.jdt.internal.DownloadSourcesJob.downloadAttachments(DownloadSourcesJob.java:282)
	at org.eclipse.m2e.jdt.internal.DownloadSourcesJob.downloadMaven(DownloadSourcesJob.java:252)
	at org.eclipse.m2e.jdt.internal.DownloadSourcesJob.downloadFilesAndPopulateToUpdate(DownloadSourcesJob.java:220)
	at org.eclipse.m2e.jdt.internal.DownloadSourcesJob.lambda$0(DownloadSourcesJob.java:149)
	at org.eclipse.m2e.core.internal.embedder.MavenExecutionContext.executeBare(MavenExecutionContext.java:394)
	at org.eclipse.m2e.core.internal.embedder.MavenExecutionContext.execute(MavenExecutionContext.java:275)
	at org.eclipse.m2e.core.internal.embedder.MavenExecutionContext.execute(MavenExecutionContext.java:214)
	at org.eclipse.m2e.core.embedder.IMaven.execute(IMaven.java:294)
	at org.eclipse.m2e.jdt.internal.DownloadSourcesJob.run(DownloadSourcesJob.java:149)
	at org.eclipse.core.internal.jobs.Worker.run(Worker.java:63)
2024-05-11 08:49:15,209 [Worker-48: Building] WARN  o.a.m.s.f.DefaultMavenResourcesFiltering - Using platform encoding (Cp1252 actually) to copy filtered resources, i.e. build is platform dependent!
2024-05-11 08:49:15,227 [Worker-48: Building] INFO  o.a.m.s.f.DefaultMavenResourcesFiltering - Copying 0 resource from src\main\resources to target\classes
2024-05-11 08:49:15,234 [Worker-48: Building] WARN  o.a.m.s.f.DefaultMavenResourcesFiltering - Using platform encoding (Cp1252 actually) to copy filtered resources, i.e. build is platform dependent!
2024-05-11 08:49:15,236 [Worker-48: Building] INFO  o.a.m.s.f.DefaultMavenResourcesFiltering - Copying 0 resource from src\test\resources to target\test-classes
2024-05-11 09:51:35,009 [Worker-12: Loading available Gradle versions] INFO  o.e.b.c.i.u.g.PublishedGradleVersions - Gradle version information cache is out-of-date. Trying to update.
2024-05-11 09:51:35,046 [Worker-12: Loading available Gradle versions] INFO  o.e.b.c.i.u.g.PublishedGradleVersions - Updating Gradle version information cache failed. Using outdated cache.
2024-05-11 10:00:23,710 [Worker-20: Building] WARN  o.e.m.c.i.embedder.EclipseLogger - The artifact mysql:mysql-connector-java:jar:8.0.33 has been relocated to com.mysql:mysql-connector-j:jar:8.0.33: MySQL Connector/J artifacts moved to reverse-DNS compliant Maven 2+ coordinates.
2024-05-11 10:00:24,237 [Worker-20: Building] WARN  o.a.m.s.f.DefaultMavenResourcesFiltering - Using platform encoding (Cp1252 actually) to copy filtered resources, i.e. build is platform dependent!
2024-05-11 10:00:24,250 [Worker-20: Building] INFO  o.a.m.s.f.DefaultMavenResourcesFiltering - Copying 0 resource from src\main\resources to target\classes
2024-05-11 10:00:24,257 [Worker-20: Building] WARN  o.a.m.s.f.DefaultMavenResourcesFiltering - Using platform encoding (Cp1252 actually) to copy filtered resources, i.e. build is platform dependent!
2024-05-11 10:00:24,259 [Worker-20: Building] INFO  o.a.m.s.f.DefaultMavenResourcesFiltering - Copying 0 resource from src\test\resources to target\test-classes
2024-05-11 15:21:21,273 [Worker-9: Loading available Gradle versions] INFO  o.e.b.c.i.u.g.PublishedGradleVersions - Gradle version information cache is out-of-date. Trying to update.
2024-05-11 15:35:27,630 [Worker-5: Loading available Gradle versions] INFO  o.e.b.c.i.u.g.PublishedGradleVersions - Gradle version information cache is up-to-date. Trying to read.
2024-05-11 15:43:54,798 [Worker-2: Loading available Gradle versions] INFO  o.e.b.c.i.u.g.PublishedGradleVersions - Gradle version information cache is up-to-date. Trying to read.
2024-05-11 15:58:21,112 [Worker-28: Importing Maven projects] INFO  o.e.m.c.i.e.AbstractTransferListenerAdapter - Downloaded https://repo.maven.apache.org/maven2/org/springframework/boot/spring-boot-starter-parent/3.2.5/spring-boot-starter-parent-3.2.5.pom
2024-05-11 15:58:21,334 [Worker-28: Importing Maven projects] INFO  o.e.m.c.i.p.ProjectConfigurationManager - Imported and configured 1 project(s) in 0 sec
2024-05-11 15:58:23,263 [Worker-28: Building] WARN  o.e.m.c.i.embedder.EclipseLogger - The artifact mysql:mysql-connector-java:jar:8.0.33 has been relocated to com.mysql:mysql-connector-j:jar:8.0.33: MySQL Connector/J artifacts moved to reverse-DNS compliant Maven 2+ coordinates.
2024-05-11 15:58:24,231 [Worker-28: Building] WARN  o.a.m.s.f.DefaultMavenResourcesFiltering - Using platform encoding (Cp1252 actually) to copy filtered resources, i.e. build is platform dependent!
2024-05-11 15:58:24,238 [Worker-28: Building] INFO  o.a.m.s.f.DefaultMavenResourcesFiltering - Copying 0 resource from src\main\resources to target\classes
2024-05-11 15:58:24,247 [Worker-28: Building] WARN  o.a.m.s.f.DefaultMavenResourcesFiltering - Using platform encoding (Cp1252 actually) to copy filtered resources, i.e. build is platform dependent!
2024-05-11 15:58:24,249 [Worker-28: Building] INFO  o.a.m.s.f.DefaultMavenResourcesFiltering - Copying 0 resource from src\test\resources to target\test-classes
2024-05-11 15:59:12,383 [Worker-30: Updating Maven Project] INFO  o.e.m.c.i.p.ProjectConfigurationManager - Update started
2024-05-11 15:59:13,008 [Worker-30: Updating Maven Project] INFO  o.e.m.c.i.e.AbstractTransferListenerAdapter - Downloading https://repo.maven.apache.org/maven2/org/springframework/boot/spring-boot-starter-parent/3.2.5/spring-boot-starter-parent-3.2.5.pom
2024-05-11 15:59:13,159 [Worker-30: Updating Maven Project] INFO  o.e.m.c.i.e.AbstractTransferListenerAdapter - Downloaded https://repo.maven.apache.org/maven2/org/springframework/boot/spring-boot-starter-parent/3.2.5/spring-boot-starter-parent-3.2.5.pom
2024-05-11 15:59:13,222 [Worker-30: Updating Maven Project] INFO  o.e.m.c.i.e.AbstractTransferListenerAdapter - Downloading https://repo.maven.apache.org/maven2/org/springframework/boot/spring-boot-dependencies/3.2.5/spring-boot-dependencies-3.2.5.pom
2024-05-11 15:59:13,883 [Worker-30: Updating Maven Project] INFO  o.e.m.c.i.e.AbstractTransferListenerAdapter - Downloaded https://repo.maven.apache.org/maven2/org/springframework/boot/spring-boot-dependencies/3.2.5/spring-boot-dependencies-3.2.5.pom
2024-05-11 15:59:13,953 [Worker-30: Updating Maven Project] INFO  o.e.m.c.i.e.AbstractTransferListenerAdapter - Downloading https://repo.maven.apache.org/maven2/org/assertj/assertj-bom/3.24.2/assertj-bom-3.24.2.pom
2024-05-11 15:59:14,116 [Worker-30: Updating Maven Project] INFO  o.e.m.c.i.e.AbstractTransferListenerAdapter - Downloaded https://repo.maven.apache.org/maven2/org/assertj/assertj-bom/3.24.2/assertj-bom-3.24.2.pom
2024-05-11 15:59:14,342 [Worker-30: Updating Maven Project] INFO  o.e.m.c.i.e.AbstractTransferListenerAdapter - Downloading https://repo.maven.apache.org/maven2/io/zipkin/brave/brave-bom/5.16.0/brave-bom-5.16.0.pom
2024-05-11 15:59:14,424 [Worker-30: Updating Maven Project] INFO  o.e.m.c.i.e.AbstractTransferListenerAdapter - Downloaded https://repo.maven.apache.org/maven2/io/zipkin/brave/brave-bom/5.16.0/brave-bom-5.16.0.pom
2024-05-11 15:59:14,483 [Worker-30: Updating Maven Project] INFO  o.e.m.c.i.e.AbstractTransferListenerAdapter - Downloading https://repo.maven.apache.org/maven2/io/zipkin/reporter2/zipkin-reporter-bom/2.16.3/zipkin-reporter-bom-2.16.3.pom
2024-05-11 15:59:14,661 [Worker-30: Updating Maven Project] INFO  o.e.m.c.i.e.AbstractTransferListenerAdapter - Downloaded https://repo.maven.apache.org/maven2/io/zipkin/reporter2/zipkin-reporter-bom/2.16.3/zipkin-reporter-bom-2.16.3.pom
2024-05-11 15:59:14,736 [Worker-30: Updating Maven Project] INFO  o.e.m.c.i.e.AbstractTransferListenerAdapter - Downloading https://repo.maven.apache.org/maven2/com/datastax/oss/java-driver-bom/4.17.0/java-driver-bom-4.17.0.pom
2024-05-11 15:59:14,903 [Worker-30: Updating Maven Project] INFO  o.e.m.c.i.e.AbstractTransferListenerAdapter - Downloaded https://repo.maven.apache.org/maven2/com/datastax/oss/java-driver-bom/4.17.0/java-driver-bom-4.17.0.pom
2024-05-11 15:59:14,963 [Worker-30: Updating Maven Project] INFO  o.e.m.c.i.e.AbstractTransferListenerAdapter - Downloading https://repo.maven.apache.org/maven2/io/dropwizard/metrics/metrics-bom/4.2.25/metrics-bom-4.2.25.pom
2024-05-11 15:59:15,174 [Worker-30: Updating Maven Project] INFO  o.e.m.c.i.e.AbstractTransferListenerAdapter - Downloaded https://repo.maven.apache.org/maven2/io/dropwizard/metrics/metrics-bom/4.2.25/metrics-bom-4.2.25.pom
2024-05-11 15:59:15,431 [Worker-30: Updating Maven Project] INFO  o.e.m.c.i.e.AbstractTransferListenerAdapter - Downloading https://repo.maven.apache.org/maven2/io/dropwizard/metrics/metrics-parent/4.2.25/metrics-parent-4.2.25.pom
2024-05-11 15:59:15,560 [Worker-30: Updating Maven Project] INFO  o.e.m.c.i.e.AbstractTransferListenerAdapter - Downloaded https://repo.maven.apache.org/maven2/io/dropwizard/metrics/metrics-parent/4.2.25/metrics-parent-4.2.25.pom
2024-05-11 15:59:15,753 [Worker-30: Updating Maven Project] INFO  o.e.m.c.i.e.AbstractTransferListenerAdapter - Downloading https://repo.maven.apache.org/maven2/org/glassfish/jaxb/jaxb-bom/4.0.5/jaxb-bom-4.0.5.pom
2024-05-11 15:59:15,823 [Worker-30: Updating Maven Project] INFO  o.e.m.c.i.e.AbstractTransferListenerAdapter - Downloaded https://repo.maven.apache.org/maven2/org/glassfish/jaxb/jaxb-bom/4.0.5/jaxb-bom-4.0.5.pom
2024-05-11 15:59:15,870 [Worker-30: Updating Maven Project] INFO  o.e.m.c.i.e.AbstractTransferListenerAdapter - Downloading https://repo.maven.apache.org/maven2/org/eclipse/ee4j/project/1.0.9/project-1.0.9.pom
2024-05-11 15:59:16,187 [Worker-30: Updating Maven Project] INFO  o.e.m.c.i.e.AbstractTransferListenerAdapter - Downloaded https://repo.maven.apache.org/maven2/org/eclipse/ee4j/project/1.0.9/project-1.0.9.pom
2024-05-11 15:59:16,242 [Worker-30: Updating Maven Project] INFO  o.e.m.c.i.e.AbstractTransferListenerAdapter - Downloading https://repo.maven.apache.org/maven2/org/apache/groovy/groovy-bom/4.0.21/groovy-bom-4.0.21.pom
2024-05-11 15:59:16,595 [Worker-30: Updating Maven Project] INFO  o.e.m.c.i.e.AbstractTransferListenerAdapter - Downloaded https://repo.maven.apache.org/maven2/org/apache/groovy/groovy-bom/4.0.21/groovy-bom-4.0.21.pom
2024-05-11 15:59:16,666 [Worker-30: Updating Maven Project] INFO  o.e.m.c.i.e.AbstractTransferListenerAdapter - Downloading https://repo.maven.apache.org/maven2/org/infinispan/infinispan-bom/14.0.27.Final/infinispan-bom-14.0.27.Final.pom
2024-05-11 15:59:16,933 [Worker-30: Updating Maven Project] INFO  o.e.m.c.i.e.AbstractTransferListenerAdapter - Downloaded https://repo.maven.apache.org/maven2/org/infinispan/infinispan-bom/14.0.27.Final/infinispan-bom-14.0.27.Final.pom
2024-05-11 15:59:17,008 [Worker-30: Updating Maven Project] INFO  o.e.m.c.i.e.AbstractTransferListenerAdapter - Downloading https://repo.maven.apache.org/maven2/org/infinispan/infinispan-build-configuration-parent/14.0.27.Final/infinispan-build-configuration-parent-14.0.27.Final.pom
2024-05-11 15:59:17,487 [Worker-30: Updating Maven Project] INFO  o.e.m.c.i.e.AbstractTransferListenerAdapter - Downloaded https://repo.maven.apache.org/maven2/org/infinispan/infinispan-build-configuration-parent/14.0.27.Final/infinispan-build-configuration-parent-14.0.27.Final.pom
2024-05-11 15:59:17,532 [Worker-30: Updating Maven Project] INFO  o.e.m.c.i.e.AbstractTransferListenerAdapter - Downloading https://repo.maven.apache.org/maven2/org/jboss/jboss-parent/39/jboss-parent-39.pom
2024-05-11 15:59:18,286 [Worker-30: Updating Maven Project] INFO  o.e.m.c.i.e.AbstractTransferListenerAdapter - Downloaded https://repo.maven.apache.org/maven2/org/jboss/jboss-parent/39/jboss-parent-39.pom
2024-05-11 15:59:18,341 [Worker-30: Updating Maven Project] INFO  o.e.m.c.i.e.AbstractTransferListenerAdapter - Downloading https://repo.maven.apache.org/maven2/com/fasterxml/jackson/jackson-bom/2.15.4/jackson-bom-2.15.4.pom
2024-05-11 15:59:18,536 [Worker-30: Updating Maven Project] INFO  o.e.m.c.i.e.AbstractTransferListenerAdapter - Downloaded https://repo.maven.apache.org/maven2/com/fasterxml/jackson/jackson-bom/2.15.4/jackson-bom-2.15.4.pom
2024-05-11 15:59:18,602 [Worker-30: Updating Maven Project] INFO  o.e.m.c.i.e.AbstractTransferListenerAdapter - Downloading https://repo.maven.apache.org/maven2/com/fasterxml/jackson/jackson-parent/2.15/jackson-parent-2.15.pom
2024-05-11 15:59:18,756 [Worker-30: Updating Maven Project] INFO  o.e.m.c.i.e.AbstractTransferListenerAdapter - Downloaded https://repo.maven.apache.org/maven2/com/fasterxml/jackson/jackson-parent/2.15/jackson-parent-2.15.pom
2024-05-11 15:59:18,801 [Worker-30: Updating Maven Project] INFO  o.e.m.c.i.e.AbstractTransferListenerAdapter - Downloading https://repo.maven.apache.org/maven2/com/fasterxml/oss-parent/50/oss-parent-50.pom
2024-05-11 15:59:19,066 [Worker-30: Updating Maven Project] INFO  o.e.m.c.i.e.AbstractTransferListenerAdapter - Downloaded https://repo.maven.apache.org/maven2/com/fasterxml/oss-parent/50/oss-parent-50.pom
2024-05-11 15:59:19,121 [Worker-30: Updating Maven Project] INFO  o.e.m.c.i.e.AbstractTransferListenerAdapter - Downloading https://repo.maven.apache.org/maven2/org/glassfish/jersey/jersey-bom/3.1.6/jersey-bom-3.1.6.pom
2024-05-11 15:59:19,441 [Worker-30: Updating Maven Project] INFO  o.e.m.c.i.e.AbstractTransferListenerAdapter - Downloaded https://repo.maven.apache.org/maven2/org/glassfish/jersey/jersey-bom/3.1.6/jersey-bom-3.1.6.pom
2024-05-11 15:59:19,492 [Worker-30: Updating Maven Project] INFO  o.e.m.c.i.e.AbstractTransferListenerAdapter - Downloading https://repo.maven.apache.org/maven2/org/eclipse/ee4j/project/1.0.8/project-1.0.8.pom
2024-05-11 15:59:19,744 [Worker-30: Updating Maven Project] INFO  o.e.m.c.i.e.AbstractTransferListenerAdapter - Downloaded https://repo.maven.apache.org/maven2/org/eclipse/ee4j/project/1.0.8/project-1.0.8.pom
2024-05-11 15:59:19,803 [Worker-30: Updating Maven Project] INFO  o.e.m.c.i.e.AbstractTransferListenerAdapter - Downloading https://repo.maven.apache.org/maven2/org/eclipse/jetty/ee10/jetty-ee10-bom/12.0.8/jetty-ee10-bom-12.0.8.pom
2024-05-11 15:59:19,959 [Worker-30: Updating Maven Project] INFO  o.e.m.c.i.e.AbstractTransferListenerAdapter - Downloaded https://repo.maven.apache.org/maven2/org/eclipse/jetty/ee10/jetty-ee10-bom/12.0.8/jetty-ee10-bom-12.0.8.pom
2024-05-11 15:59:20,026 [Worker-30: Updating Maven Project] INFO  o.e.m.c.i.e.AbstractTransferListenerAdapter - Downloading https://repo.maven.apache.org/maven2/org/eclipse/jetty/jetty-bom/12.0.8/jetty-bom-12.0.8.pom
2024-05-11 15:59:20,250 [Worker-30: Updating Maven Project] INFO  o.e.m.c.i.e.AbstractTransferListenerAdapter - Downloaded https://repo.maven.apache.org/maven2/org/eclipse/jetty/jetty-bom/12.0.8/jetty-bom-12.0.8.pom
2024-05-11 15:59:20,291 [Worker-30: Updating Maven Project] INFO  o.e.m.c.i.e.AbstractTransferListenerAdapter - Downloading https://repo.maven.apache.org/maven2/org/junit/junit-bom/5.10.2/junit-bom-5.10.2.pom
2024-05-11 15:59:20,392 [Worker-30: Updating Maven Project] INFO  o.e.m.c.i.e.AbstractTransferListenerAdapter - Downloaded https://repo.maven.apache.org/maven2/org/junit/junit-bom/5.10.2/junit-bom-5.10.2.pom
2024-05-11 15:59:20,441 [Worker-30: Updating Maven Project] INFO  o.e.m.c.i.e.AbstractTransferListenerAdapter - Downloading https://repo.maven.apache.org/maven2/org/jetbrains/kotlin/kotlin-bom/1.9.23/kotlin-bom-1.9.23.pom
2024-05-11 15:59:20,617 [Worker-30: Updating Maven Project] INFO  o.e.m.c.i.e.AbstractTransferListenerAdapter - Downloaded https://repo.maven.apache.org/maven2/org/jetbrains/kotlin/kotlin-bom/1.9.23/kotlin-bom-1.9.23.pom
2024-05-11 15:59:20,670 [Worker-30: Updating Maven Project] INFO  o.e.m.c.i.e.AbstractTransferListenerAdapter - Downloading https://repo.maven.apache.org/maven2/org/jetbrains/kotlinx/kotlinx-coroutines-bom/1.7.3/kotlinx-coroutines-bom-1.7.3.pom
2024-05-11 15:59:20,753 [Worker-30: Updating Maven Project] INFO  o.e.m.c.i.e.AbstractTransferListenerAdapter - Downloaded https://repo.maven.apache.org/maven2/org/jetbrains/kotlinx/kotlinx-coroutines-bom/1.7.3/kotlinx-coroutines-bom-1.7.3.pom
2024-05-11 15:59:20,802 [Worker-30: Updating Maven Project] INFO  o.e.m.c.i.e.AbstractTransferListenerAdapter - Downloading https://repo.maven.apache.org/maven2/org/jetbrains/kotlinx/kotlinx-serialization-bom/1.6.3/kotlinx-serialization-bom-1.6.3.pom
2024-05-11 15:59:20,894 [Worker-30: Updating Maven Project] INFO  o.e.m.c.i.e.AbstractTransferListenerAdapter - Downloaded https://repo.maven.apache.org/maven2/org/jetbrains/kotlinx/kotlinx-serialization-bom/1.6.3/kotlinx-serialization-bom-1.6.3.pom
2024-05-11 15:59:20,941 [Worker-30: Updating Maven Project] INFO  o.e.m.c.i.e.AbstractTransferListenerAdapter - Downloading https://repo.maven.apache.org/maven2/org/apache/logging/log4j/log4j-bom/2.21.1/log4j-bom-2.21.1.pom
2024-05-11 15:59:21,125 [Worker-30: Updating Maven Project] INFO  o.e.m.c.i.e.AbstractTransferListenerAdapter - Downloaded https://repo.maven.apache.org/maven2/org/apache/logging/log4j/log4j-bom/2.21.1/log4j-bom-2.21.1.pom
2024-05-11 15:59:21,181 [Worker-30: Updating Maven Project] INFO  o.e.m.c.i.e.AbstractTransferListenerAdapter - Downloading https://repo.maven.apache.org/maven2/org/apache/logging/logging-parent/10.1.1/logging-parent-10.1.1.pom
2024-05-11 15:59:21,460 [Worker-30: Updating Maven Project] INFO  o.e.m.c.i.e.AbstractTransferListenerAdapter - Downloaded https://repo.maven.apache.org/maven2/org/apache/logging/logging-parent/10.1.1/logging-parent-10.1.1.pom
2024-05-11 15:59:21,502 [Worker-30: Updating Maven Project] INFO  o.e.m.c.i.e.AbstractTransferListenerAdapter - Downloading https://repo.maven.apache.org/maven2/org/apache/apache/30/apache-30.pom
2024-05-11 15:59:21,646 [Worker-30: Updating Maven Project] INFO  o.e.m.c.i.e.AbstractTransferListenerAdapter - Downloaded https://repo.maven.apache.org/maven2/org/apache/apache/30/apache-30.pom
2024-05-11 15:59:21,745 [Worker-30: Updating Maven Project] INFO  o.e.m.c.i.e.AbstractTransferListenerAdapter - Downloading https://repo.maven.apache.org/maven2/io/micrometer/micrometer-bom/1.12.5/micrometer-bom-1.12.5.pom
2024-05-11 15:59:21,813 [Worker-30: Updating Maven Project] INFO  o.e.m.c.i.e.AbstractTransferListenerAdapter - Downloaded https://repo.maven.apache.org/maven2/io/micrometer/micrometer-bom/1.12.5/micrometer-bom-1.12.5.pom
2024-05-11 15:59:21,881 [Worker-30: Updating Maven Project] INFO  o.e.m.c.i.e.AbstractTransferListenerAdapter - Downloading https://repo.maven.apache.org/maven2/io/micrometer/micrometer-tracing-bom/1.2.5/micrometer-tracing-bom-1.2.5.pom
2024-05-11 15:59:21,980 [Worker-30: Updating Maven Project] INFO  o.e.m.c.i.e.AbstractTransferListenerAdapter - Downloaded https://repo.maven.apache.org/maven2/io/micrometer/micrometer-tracing-bom/1.2.5/micrometer-tracing-bom-1.2.5.pom
2024-05-11 15:59:22,123 [Worker-30: Updating Maven Project] INFO  o.e.m.c.i.e.AbstractTransferListenerAdapter - Downloading https://repo.maven.apache.org/maven2/org/mockito/mockito-bom/5.7.0/mockito-bom-5.7.0.pom
2024-05-11 15:59:22,212 [Worker-30: Updating Maven Project] INFO  o.e.m.c.i.e.AbstractTransferListenerAdapter - Downloaded https://repo.maven.apache.org/maven2/org/mockito/mockito-bom/5.7.0/mockito-bom-5.7.0.pom
2024-05-11 15:59:22,263 [Worker-30: Updating Maven Project] INFO  o.e.m.c.i.e.AbstractTransferListenerAdapter - Downloading https://repo.maven.apache.org/maven2/io/netty/netty-bom/4.1.109.Final/netty-bom-4.1.109.Final.pom
2024-05-11 15:59:22,624 [Worker-30: Updating Maven Project] INFO  o.e.m.c.i.e.AbstractTransferListenerAdapter - Downloaded https://repo.maven.apache.org/maven2/io/netty/netty-bom/4.1.109.Final/netty-bom-4.1.109.Final.pom
2024-05-11 15:59:22,731 [Worker-30: Updating Maven Project] INFO  o.e.m.c.i.e.AbstractTransferListenerAdapter - Downloading https://repo.maven.apache.org/maven2/org/sonatype/oss/oss-parent/7/oss-parent-7.pom
2024-05-11 15:59:22,790 [Worker-30: Updating Maven Project] INFO  o.e.m.c.i.e.AbstractTransferListenerAdapter - Downloaded https://repo.maven.apache.org/maven2/org/sonatype/oss/oss-parent/7/oss-parent-7.pom
2024-05-11 15:59:22,878 [Worker-30: Updating Maven Project] INFO  o.e.m.c.i.e.AbstractTransferListenerAdapter - Downloading https://repo.maven.apache.org/maven2/com/squareup/okhttp3/okhttp-bom/4.12.0/okhttp-bom-4.12.0.pom
2024-05-11 15:59:22,943 [Worker-30: Updating Maven Project] INFO  o.e.m.c.i.e.AbstractTransferListenerAdapter - Downloaded https://repo.maven.apache.org/maven2/com/squareup/okhttp3/okhttp-bom/4.12.0/okhttp-bom-4.12.0.pom
2024-05-11 15:59:23,098 [Worker-30: Updating Maven Project] INFO  o.e.m.c.i.e.AbstractTransferListenerAdapter - Downloading https://repo.maven.apache.org/maven2/io/opentelemetry/opentelemetry-bom/1.31.0/opentelemetry-bom-1.31.0.pom
2024-05-11 15:59:23,173 [Worker-30: Updating Maven Project] INFO  o.e.m.c.i.e.AbstractTransferListenerAdapter - Downloaded https://repo.maven.apache.org/maven2/io/opentelemetry/opentelemetry-bom/1.31.0/opentelemetry-bom-1.31.0.pom
2024-05-11 15:59:23,233 [Worker-30: Updating Maven Project] INFO  o.e.m.c.i.e.AbstractTransferListenerAdapter - Downloading https://repo.maven.apache.org/maven2/com/oracle/database/jdbc/ojdbc-bom/21.9.0.0/ojdbc-bom-21.9.0.0.pom
2024-05-11 15:59:23,501 [Worker-30: Updating Maven Project] INFO  o.e.m.c.i.e.AbstractTransferListenerAdapter - Downloaded https://repo.maven.apache.org/maven2/com/oracle/database/jdbc/ojdbc-bom/21.9.0.0/ojdbc-bom-21.9.0.0.pom
2024-05-11 15:59:23,573 [Worker-30: Updating Maven Project] INFO  o.e.m.c.i.e.AbstractTransferListenerAdapter - Downloading https://repo.maven.apache.org/maven2/io/prometheus/simpleclient_bom/0.16.0/simpleclient_bom-0.16.0.pom
2024-05-11 15:59:23,677 [Worker-30: Updating Maven Project] INFO  o.e.m.c.i.e.AbstractTransferListenerAdapter - Downloaded https://repo.maven.apache.org/maven2/io/prometheus/simpleclient_bom/0.16.0/simpleclient_bom-0.16.0.pom
2024-05-11 15:59:23,737 [Worker-30: Updating Maven Project] INFO  o.e.m.c.i.e.AbstractTransferListenerAdapter - Downloading https://repo.maven.apache.org/maven2/io/prometheus/parent/0.16.0/parent-0.16.0.pom
2024-05-11 15:59:23,939 [Worker-30: Updating Maven Project] INFO  o.e.m.c.i.e.AbstractTransferListenerAdapter - Downloaded https://repo.maven.apache.org/maven2/io/prometheus/parent/0.16.0/parent-0.16.0.pom
2024-05-11 15:59:24,110 [Worker-30: Updating Maven Project] INFO  o.e.m.c.i.e.AbstractTransferListenerAdapter - Downloading https://repo.maven.apache.org/maven2/com/querydsl/querydsl-bom/5.0.0/querydsl-bom-5.0.0.pom
2024-05-11 15:59:24,188 [Worker-30: Updating Maven Project] INFO  o.e.m.c.i.e.AbstractTransferListenerAdapter - Downloaded https://repo.maven.apache.org/maven2/com/querydsl/querydsl-bom/5.0.0/querydsl-bom-5.0.0.pom
2024-05-11 15:59:24,242 [Worker-30: Updating Maven Project] INFO  o.e.m.c.i.e.AbstractTransferListenerAdapter - Downloading https://repo.maven.apache.org/maven2/io/projectreactor/reactor-bom/2023.0.5/reactor-bom-2023.0.5.pom
2024-05-11 15:59:24,354 [Worker-30: Updating Maven Project] INFO  o.e.m.c.i.e.AbstractTransferListenerAdapter - Downloaded https://repo.maven.apache.org/maven2/io/projectreactor/reactor-bom/2023.0.5/reactor-bom-2023.0.5.pom
2024-05-11 15:59:24,410 [Worker-30: Updating Maven Project] INFO  o.e.m.c.i.e.AbstractTransferListenerAdapter - Downloading https://repo.maven.apache.org/maven2/io/rest-assured/rest-assured-bom/5.3.2/rest-assured-bom-5.3.2.pom
2024-05-11 15:59:16,503 [Worker-30: Updating Maven Project] INFO  o.e.m.c.i.e.AbstractTransferListenerAdapter - Downloaded https://repo.maven.apache.org/maven2/io/rest-assured/rest-assured-bom/5.3.2/rest-assured-bom-5.3.2.pom
2024-05-11 15:59:16,570 [Worker-30: Updating Maven Project] INFO  o.e.m.c.i.e.AbstractTransferListenerAdapter - Downloading https://repo.maven.apache.org/maven2/io/rsocket/rsocket-bom/1.1.3/rsocket-bom-1.1.3.pom
2024-05-11 15:59:16,929 [Worker-30: Updating Maven Project] INFO  o.e.m.c.i.e.AbstractTransferListenerAdapter - Downloaded https://repo.maven.apache.org/maven2/io/rsocket/rsocket-bom/1.1.3/rsocket-bom-1.1.3.pom
2024-05-11 15:59:16,988 [Worker-30: Updating Maven Project] INFO  o.e.m.c.i.e.AbstractTransferListenerAdapter - Downloading https://repo.maven.apache.org/maven2/org/seleniumhq/selenium/selenium-bom/4.14.1/selenium-bom-4.14.1.pom
2024-05-11 15:59:17,174 [Worker-30: Updating Maven Project] INFO  o.e.m.c.i.e.AbstractTransferListenerAdapter - Downloaded https://repo.maven.apache.org/maven2/org/seleniumhq/selenium/selenium-bom/4.14.1/selenium-bom-4.14.1.pom
2024-05-11 15:59:17,287 [Worker-30: Updating Maven Project] INFO  o.e.m.c.i.e.AbstractTransferListenerAdapter - Downloading https://repo.maven.apache.org/maven2/org/springframework/amqp/spring-amqp-bom/3.1.4/spring-amqp-bom-3.1.4.pom
2024-05-11 15:59:17,387 [Worker-30: Updating Maven Project] INFO  o.e.m.c.i.e.AbstractTransferListenerAdapter - Downloaded https://repo.maven.apache.org/maven2/org/springframework/amqp/spring-amqp-bom/3.1.4/spring-amqp-bom-3.1.4.pom
2024-05-11 15:59:17,451 [Worker-30: Updating Maven Project] INFO  o.e.m.c.i.e.AbstractTransferListenerAdapter - Downloading https://repo.maven.apache.org/maven2/org/springframework/batch/spring-batch-bom/5.1.1/spring-batch-bom-5.1.1.pom
2024-05-11 15:59:17,597 [Worker-30: Updating Maven Project] INFO  o.e.m.c.i.e.AbstractTransferListenerAdapter - Downloaded https://repo.maven.apache.org/maven2/org/springframework/batch/spring-batch-bom/5.1.1/spring-batch-bom-5.1.1.pom
2024-05-11 15:59:17,762 [Worker-30: Updating Maven Project] INFO  o.e.m.c.i.e.AbstractTransferListenerAdapter - Downloading https://repo.maven.apache.org/maven2/org/springframework/data/spring-data-bom/2023.1.5/spring-data-bom-2023.1.5.pom
2024-05-11 15:59:17,845 [Worker-30: Updating Maven Project] INFO  o.e.m.c.i.e.AbstractTransferListenerAdapter - Downloaded https://repo.maven.apache.org/maven2/org/springframework/data/spring-data-bom/2023.1.5/spring-data-bom-2023.1.5.pom
2024-05-11 15:59:17,911 [Worker-30: Updating Maven Project] INFO  o.e.m.c.i.e.AbstractTransferListenerAdapter - Downloading https://repo.maven.apache.org/maven2/org/springframework/spring-framework-bom/6.1.6/spring-framework-bom-6.1.6.pom
2024-05-11 15:59:18,090 [Worker-30: Updating Maven Project] INFO  o.e.m.c.i.e.AbstractTransferListenerAdapter - Downloaded https://repo.maven.apache.org/maven2/org/springframework/spring-framework-bom/6.1.6/spring-framework-bom-6.1.6.pom
2024-05-11 15:59:18,159 [Worker-30: Updating Maven Project] INFO  o.e.m.c.i.e.AbstractTransferListenerAdapter - Downloading https://repo.maven.apache.org/maven2/org/springframework/integration/spring-integration-bom/6.2.4/spring-integration-bom-6.2.4.pom
2024-05-11 15:59:18,382 [Worker-30: Updating Maven Project] INFO  o.e.m.c.i.e.AbstractTransferListenerAdapter - Downloaded https://repo.maven.apache.org/maven2/org/springframework/integration/spring-integration-bom/6.2.4/spring-integration-bom-6.2.4.pom
2024-05-11 15:59:18,458 [Worker-30: Updating Maven Project] INFO  o.e.m.c.i.e.AbstractTransferListenerAdapter - Downloading https://repo.maven.apache.org/maven2/org/springframework/pulsar/spring-pulsar-bom/1.0.5/spring-pulsar-bom-1.0.5.pom
2024-05-11 15:59:18,578 [Worker-30: Updating Maven Project] INFO  o.e.m.c.i.e.AbstractTransferListenerAdapter - Downloaded https://repo.maven.apache.org/maven2/org/springframework/pulsar/spring-pulsar-bom/1.0.5/spring-pulsar-bom-1.0.5.pom
2024-05-11 15:59:18,619 [Worker-30: Updating Maven Project] INFO  o.e.m.c.i.e.AbstractTransferListenerAdapter - Downloading https://repo.maven.apache.org/maven2/org/springframework/restdocs/spring-restdocs-bom/3.0.1/spring-restdocs-bom-3.0.1.pom
2024-05-11 15:59:18,708 [Worker-30: Updating Maven Project] INFO  o.e.m.c.i.e.AbstractTransferListenerAdapter - Downloaded https://repo.maven.apache.org/maven2/org/springframework/restdocs/spring-restdocs-bom/3.0.1/spring-restdocs-bom-3.0.1.pom
2024-05-11 15:59:18,768 [Worker-30: Updating Maven Project] INFO  o.e.m.c.i.e.AbstractTransferListenerAdapter - Downloading https://repo.maven.apache.org/maven2/org/springframework/security/spring-security-bom/6.2.4/spring-security-bom-6.2.4.pom
2024-05-11 15:59:18,852 [Worker-30: Updating Maven Project] INFO  o.e.m.c.i.e.AbstractTransferListenerAdapter - Downloaded https://repo.maven.apache.org/maven2/org/springframework/security/spring-security-bom/6.2.4/spring-security-bom-6.2.4.pom
2024-05-11 15:59:18,929 [Worker-30: Updating Maven Project] INFO  o.e.m.c.i.e.AbstractTransferListenerAdapter - Downloading https://repo.maven.apache.org/maven2/org/springframework/session/spring-session-bom/3.2.2/spring-session-bom-3.2.2.pom
2024-05-11 15:59:19,028 [Worker-30: Updating Maven Project] INFO  o.e.m.c.i.e.AbstractTransferListenerAdapter - Downloaded https://repo.maven.apache.org/maven2/org/springframework/session/spring-session-bom/3.2.2/spring-session-bom-3.2.2.pom
2024-05-11 15:59:19,103 [Worker-30: Updating Maven Project] INFO  o.e.m.c.i.e.AbstractTransferListenerAdapter - Downloading https://repo.maven.apache.org/maven2/org/springframework/ws/spring-ws-bom/4.0.10/spring-ws-bom-4.0.10.pom
2024-05-11 15:59:19,183 [Worker-30: Updating Maven Project] INFO  o.e.m.c.i.e.AbstractTransferListenerAdapter - Downloaded https://repo.maven.apache.org/maven2/org/springframework/ws/spring-ws-bom/4.0.10/spring-ws-bom-4.0.10.pom
2024-05-11 15:59:19,229 [Worker-30: Updating Maven Project] INFO  o.e.m.c.i.e.AbstractTransferListenerAdapter - Downloading https://repo.maven.apache.org/maven2/org/testcontainers/testcontainers-bom/1.19.7/testcontainers-bom-1.19.7.pom
2024-05-11 15:59:19,357 [Worker-30: Updating Maven Project] INFO  o.e.m.c.i.e.AbstractTransferListenerAdapter - Downloaded https://repo.maven.apache.org/maven2/org/testcontainers/testcontainers-bom/1.19.7/testcontainers-bom-1.19.7.pom
2024-05-11 15:59:19,830 [Worker-30: Updating Maven Project] INFO  o.e.m.c.i.e.AbstractTransferListenerAdapter - Downloading https://repo.maven.apache.org/maven2/org/springframework/boot/spring-boot-maven-plugin/3.2.5/spring-boot-maven-plugin-3.2.5.pom
2024-05-11 15:59:20,366 [Worker-30: Updating Maven Project] INFO  o.e.m.c.i.e.AbstractTransferListenerAdapter - Downloaded https://repo.maven.apache.org/maven2/org/springframework/boot/spring-boot-maven-plugin/3.2.5/spring-boot-maven-plugin-3.2.5.pom
2024-05-11 15:59:20,426 [Worker-30: Updating Maven Project] INFO  o.e.m.c.i.e.AbstractTransferListenerAdapter - Downloading https://repo.maven.apache.org/maven2/org/springframework/boot/spring-boot-maven-plugin/3.2.5/spring-boot-maven-plugin-3.2.5.jar
2024-05-11 15:59:21,164 [Worker-30: Updating Maven Project] INFO  o.e.m.c.i.e.AbstractTransferListenerAdapter - Downloaded https://repo.maven.apache.org/maven2/org/springframework/boot/spring-boot-maven-plugin/3.2.5/spring-boot-maven-plugin-3.2.5.jar
2024-05-11 15:59:21,250 [Worker-30: Updating Maven Project] INFO  o.e.m.c.i.e.AbstractTransferListenerAdapter - Downloading https://repo.maven.apache.org/maven2/org/apache/maven/plugins/maven-clean-plugin/3.3.2/maven-clean-plugin-3.3.2.jar
2024-05-11 15:59:21,679 [Worker-30: Updating Maven Project] INFO  o.e.m.c.i.e.AbstractTransferListenerAdapter - Downloaded https://repo.maven.apache.org/maven2/org/apache/maven/plugins/maven-clean-plugin/3.3.2/maven-clean-plugin-3.3.2.jar
2024-05-11 15:59:21,867 [Worker-30: Updating Maven Project] INFO  o.e.m.c.i.e.AbstractTransferListenerAdapter - Downloading https://repo.maven.apache.org/maven2/org/apache/maven/plugins/maven-compiler-plugin/3.11.0/maven-compiler-plugin-3.11.0.jar
2024-05-11 15:59:22,218 [Worker-30: Updating Maven Project] INFO  o.e.m.c.i.e.AbstractTransferListenerAdapter - Downloaded https://repo.maven.apache.org/maven2/org/apache/maven/plugins/maven-compiler-plugin/3.11.0/maven-compiler-plugin-3.11.0.jar
2024-05-11 15:59:22,379 [Worker-30: Updating Maven Project] INFO  o.e.m.c.i.e.AbstractTransferListenerAdapter - Downloading https://repo.maven.apache.org/maven2/org/apache/maven/plugins/maven-jar-plugin/3.3.0/maven-jar-plugin-3.3.0.jar
2024-05-11 15:59:22,752 [Worker-30: Updating Maven Project] INFO  o.e.m.c.i.e.AbstractTransferListenerAdapter - Downloaded https://repo.maven.apache.org/maven2/org/apache/maven/plugins/maven-jar-plugin/3.3.0/maven-jar-plugin-3.3.0.jar
2024-05-11 15:59:23,171 [Worker-30: Updating Maven Project] INFO  o.e.m.c.i.e.AbstractTransferListenerAdapter - Downloading https://repo.maven.apache.org/maven2/org/apache/maven/plugins/maven-compiler-plugin/3.11.0/maven-compiler-plugin-3.11.0.pom
2024-05-11 15:59:23,256 [Worker-30: Updating Maven Project] INFO  o.e.m.c.i.e.AbstractTransferListenerAdapter - Downloaded https://repo.maven.apache.org/maven2/org/apache/maven/plugins/maven-compiler-plugin/3.11.0/maven-compiler-plugin-3.11.0.pom
2024-05-11 15:59:23,329 [Worker-30: Updating Maven Project] INFO  o.e.m.c.i.e.AbstractTransferListenerAdapter - Downloading https://repo.maven.apache.org/maven2/org/apache/maven/shared/maven-shared-utils/3.3.4/maven-shared-utils-3.3.4.pom
2024-05-11 15:59:23,447 [Worker-30: Updating Maven Project] INFO  o.e.m.c.i.e.AbstractTransferListenerAdapter - Downloaded https://repo.maven.apache.org/maven2/org/apache/maven/shared/maven-shared-utils/3.3.4/maven-shared-utils-3.3.4.pom
2024-05-11 15:59:23,500 [Worker-30: Updating Maven Project] INFO  o.e.m.c.i.e.AbstractTransferListenerAdapter - Downloading https://repo.maven.apache.org/maven2/org/apache/maven/shared/maven-shared-components/34/maven-shared-components-34.pom
2024-05-11 15:59:23,693 [Worker-30: Updating Maven Project] INFO  o.e.m.c.i.e.AbstractTransferListenerAdapter - Downloaded https://repo.maven.apache.org/maven2/org/apache/maven/shared/maven-shared-components/34/maven-shared-components-34.pom
2024-05-11 15:59:23,749 [Worker-30: Updating Maven Project] INFO  o.e.m.c.i.e.AbstractTransferListenerAdapter - Downloading https://repo.maven.apache.org/maven2/org/apache/maven/maven-parent/34/maven-parent-34.pom
2024-05-11 15:59:24,371 [Worker-30: Updating Maven Project] INFO  o.e.m.c.i.e.AbstractTransferListenerAdapter - Downloaded https://repo.maven.apache.org/maven2/org/apache/maven/maven-parent/34/maven-parent-34.pom
2024-05-11 15:59:24,451 [Worker-30: Updating Maven Project] INFO  o.e.m.c.i.e.AbstractTransferListenerAdapter - Downloading https://repo.maven.apache.org/maven2/commons-io/commons-io/2.6/commons-io-2.6.pom
2024-05-11 15:59:24,615 [Worker-30: Updating Maven Project] INFO  o.e.m.c.i.e.AbstractTransferListenerAdapter - Downloaded https://repo.maven.apache.org/maven2/commons-io/commons-io/2.6/commons-io-2.6.pom
2024-05-11 15:59:24,659 [Worker-30: Updating Maven Project] INFO  o.e.m.c.i.e.AbstractTransferListenerAdapter - Downloading https://repo.maven.apache.org/maven2/org/apache/commons/commons-parent/42/commons-parent-42.pom
2024-05-11 15:59:25,113 [Worker-30: Updating Maven Project] INFO  o.e.m.c.i.e.AbstractTransferListenerAdapter - Downloaded https://repo.maven.apache.org/maven2/org/apache/commons/commons-parent/42/commons-parent-42.pom
2024-05-11 15:59:25,259 [Worker-30: Updating Maven Project] INFO  o.e.m.c.i.e.AbstractTransferListenerAdapter - Downloading https://repo.maven.apache.org/maven2/org/codehaus/plexus/plexus-component-annotations/1.5.5/plexus-component-annotations-1.5.5.pom
2024-05-11 15:59:25,325 [Worker-30: Updating Maven Project] INFO  o.e.m.c.i.e.AbstractTransferListenerAdapter - Downloaded https://repo.maven.apache.org/maven2/org/codehaus/plexus/plexus-component-annotations/1.5.5/plexus-component-annotations-1.5.5.pom
2024-05-11 15:59:25,370 [Worker-30: Updating Maven Project] INFO  o.e.m.c.i.e.AbstractTransferListenerAdapter - Downloading https://repo.maven.apache.org/maven2/org/codehaus/plexus/plexus-containers/1.5.5/plexus-containers-1.5.5.pom
2024-05-11 15:59:25,453 [Worker-30: Updating Maven Project] INFO  o.e.m.c.i.e.AbstractTransferListenerAdapter - Downloaded https://repo.maven.apache.org/maven2/org/codehaus/plexus/plexus-containers/1.5.5/plexus-containers-1.5.5.pom
2024-05-11 15:59:25,525 [Worker-30: Updating Maven Project] INFO  o.e.m.c.i.e.AbstractTransferListenerAdapter - Downloading https://repo.maven.apache.org/maven2/org/codehaus/plexus/plexus-java/1.1.2/plexus-java-1.1.2.pom
2024-05-11 15:59:25,609 [Worker-30: Updating Maven Project] INFO  o.e.m.c.i.e.AbstractTransferListenerAdapter - Downloaded https://repo.maven.apache.org/maven2/org/codehaus/plexus/plexus-java/1.1.2/plexus-java-1.1.2.pom
2024-05-11 15:59:25,684 [Worker-30: Updating Maven Project] INFO  o.e.m.c.i.e.AbstractTransferListenerAdapter - Downloading https://repo.maven.apache.org/maven2/org/codehaus/plexus/plexus-languages/1.1.2/plexus-languages-1.1.2.pom
2024-05-11 15:59:25,797 [Worker-30: Updating Maven Project] INFO  o.e.m.c.i.e.AbstractTransferListenerAdapter - Downloaded https://repo.maven.apache.org/maven2/org/codehaus/plexus/plexus-languages/1.1.2/plexus-languages-1.1.2.pom
2024-05-11 15:59:25,858 [Worker-30: Updating Maven Project] INFO  o.e.m.c.i.e.AbstractTransferListenerAdapter - Downloading https://repo.maven.apache.org/maven2/org/ow2/asm/asm/9.4/asm-9.4.pom
2024-05-11 15:59:26,202 [Worker-30: Updating Maven Project] INFO  o.e.m.c.i.e.AbstractTransferListenerAdapter - Downloaded https://repo.maven.apache.org/maven2/org/ow2/asm/asm/9.4/asm-9.4.pom
2024-05-11 15:59:26,260 [Worker-30: Updating Maven Project] INFO  o.e.m.c.i.e.AbstractTransferListenerAdapter - Downloading https://repo.maven.apache.org/maven2/org/ow2/ow2/1.5.1/ow2-1.5.1.pom
2024-05-11 15:59:26,460 [Worker-30: Updating Maven Project] INFO  o.e.m.c.i.e.AbstractTransferListenerAdapter - Downloaded https://repo.maven.apache.org/maven2/org/ow2/ow2/1.5.1/ow2-1.5.1.pom
2024-05-11 15:59:26,626 [Worker-30: Updating Maven Project] INFO  o.e.m.c.i.e.AbstractTransferListenerAdapter - Downloading https://repo.maven.apache.org/maven2/com/thoughtworks/qdox/qdox/2.0.3/qdox-2.0.3.pom
2024-05-11 15:59:26,706 [Worker-30: Updating Maven Project] INFO  o.e.m.c.i.e.AbstractTransferListenerAdapter - Downloaded https://repo.maven.apache.org/maven2/com/thoughtworks/qdox/qdox/2.0.3/qdox-2.0.3.pom
2024-05-11 15:59:26,781 [Worker-30: Updating Maven Project] INFO  o.e.m.c.i.e.AbstractTransferListenerAdapter - Downloading https://repo.maven.apache.org/maven2/org/codehaus/plexus/plexus-compiler-api/2.13.0/plexus-compiler-api-2.13.0.pom
2024-05-11 15:59:26,859 [Worker-30: Updating Maven Project] INFO  o.e.m.c.i.e.AbstractTransferListenerAdapter - Downloaded https://repo.maven.apache.org/maven2/org/codehaus/plexus/plexus-compiler-api/2.13.0/plexus-compiler-api-2.13.0.pom
2024-05-11 15:59:26,932 [Worker-30: Updating Maven Project] INFO  o.e.m.c.i.e.AbstractTransferListenerAdapter - Downloading https://repo.maven.apache.org/maven2/org/codehaus/plexus/plexus-compiler/2.13.0/plexus-compiler-2.13.0.pom
2024-05-11 15:59:27,050 [Worker-30: Updating Maven Project] INFO  o.e.m.c.i.e.AbstractTransferListenerAdapter - Downloaded https://repo.maven.apache.org/maven2/org/codehaus/plexus/plexus-compiler/2.13.0/plexus-compiler-2.13.0.pom
2024-05-11 15:59:27,121 [Worker-30: Updating Maven Project] INFO  o.e.m.c.i.e.AbstractTransferListenerAdapter - Downloading https://repo.maven.apache.org/maven2/org/codehaus/plexus/plexus-components/10.0/plexus-components-10.0.pom
2024-05-11 15:59:27,207 [Worker-30: Updating Maven Project] INFO  o.e.m.c.i.e.AbstractTransferListenerAdapter - Downloaded https://repo.maven.apache.org/maven2/org/codehaus/plexus/plexus-components/10.0/plexus-components-10.0.pom
2024-05-11 15:59:27,313 [Worker-30: Updating Maven Project] INFO  o.e.m.c.i.e.AbstractTransferListenerAdapter - Downloading https://repo.maven.apache.org/maven2/org/junit/junit-bom/5.9.1/junit-bom-5.9.1.pom
2024-05-11 15:59:27,410 [Worker-30: Updating Maven Project] INFO  o.e.m.c.i.e.AbstractTransferListenerAdapter - Downloaded https://repo.maven.apache.org/maven2/org/junit/junit-bom/5.9.1/junit-bom-5.9.1.pom
2024-05-11 15:59:27,480 [Worker-30: Updating Maven Project] INFO  o.e.m.c.i.e.AbstractTransferListenerAdapter - Downloading https://repo.maven.apache.org/maven2/org/codehaus/plexus/plexus-compiler-manager/2.13.0/plexus-compiler-manager-2.13.0.pom
2024-05-11 15:59:27,558 [Worker-30: Updating Maven Project] INFO  o.e.m.c.i.e.AbstractTransferListenerAdapter - Downloaded https://repo.maven.apache.org/maven2/org/codehaus/plexus/plexus-compiler-manager/2.13.0/plexus-compiler-manager-2.13.0.pom
2024-05-11 15:59:27,629 [Worker-30: Updating Maven Project] INFO  o.e.m.c.i.e.AbstractTransferListenerAdapter - Downloading https://repo.maven.apache.org/maven2/org/codehaus/plexus/plexus-component-annotations/2.1.1/plexus-component-annotations-2.1.1.pom
2024-05-11 15:59:27,693 [Worker-30: Updating Maven Project] INFO  o.e.m.c.i.e.AbstractTransferListenerAdapter - Downloaded https://repo.maven.apache.org/maven2/org/codehaus/plexus/plexus-component-annotations/2.1.1/plexus-component-annotations-2.1.1.pom
2024-05-11 15:59:27,740 [Worker-30: Updating Maven Project] INFO  o.e.m.c.i.e.AbstractTransferListenerAdapter - Downloading https://repo.maven.apache.org/maven2/org/codehaus/plexus/plexus-containers/2.1.1/plexus-containers-2.1.1.pom
2024-05-11 15:59:27,858 [Worker-30: Updating Maven Project] INFO  o.e.m.c.i.e.AbstractTransferListenerAdapter - Downloaded https://repo.maven.apache.org/maven2/org/codehaus/plexus/plexus-containers/2.1.1/plexus-containers-2.1.1.pom
2024-05-11 15:59:28,083 [Worker-30: Updating Maven Project] INFO  o.e.m.c.i.e.AbstractTransferListenerAdapter - Downloading https://repo.maven.apache.org/maven2/org/codehaus/plexus/plexus/6.5/plexus-6.5.pom
2024-05-11 15:59:28,275 [Worker-30: Updating Maven Project] INFO  o.e.m.c.i.e.AbstractTransferListenerAdapter - Downloaded https://repo.maven.apache.org/maven2/org/codehaus/plexus/plexus/6.5/plexus-6.5.pom
2024-05-11 15:59:28,339 [Worker-30: Updating Maven Project] INFO  o.e.m.c.i.e.AbstractTransferListenerAdapter - Downloading https://repo.maven.apache.org/maven2/org/codehaus/plexus/plexus-compiler-javac/2.13.0/plexus-compiler-javac-2.13.0.pom
2024-05-11 15:59:28,439 [Worker-30: Updating Maven Project] INFO  o.e.m.c.i.e.AbstractTransferListenerAdapter - Downloaded https://repo.maven.apache.org/maven2/org/codehaus/plexus/plexus-compiler-javac/2.13.0/plexus-compiler-javac-2.13.0.pom
2024-05-11 15:59:28,629 [Worker-30: Updating Maven Project] INFO  o.e.m.c.i.e.AbstractTransferListenerAdapter - Downloading https://repo.maven.apache.org/maven2/org/codehaus/plexus/plexus-compilers/2.13.0/plexus-compilers-2.13.0.pom
2024-05-11 15:59:28,718 [Worker-30: Updating Maven Project] INFO  o.e.m.c.i.e.AbstractTransferListenerAdapter - Downloaded https://repo.maven.apache.org/maven2/org/codehaus/plexus/plexus-compilers/2.13.0/plexus-compilers-2.13.0.pom
2024-05-11 15:59:28,797 [AetherRepositoryConnector-repo.maven.apache.org-0-3] INFO  o.e.m.c.i.e.AbstractTransferListenerAdapter - Downloading https://repo.maven.apache.org/maven2/org/codehaus/plexus/plexus-java/1.1.2/plexus-java-1.1.2.jar
2024-05-11 15:59:29,289 [AetherRepositoryConnector-repo.maven.apache.org-0-2] INFO  o.e.m.c.i.e.AbstractTransferListenerAdapter - Downloading https://repo.maven.apache.org/maven2/org/codehaus/plexus/plexus-component-annotations/1.5.5/plexus-component-annotations-1.5.5.jar
2024-05-11 15:59:29,289 [AetherRepositoryConnector-repo.maven.apache.org-0-4] INFO  o.e.m.c.i.e.AbstractTransferListenerAdapter - Downloading https://repo.maven.apache.org/maven2/org/ow2/asm/asm/9.4/asm-9.4.jar
2024-05-11 15:59:29,807 [AetherRepositoryConnector-repo.maven.apache.org-0-0] INFO  o.e.m.c.i.e.AbstractTransferListenerAdapter - Downloading https://repo.maven.apache.org/maven2/org/apache/maven/shared/maven-shared-utils/3.3.4/maven-shared-utils-3.3.4.jar
2024-05-11 15:59:29,807 [AetherRepositoryConnector-repo.maven.apache.org-0-1] INFO  o.e.m.c.i.e.AbstractTransferListenerAdapter - Downloading https://repo.maven.apache.org/maven2/commons-io/commons-io/2.6/commons-io-2.6.jar
2024-05-11 15:59:30,228 [AetherRepositoryConnector-repo.maven.apache.org-0-3] INFO  o.e.m.c.i.e.AbstractTransferListenerAdapter - Downloaded https://repo.maven.apache.org/maven2/org/codehaus/plexus/plexus-java/1.1.2/plexus-java-1.1.2.jar
2024-05-11 15:59:30,550 [AetherRepositoryConnector-repo.maven.apache.org-0-4] INFO  o.e.m.c.i.e.AbstractTransferListenerAdapter - Downloaded https://repo.maven.apache.org/maven2/org/ow2/asm/asm/9.4/asm-9.4.jar
2024-05-11 15:59:30,550 [AetherRepositoryConnector-repo.maven.apache.org-0-2] INFO  o.e.m.c.i.e.AbstractTransferListenerAdapter - Downloaded https://repo.maven.apache.org/maven2/org/codehaus/plexus/plexus-component-annotations/1.5.5/plexus-component-annotations-1.5.5.jar
2024-05-11 15:59:31,397 [AetherRepositoryConnector-repo.maven.apache.org-0-4] INFO  o.e.m.c.i.e.AbstractTransferListenerAdapter - Downloading https://repo.maven.apache.org/maven2/org/codehaus/plexus/plexus-compiler-api/2.13.0/plexus-compiler-api-2.13.0.jar
2024-05-11 15:59:31,397 [AetherRepositoryConnector-repo.maven.apache.org-0-2] INFO  o.e.m.c.i.e.AbstractTransferListenerAdapter - Downloading https://repo.maven.apache.org/maven2/org/codehaus/plexus/plexus-utils/3.5.0/plexus-utils-3.5.0.jar
2024-05-11 15:59:31,397 [AetherRepositoryConnector-repo.maven.apache.org-0-3] INFO  o.e.m.c.i.e.AbstractTransferListenerAdapter - Downloading https://repo.maven.apache.org/maven2/com/thoughtworks/qdox/qdox/2.0.3/qdox-2.0.3.jar
2024-05-11 15:59:32,863 [AetherRepositoryConnector-repo.maven.apache.org-0-4] INFO  o.e.m.c.i.e.AbstractTransferListenerAdapter - Downloaded https://repo.maven.apache.org/maven2/org/codehaus/plexus/plexus-compiler-api/2.13.0/plexus-compiler-api-2.13.0.jar
2024-05-11 15:59:32,866 [AetherRepositoryConnector-repo.maven.apache.org-0-0] INFO  o.e.m.c.i.e.AbstractTransferListenerAdapter - Downloaded https://repo.maven.apache.org/maven2/org/apache/maven/shared/maven-shared-utils/3.3.4/maven-shared-utils-3.3.4.jar
2024-05-11 15:59:33,457 [AetherRepositoryConnector-repo.maven.apache.org-0-4] INFO  o.e.m.c.i.e.AbstractTransferListenerAdapter - Downloading https://repo.maven.apache.org/maven2/org/codehaus/plexus/plexus-compiler-manager/2.13.0/plexus-compiler-manager-2.13.0.jar
2024-05-11 15:59:33,457 [AetherRepositoryConnector-repo.maven.apache.org-0-0] INFO  o.e.m.c.i.e.AbstractTransferListenerAdapter - Downloading https://repo.maven.apache.org/maven2/org/codehaus/plexus/plexus-compiler-javac/2.13.0/plexus-compiler-javac-2.13.0.jar
2024-05-11 15:59:33,640 [AetherRepositoryConnector-repo.maven.apache.org-0-1] INFO  o.e.m.c.i.e.AbstractTransferListenerAdapter - Downloaded https://repo.maven.apache.org/maven2/commons-io/commons-io/2.6/commons-io-2.6.jar
2024-05-11 15:59:34,500 [AetherRepositoryConnector-repo.maven.apache.org-0-0] INFO  o.e.m.c.i.e.AbstractTransferListenerAdapter - Downloaded https://repo.maven.apache.org/maven2/org/codehaus/plexus/plexus-compiler-javac/2.13.0/plexus-compiler-javac-2.13.0.jar
2024-05-11 15:59:34,572 [AetherRepositoryConnector-repo.maven.apache.org-0-4] INFO  o.e.m.c.i.e.AbstractTransferListenerAdapter - Downloaded https://repo.maven.apache.org/maven2/org/codehaus/plexus/plexus-compiler-manager/2.13.0/plexus-compiler-manager-2.13.0.jar
2024-05-11 15:59:35,384 [AetherRepositoryConnector-repo.maven.apache.org-0-2] INFO  o.e.m.c.i.e.AbstractTransferListenerAdapter - Downloaded https://repo.maven.apache.org/maven2/org/codehaus/plexus/plexus-utils/3.5.0/plexus-utils-3.5.0.jar
2024-05-11 15:59:35,438 [AetherRepositoryConnector-repo.maven.apache.org-0-3] INFO  o.e.m.c.i.e.AbstractTransferListenerAdapter - Downloaded https://repo.maven.apache.org/maven2/com/thoughtworks/qdox/qdox/2.0.3/qdox-2.0.3.jar
2024-05-11 15:59:35,856 [Worker-30: Updating Maven Project] INFO  o.e.m.c.i.l.LifecycleMappingFactory - Using org.eclipse.m2e.jdt.JarLifecycleMapping lifecycle mapping for MavenProject: com.demo:student:0.0.1-SNAPSHOT @ C:\Teck Giri\Java Fullstack Developer\Spring Framework\FirstSpringProject\student\pom.xml.
2024-05-11 15:59:35,919 [Worker-30: Updating Maven Project] INFO  o.e.m.c.i.e.AbstractTransferListenerAdapter - Downloading https://repo.maven.apache.org/maven2/org/springframework/boot/spring-boot-starter-data-jpa/3.2.5/spring-boot-starter-data-jpa-3.2.5.pom
2024-05-11 15:59:36,004 [Worker-30: Updating Maven Project] INFO  o.e.m.c.i.e.AbstractTransferListenerAdapter - Downloaded https://repo.maven.apache.org/maven2/org/springframework/boot/spring-boot-starter-data-jpa/3.2.5/spring-boot-starter-data-jpa-3.2.5.pom
2024-05-11 15:59:36,059 [Worker-30: Updating Maven Project] INFO  o.e.m.c.i.e.AbstractTransferListenerAdapter - Downloading https://repo.maven.apache.org/maven2/org/springframework/boot/spring-boot-starter-aop/3.2.5/spring-boot-starter-aop-3.2.5.pom
2024-05-11 15:59:36,131 [Worker-30: Updating Maven Project] INFO  o.e.m.c.i.e.AbstractTransferListenerAdapter - Downloaded https://repo.maven.apache.org/maven2/org/springframework/boot/spring-boot-starter-aop/3.2.5/spring-boot-starter-aop-3.2.5.pom
2024-05-11 15:59:36,190 [Worker-30: Updating Maven Project] INFO  o.e.m.c.i.e.AbstractTransferListenerAdapter - Downloading https://repo.maven.apache.org/maven2/org/springframework/boot/spring-boot-starter/3.2.5/spring-boot-starter-3.2.5.pom
2024-05-11 15:59:36,284 [Worker-30: Updating Maven Project] INFO  o.e.m.c.i.e.AbstractTransferListenerAdapter - Downloaded https://repo.maven.apache.org/maven2/org/springframework/boot/spring-boot-starter/3.2.5/spring-boot-starter-3.2.5.pom
2024-05-11 15:59:36,503 [Worker-30: Updating Maven Project] INFO  o.e.m.c.i.e.AbstractTransferListenerAdapter - Downloading https://repo.maven.apache.org/maven2/org/springframework/boot/spring-boot/3.2.5/spring-boot-3.2.5.pom
2024-05-11 15:59:36,617 [Worker-30: Updating Maven Project] INFO  o.e.m.c.i.e.AbstractTransferListenerAdapter - Downloaded https://repo.maven.apache.org/maven2/org/springframework/boot/spring-boot/3.2.5/spring-boot-3.2.5.pom
2024-05-11 15:59:36,671 [Worker-30: Updating Maven Project] INFO  o.e.m.c.i.e.AbstractTransferListenerAdapter - Downloading https://repo.maven.apache.org/maven2/org/springframework/spring-core/6.1.6/spring-core-6.1.6.pom
2024-05-11 15:59:36,730 [Worker-30: Updating Maven Project] INFO  o.e.m.c.i.e.AbstractTransferListenerAdapter - Downloaded https://repo.maven.apache.org/maven2/org/springframework/spring-core/6.1.6/spring-core-6.1.6.pom
2024-05-11 15:59:36,970 [Worker-30: Updating Maven Project] INFO  o.e.m.c.i.e.AbstractTransferListenerAdapter - Downloading https://repo.maven.apache.org/maven2/org/springframework/spring-jcl/6.1.6/spring-jcl-6.1.6.pom
2024-05-11 15:59:37,058 [Worker-30: Updating Maven Project] INFO  o.e.m.c.i.e.AbstractTransferListenerAdapter - Downloaded https://repo.maven.apache.org/maven2/org/springframework/spring-jcl/6.1.6/spring-jcl-6.1.6.pom
2024-05-11 15:59:37,178 [Worker-30: Updating Maven Project] INFO  o.e.m.c.i.e.AbstractTransferListenerAdapter - Downloading https://repo.maven.apache.org/maven2/org/springframework/spring-context/6.1.6/spring-context-6.1.6.pom
2024-05-11 15:59:37,275 [Worker-30: Updating Maven Project] INFO  o.e.m.c.i.e.AbstractTransferListenerAdapter - Downloaded https://repo.maven.apache.org/maven2/org/springframework/spring-context/6.1.6/spring-context-6.1.6.pom
2024-05-11 15:59:37,334 [Worker-30: Updating Maven Project] INFO  o.e.m.c.i.e.AbstractTransferListenerAdapter - Downloading https://repo.maven.apache.org/maven2/org/springframework/spring-aop/6.1.6/spring-aop-6.1.6.pom
2024-05-11 15:59:37,424 [Worker-30: Updating Maven Project] INFO  o.e.m.c.i.e.AbstractTransferListenerAdapter - Downloaded https://repo.maven.apache.org/maven2/org/springframework/spring-aop/6.1.6/spring-aop-6.1.6.pom
2024-05-11 15:59:37,496 [Worker-30: Updating Maven Project] INFO  o.e.m.c.i.e.AbstractTransferListenerAdapter - Downloading https://repo.maven.apache.org/maven2/org/springframework/spring-beans/6.1.6/spring-beans-6.1.6.pom
2024-05-11 15:59:37,567 [Worker-30: Updating Maven Project] INFO  o.e.m.c.i.e.AbstractTransferListenerAdapter - Downloaded https://repo.maven.apache.org/maven2/org/springframework/spring-beans/6.1.6/spring-beans-6.1.6.pom
2024-05-11 15:59:37,637 [Worker-30: Updating Maven Project] INFO  o.e.m.c.i.e.AbstractTransferListenerAdapter - Downloading https://repo.maven.apache.org/maven2/org/springframework/spring-expression/6.1.6/spring-expression-6.1.6.pom
2024-05-11 15:59:37,737 [Worker-30: Updating Maven Project] INFO  o.e.m.c.i.e.AbstractTransferListenerAdapter - Downloaded https://repo.maven.apache.org/maven2/org/springframework/spring-expression/6.1.6/spring-expression-6.1.6.pom
2024-05-11 15:59:37,885 [Worker-30: Updating Maven Project] INFO  o.e.m.c.i.e.AbstractTransferListenerAdapter - Downloading https://repo.maven.apache.org/maven2/io/micrometer/micrometer-observation/1.12.5/micrometer-observation-1.12.5.pom
2024-05-11 15:59:38,008 [Worker-30: Updating Maven Project] INFO  o.e.m.c.i.e.AbstractTransferListenerAdapter - Downloaded https://repo.maven.apache.org/maven2/io/micrometer/micrometer-observation/1.12.5/micrometer-observation-1.12.5.pom
2024-05-11 15:59:38,059 [Worker-30: Updating Maven Project] INFO  o.e.m.c.i.e.AbstractTransferListenerAdapter - Downloading https://repo.maven.apache.org/maven2/io/micrometer/micrometer-commons/1.12.5/micrometer-commons-1.12.5.pom
2024-05-11 15:59:38,341 [Worker-30: Updating Maven Project] INFO  o.e.m.c.i.e.AbstractTransferListenerAdapter - Downloaded https://repo.maven.apache.org/maven2/io/micrometer/micrometer-commons/1.12.5/micrometer-commons-1.12.5.pom
2024-05-11 15:59:38,418 [Worker-30: Updating Maven Project] INFO  o.e.m.c.i.e.AbstractTransferListenerAdapter - Downloading https://repo.maven.apache.org/maven2/org/springframework/boot/spring-boot-autoconfigure/3.2.5/spring-boot-autoconfigure-3.2.5.pom
2024-05-11 15:59:38,535 [Worker-30: Updating Maven Project] INFO  o.e.m.c.i.e.AbstractTransferListenerAdapter - Downloaded https://repo.maven.apache.org/maven2/org/springframework/boot/spring-boot-autoconfigure/3.2.5/spring-boot-autoconfigure-3.2.5.pom
2024-05-11 15:59:38,721 [Worker-30: Updating Maven Project] INFO  o.e.m.c.i.e.AbstractTransferListenerAdapter - Downloading https://repo.maven.apache.org/maven2/org/springframework/boot/spring-boot-starter-logging/3.2.5/spring-boot-starter-logging-3.2.5.pom
2024-05-11 15:59:38,841 [Worker-30: Updating Maven Project] INFO  o.e.m.c.i.e.AbstractTransferListenerAdapter - Downloaded https://repo.maven.apache.org/maven2/org/springframework/boot/spring-boot-starter-logging/3.2.5/spring-boot-starter-logging-3.2.5.pom
2024-05-11 15:59:38,901 [Worker-30: Updating Maven Project] INFO  o.e.m.c.i.e.AbstractTransferListenerAdapter - Downloading https://repo.maven.apache.org/maven2/ch/qos/logback/logback-classic/1.4.14/logback-classic-1.4.14.pom
2024-05-11 15:59:39,206 [Worker-30: Updating Maven Project] INFO  o.e.m.c.i.e.AbstractTransferListenerAdapter - Downloaded https://repo.maven.apache.org/maven2/ch/qos/logback/logback-classic/1.4.14/logback-classic-1.4.14.pom
2024-05-11 15:59:39,285 [Worker-30: Updating Maven Project] INFO  o.e.m.c.i.e.AbstractTransferListenerAdapter - Downloading https://repo.maven.apache.org/maven2/ch/qos/logback/logback-parent/1.4.14/logback-parent-1.4.14.pom
2024-05-11 15:59:39,648 [Worker-30: Updating Maven Project] INFO  o.e.m.c.i.e.AbstractTransferListenerAdapter - Downloaded https://repo.maven.apache.org/maven2/ch/qos/logback/logback-parent/1.4.14/logback-parent-1.4.14.pom
2024-05-11 15:59:39,720 [Worker-30: Updating Maven Project] INFO  o.e.m.c.i.e.AbstractTransferListenerAdapter - Downloading https://repo.maven.apache.org/maven2/ch/qos/logback/logback-core/1.4.14/logback-core-1.4.14.pom
2024-05-11 15:59:39,887 [Worker-30: Updating Maven Project] INFO  o.e.m.c.i.e.AbstractTransferListenerAdapter - Downloaded https://repo.maven.apache.org/maven2/ch/qos/logback/logback-core/1.4.14/logback-core-1.4.14.pom
2024-05-11 15:59:40,018 [Worker-30: Updating Maven Project] INFO  o.e.m.c.i.e.AbstractTransferListenerAdapter - Downloading https://repo.maven.apache.org/maven2/org/slf4j/slf4j-api/2.0.13/slf4j-api-2.0.13.pom
2024-05-11 15:59:40,098 [Worker-30: Updating Maven Project] INFO  o.e.m.c.i.e.AbstractTransferListenerAdapter - Downloaded https://repo.maven.apache.org/maven2/org/slf4j/slf4j-api/2.0.13/slf4j-api-2.0.13.pom
2024-05-11 15:59:40,149 [Worker-30: Updating Maven Project] INFO  o.e.m.c.i.e.AbstractTransferListenerAdapter - Downloading https://repo.maven.apache.org/maven2/org/slf4j/slf4j-parent/2.0.13/slf4j-parent-2.0.13.pom
2024-05-11 15:59:40,432 [Worker-30: Updating Maven Project] INFO  o.e.m.c.i.e.AbstractTransferListenerAdapter - Downloaded https://repo.maven.apache.org/maven2/org/slf4j/slf4j-parent/2.0.13/slf4j-parent-2.0.13.pom
2024-05-11 15:59:40,493 [Worker-30: Updating Maven Project] INFO  o.e.m.c.i.e.AbstractTransferListenerAdapter - Downloading https://repo.maven.apache.org/maven2/org/slf4j/slf4j-bom/2.0.13/slf4j-bom-2.0.13.pom
2024-05-11 15:59:40,616 [Worker-30: Updating Maven Project] INFO  o.e.m.c.i.e.AbstractTransferListenerAdapter - Downloaded https://repo.maven.apache.org/maven2/org/slf4j/slf4j-bom/2.0.13/slf4j-bom-2.0.13.pom
2024-05-11 15:59:40,679 [Worker-30: Updating Maven Project] INFO  o.e.m.c.i.e.AbstractTransferListenerAdapter - Downloading https://repo.maven.apache.org/maven2/org/apache/logging/log4j/log4j-to-slf4j/2.21.1/log4j-to-slf4j-2.21.1.pom
2024-05-11 15:59:40,819 [Worker-30: Updating Maven Project] INFO  o.e.m.c.i.e.AbstractTransferListenerAdapter - Downloaded https://repo.maven.apache.org/maven2/org/apache/logging/log4j/log4j-to-slf4j/2.21.1/log4j-to-slf4j-2.21.1.pom
2024-05-11 15:59:40,870 [Worker-30: Updating Maven Project] INFO  o.e.m.c.i.e.AbstractTransferListenerAdapter - Downloading https://repo.maven.apache.org/maven2/org/apache/logging/log4j/log4j/2.21.1/log4j-2.21.1.pom
2024-05-11 15:59:41,171 [Worker-30: Updating Maven Project] INFO  o.e.m.c.i.e.AbstractTransferListenerAdapter - Downloaded https://repo.maven.apache.org/maven2/org/apache/logging/log4j/log4j/2.21.1/log4j-2.21.1.pom
2024-05-11 15:59:41,249 [Worker-30: Updating Maven Project] INFO  o.e.m.c.i.e.AbstractTransferListenerAdapter - Downloading https://repo.maven.apache.org/maven2/org/ow2/asm/asm-bom/9.5/asm-bom-9.5.pom
2024-05-11 15:59:41,317 [Worker-30: Updating Maven Project] INFO  o.e.m.c.i.e.AbstractTransferListenerAdapter - Downloaded https://repo.maven.apache.org/maven2/org/ow2/asm/asm-bom/9.5/asm-bom-9.5.pom
2024-05-11 15:59:41,361 [Worker-30: Updating Maven Project] INFO  o.e.m.c.i.e.AbstractTransferListenerAdapter - Downloading https://repo.maven.apache.org/maven2/org/codehaus/groovy/groovy-bom/3.0.19/groovy-bom-3.0.19.pom
2024-05-11 15:59:41,545 [Worker-30: Updating Maven Project] INFO  o.e.m.c.i.e.AbstractTransferListenerAdapter - Downloaded https://repo.maven.apache.org/maven2/org/codehaus/groovy/groovy-bom/3.0.19/groovy-bom-3.0.19.pom
2024-05-11 15:59:41,619 [Worker-30: Updating Maven Project] INFO  o.e.m.c.i.e.AbstractTransferListenerAdapter - Downloading https://repo.maven.apache.org/maven2/com/fasterxml/jackson/jackson-bom/2.15.2/jackson-bom-2.15.2.pom
2024-05-11 15:59:41,792 [Worker-30: Updating Maven Project] INFO  o.e.m.c.i.e.AbstractTransferListenerAdapter - Downloaded https://repo.maven.apache.org/maven2/com/fasterxml/jackson/jackson-bom/2.15.2/jackson-bom-2.15.2.pom
2024-05-11 15:59:41,854 [Worker-30: Updating Maven Project] INFO  o.e.m.c.i.e.AbstractTransferListenerAdapter - Downloading https://repo.maven.apache.org/maven2/jakarta/platform/jakarta.jakartaee-bom/9.1.0/jakarta.jakartaee-bom-9.1.0.pom
2024-05-11 15:59:41,996 [Worker-30: Updating Maven Project] INFO  o.e.m.c.i.e.AbstractTransferListenerAdapter - Downloaded https://repo.maven.apache.org/maven2/jakarta/platform/jakarta.jakartaee-bom/9.1.0/jakarta.jakartaee-bom-9.1.0.pom
2024-05-11 15:59:42,053 [Worker-30: Updating Maven Project] INFO  o.e.m.c.i.e.AbstractTransferListenerAdapter - Downloading https://repo.maven.apache.org/maven2/jakarta/platform/jakartaee-api-parent/9.1.0/jakartaee-api-parent-9.1.0.pom
2024-05-11 15:59:42,187 [Worker-30: Updating Maven Project] INFO  o.e.m.c.i.e.AbstractTransferListenerAdapter - Downloaded https://repo.maven.apache.org/maven2/jakarta/platform/jakartaee-api-parent/9.1.0/jakartaee-api-parent-9.1.0.pom
2024-05-11 15:59:42,242 [Worker-30: Updating Maven Project] INFO  o.e.m.c.i.e.AbstractTransferListenerAdapter - Downloading https://repo.maven.apache.org/maven2/org/eclipse/ee4j/project/1.0.7/project-1.0.7.pom
2024-05-11 15:59:42,358 [Worker-30: Updating Maven Project] INFO  o.e.m.c.i.e.AbstractTransferListenerAdapter - Downloaded https://repo.maven.apache.org/maven2/org/eclipse/ee4j/project/1.0.7/project-1.0.7.pom
2024-05-11 15:59:42,411 [Worker-30: Updating Maven Project] INFO  o.e.m.c.i.e.AbstractTransferListenerAdapter - Downloading https://repo.maven.apache.org/maven2/org/eclipse/jetty/jetty-bom/9.4.53.v20231009/jetty-bom-9.4.53.v20231009.pom
2024-05-11 15:59:42,587 [Worker-30: Updating Maven Project] INFO  o.e.m.c.i.e.AbstractTransferListenerAdapter - Downloaded https://repo.maven.apache.org/maven2/org/eclipse/jetty/jetty-bom/9.4.53.v20231009/jetty-bom-9.4.53.v20231009.pom
2024-05-11 15:59:42,629 [Worker-30: Updating Maven Project] INFO  o.e.m.c.i.e.AbstractTransferListenerAdapter - Downloading https://repo.maven.apache.org/maven2/org/junit/junit-bom/5.10.0/junit-bom-5.10.0.pom
2024-05-11 15:59:42,765 [Worker-30: Updating Maven Project] INFO  o.e.m.c.i.e.AbstractTransferListenerAdapter - Downloaded https://repo.maven.apache.org/maven2/org/junit/junit-bom/5.10.0/junit-bom-5.10.0.pom
2024-05-11 15:59:42,810 [Worker-30: Updating Maven Project] INFO  o.e.m.c.i.e.AbstractTransferListenerAdapter - Downloading https://repo.maven.apache.org/maven2/io/fabric8/kubernetes-client-bom/5.12.4/kubernetes-client-bom-5.12.4.pom
2024-05-11 15:59:43,125 [Worker-30: Updating Maven Project] INFO  o.e.m.c.i.e.AbstractTransferListenerAdapter - Downloaded https://repo.maven.apache.org/maven2/io/fabric8/kubernetes-client-bom/5.12.4/kubernetes-client-bom-5.12.4.pom
2024-05-11 15:59:43,201 [Worker-30: Updating Maven Project] INFO  o.e.m.c.i.e.AbstractTransferListenerAdapter - Downloading https://repo.maven.apache.org/maven2/org/mockito/mockito-bom/4.11.0/mockito-bom-4.11.0.pom
2024-05-11 15:59:43,374 [Worker-30: Updating Maven Project] INFO  o.e.m.c.i.e.AbstractTransferListenerAdapter - Downloaded https://repo.maven.apache.org/maven2/org/mockito/mockito-bom/4.11.0/mockito-bom-4.11.0.pom
2024-05-11 15:59:43,514 [Worker-30: Updating Maven Project] INFO  o.e.m.c.i.e.AbstractTransferListenerAdapter - Downloading https://repo.maven.apache.org/maven2/io/netty/netty-bom/4.1.97.Final/netty-bom-4.1.97.Final.pom
2024-05-11 15:59:43,599 [Worker-30: Updating Maven Project] INFO  o.e.m.c.i.e.AbstractTransferListenerAdapter - Downloaded https://repo.maven.apache.org/maven2/io/netty/netty-bom/4.1.97.Final/netty-bom-4.1.97.Final.pom
2024-05-11 15:59:43,661 [Worker-30: Updating Maven Project] INFO  o.e.m.c.i.e.AbstractTransferListenerAdapter - Downloading https://repo.maven.apache.org/maven2/org/springframework/spring-framework-bom/5.3.29/spring-framework-bom-5.3.29.pom
2024-05-11 15:59:43,873 [Worker-30: Updating Maven Project] INFO  o.e.m.c.i.e.AbstractTransferListenerAdapter - Downloaded https://repo.maven.apache.org/maven2/org/springframework/spring-framework-bom/5.3.29/spring-framework-bom-5.3.29.pom
2024-05-11 15:59:43,997 [Worker-30: Updating Maven Project] INFO  o.e.m.c.i.e.AbstractTransferListenerAdapter - Downloading https://repo.maven.apache.org/maven2/org/apache/logging/log4j/log4j-api/2.21.1/log4j-api-2.21.1.pom
2024-05-11 15:59:44,071 [Worker-30: Updating Maven Project] INFO  o.e.m.c.i.e.AbstractTransferListenerAdapter - Downloaded https://repo.maven.apache.org/maven2/org/apache/logging/log4j/log4j-api/2.21.1/log4j-api-2.21.1.pom
2024-05-11 15:59:44,118 [Worker-30: Updating Maven Project] INFO  o.e.m.c.i.e.AbstractTransferListenerAdapter - Downloading https://repo.maven.apache.org/maven2/org/slf4j/jul-to-slf4j/2.0.13/jul-to-slf4j-2.0.13.pom
2024-05-11 15:59:44,195 [Worker-30: Updating Maven Project] INFO  o.e.m.c.i.e.AbstractTransferListenerAdapter - Downloaded https://repo.maven.apache.org/maven2/org/slf4j/jul-to-slf4j/2.0.13/jul-to-slf4j-2.0.13.pom
2024-05-11 15:59:44,280 [Worker-30: Updating Maven Project] INFO  o.e.m.c.i.e.AbstractTransferListenerAdapter - Downloading https://repo.maven.apache.org/maven2/jakarta/annotation/jakarta.annotation-api/2.1.1/jakarta.annotation-api-2.1.1.pom
2024-05-11 15:59:44,584 [Worker-30: Updating Maven Project] INFO  o.e.m.c.i.e.AbstractTransferListenerAdapter - Downloaded https://repo.maven.apache.org/maven2/jakarta/annotation/jakarta.annotation-api/2.1.1/jakarta.annotation-api-2.1.1.pom
2024-05-11 15:59:44,643 [Worker-30: Updating Maven Project] INFO  o.e.m.c.i.e.AbstractTransferListenerAdapter - Downloading https://repo.maven.apache.org/maven2/org/yaml/snakeyaml/2.2/snakeyaml-2.2.pom
2024-05-11 15:59:45,019 [Worker-30: Updating Maven Project] INFO  o.e.m.c.i.e.AbstractTransferListenerAdapter - Downloaded https://repo.maven.apache.org/maven2/org/yaml/snakeyaml/2.2/snakeyaml-2.2.pom
2024-05-11 15:59:45,270 [Worker-30: Updating Maven Project] INFO  o.e.m.c.i.e.AbstractTransferListenerAdapter - Downloading https://repo.maven.apache.org/maven2/org/aspectj/aspectjweaver/1.9.22/aspectjweaver-1.9.22.pom
2024-05-11 15:59:45,368 [Worker-30: Updating Maven Project] INFO  o.e.m.c.i.e.AbstractTransferListenerAdapter - Downloaded https://repo.maven.apache.org/maven2/org/aspectj/aspectjweaver/1.9.22/aspectjweaver-1.9.22.pom
2024-05-11 15:59:45,425 [Worker-30: Updating Maven Project] INFO  o.e.m.c.i.e.AbstractTransferListenerAdapter - Downloading https://repo.maven.apache.org/maven2/org/springframework/boot/spring-boot-starter-jdbc/3.2.5/spring-boot-starter-jdbc-3.2.5.pom
2024-05-11 15:59:45,542 [Worker-30: Updating Maven Project] INFO  o.e.m.c.i.e.AbstractTransferListenerAdapter - Downloaded https://repo.maven.apache.org/maven2/org/springframework/boot/spring-boot-starter-jdbc/3.2.5/spring-boot-starter-jdbc-3.2.5.pom
2024-05-11 15:59:45,601 [Worker-30: Updating Maven Project] INFO  o.e.m.c.i.e.AbstractTransferListenerAdapter - Downloading https://repo.maven.apache.org/maven2/com/zaxxer/HikariCP/5.0.1/HikariCP-5.0.1.pom
2024-05-11 15:59:45,954 [Worker-30: Updating Maven Project] INFO  o.e.m.c.i.e.AbstractTransferListenerAdapter - Downloaded https://repo.maven.apache.org/maven2/com/zaxxer/HikariCP/5.0.1/HikariCP-5.0.1.pom
2024-05-11 15:59:46,029 [Worker-30: Updating Maven Project] INFO  o.e.m.c.i.e.AbstractTransferListenerAdapter - Downloading https://repo.maven.apache.org/maven2/org/springframework/spring-jdbc/6.1.6/spring-jdbc-6.1.6.pom
2024-05-11 15:59:46,103 [Worker-30: Updating Maven Project] INFO  o.e.m.c.i.e.AbstractTransferListenerAdapter - Downloaded https://repo.maven.apache.org/maven2/org/springframework/spring-jdbc/6.1.6/spring-jdbc-6.1.6.pom
2024-05-11 15:59:46,319 [Worker-30: Updating Maven Project] INFO  o.e.m.c.i.e.AbstractTransferListenerAdapter - Downloading https://repo.maven.apache.org/maven2/org/springframework/spring-tx/6.1.6/spring-tx-6.1.6.pom
2024-05-11 15:59:46,418 [Worker-30: Updating Maven Project] INFO  o.e.m.c.i.e.AbstractTransferListenerAdapter - Downloaded https://repo.maven.apache.org/maven2/org/springframework/spring-tx/6.1.6/spring-tx-6.1.6.pom
2024-05-11 15:59:46,483 [Worker-30: Updating Maven Project] INFO  o.e.m.c.i.e.AbstractTransferListenerAdapter - Downloading https://repo.maven.apache.org/maven2/org/hibernate/orm/hibernate-core/6.4.4.Final/hibernate-core-6.4.4.Final.pom
2024-05-11 15:59:46,641 [Worker-30: Updating Maven Project] INFO  o.e.m.c.i.e.AbstractTransferListenerAdapter - Downloaded https://repo.maven.apache.org/maven2/org/hibernate/orm/hibernate-core/6.4.4.Final/hibernate-core-6.4.4.Final.pom
2024-05-11 15:59:46,702 [Worker-30: Updating Maven Project] INFO  o.e.m.c.i.e.AbstractTransferListenerAdapter - Downloading https://repo.maven.apache.org/maven2/jakarta/persistence/jakarta.persistence-api/3.1.0/jakarta.persistence-api-3.1.0.pom
2024-05-11 15:59:46,903 [Worker-30: Updating Maven Project] INFO  o.e.m.c.i.e.AbstractTransferListenerAdapter - Downloaded https://repo.maven.apache.org/maven2/jakarta/persistence/jakarta.persistence-api/3.1.0/jakarta.persistence-api-3.1.0.pom
2024-05-11 15:59:46,959 [Worker-30: Updating Maven Project] INFO  o.e.m.c.i.e.AbstractTransferListenerAdapter - Downloading https://repo.maven.apache.org/maven2/jakarta/transaction/jakarta.transaction-api/2.0.1/jakarta.transaction-api-2.0.1.pom
2024-05-11 15:59:47,185 [Worker-30: Updating Maven Project] INFO  o.e.m.c.i.e.AbstractTransferListenerAdapter - Downloaded https://repo.maven.apache.org/maven2/jakarta/transaction/jakarta.transaction-api/2.0.1/jakarta.transaction-api-2.0.1.pom
2024-05-11 15:59:47,350 [Worker-30: Updating Maven Project] INFO  o.e.m.c.i.e.AbstractTransferListenerAdapter - Downloading https://repo.maven.apache.org/maven2/org/eclipse/ee4j/project/1.0.6/project-1.0.6.pom
2024-05-11 15:59:47,430 [Worker-30: Updating Maven Project] INFO  o.e.m.c.i.e.AbstractTransferListenerAdapter - Downloaded https://repo.maven.apache.org/maven2/org/eclipse/ee4j/project/1.0.6/project-1.0.6.pom
2024-05-11 15:59:47,588 [Worker-30: Updating Maven Project] INFO  o.e.m.c.i.e.AbstractTransferListenerAdapter - Downloading https://repo.maven.apache.org/maven2/org/jboss/logging/jboss-logging/3.5.3.Final/jboss-logging-3.5.3.Final.pom
2024-05-11 15:59:47,699 [Worker-30: Updating Maven Project] INFO  o.e.m.c.i.e.AbstractTransferListenerAdapter - Downloaded https://repo.maven.apache.org/maven2/org/jboss/logging/jboss-logging/3.5.3.Final/jboss-logging-3.5.3.Final.pom
2024-05-11 15:59:47,799 [Worker-30: Updating Maven Project] INFO  o.e.m.c.i.e.AbstractTransferListenerAdapter - Downloading https://repo.maven.apache.org/maven2/org/jboss/logging/logging-parent/1.0.1.Final/logging-parent-1.0.1.Final.pom
2024-05-11 15:59:47,899 [Worker-30: Updating Maven Project] INFO  o.e.m.c.i.e.AbstractTransferListenerAdapter - Downloaded https://repo.maven.apache.org/maven2/org/jboss/logging/logging-parent/1.0.1.Final/logging-parent-1.0.1.Final.pom
2024-05-11 15:59:48,003 [Worker-30: Updating Maven Project] INFO  o.e.m.c.i.e.AbstractTransferListenerAdapter - Downloading https://repo.maven.apache.org/maven2/org/junit/junit-bom/5.9.3/junit-bom-5.9.3.pom
2024-05-11 15:59:48,070 [Worker-30: Updating Maven Project] INFO  o.e.m.c.i.e.AbstractTransferListenerAdapter - Downloaded https://repo.maven.apache.org/maven2/org/junit/junit-bom/5.9.3/junit-bom-5.9.3.pom
2024-05-11 15:59:48,151 [Worker-30: Updating Maven Project] INFO  o.e.m.c.i.e.AbstractTransferListenerAdapter - Downloading https://repo.maven.apache.org/maven2/org/hibernate/common/hibernate-commons-annotations/6.0.6.Final/hibernate-commons-annotations-6.0.6.Final.pom
2024-05-11 15:59:48,211 [Worker-30: Updating Maven Project] INFO  o.e.m.c.i.e.AbstractTransferListenerAdapter - Downloaded https://repo.maven.apache.org/maven2/org/hibernate/common/hibernate-commons-annotations/6.0.6.Final/hibernate-commons-annotations-6.0.6.Final.pom
2024-05-11 15:59:48,260 [Worker-30: Updating Maven Project] INFO  o.e.m.c.i.e.AbstractTransferListenerAdapter - Downloading https://repo.maven.apache.org/maven2/io/smallrye/jandex/3.1.2/jandex-3.1.2.pom
2024-05-11 15:59:48,429 [Worker-30: Updating Maven Project] INFO  o.e.m.c.i.e.AbstractTransferListenerAdapter - Downloaded https://repo.maven.apache.org/maven2/io/smallrye/jandex/3.1.2/jandex-3.1.2.pom
2024-05-11 15:59:48,480 [Worker-30: Updating Maven Project] INFO  o.e.m.c.i.e.AbstractTransferListenerAdapter - Downloading https://repo.maven.apache.org/maven2/io/smallrye/jandex-parent/3.1.2/jandex-parent-3.1.2.pom
2024-05-11 15:59:48,600 [Worker-30: Updating Maven Project] INFO  o.e.m.c.i.e.AbstractTransferListenerAdapter - Downloaded https://repo.maven.apache.org/maven2/io/smallrye/jandex-parent/3.1.2/jandex-parent-3.1.2.pom
2024-05-11 15:59:48,651 [Worker-30: Updating Maven Project] INFO  o.e.m.c.i.e.AbstractTransferListenerAdapter - Downloading https://repo.maven.apache.org/maven2/io/smallrye/smallrye-build-parent/39/smallrye-build-parent-39.pom
2024-05-11 15:59:48,880 [Worker-30: Updating Maven Project] INFO  o.e.m.c.i.e.AbstractTransferListenerAdapter - Downloaded https://repo.maven.apache.org/maven2/io/smallrye/smallrye-build-parent/39/smallrye-build-parent-39.pom
2024-05-11 15:59:48,930 [Worker-30: Updating Maven Project] INFO  o.e.m.c.i.e.AbstractTransferListenerAdapter - Downloading https://repo.maven.apache.org/maven2/com/fasterxml/classmate/1.6.0/classmate-1.6.0.pom
2024-05-11 15:59:49,053 [Worker-30: Updating Maven Project] INFO  o.e.m.c.i.e.AbstractTransferListenerAdapter - Downloaded https://repo.maven.apache.org/maven2/com/fasterxml/classmate/1.6.0/classmate-1.6.0.pom
2024-05-11 15:59:49,099 [Worker-30: Updating Maven Project] INFO  o.e.m.c.i.e.AbstractTransferListenerAdapter - Downloading https://repo.maven.apache.org/maven2/com/fasterxml/oss-parent/55/oss-parent-55.pom
2024-05-11 15:59:49,361 [Worker-30: Updating Maven Project] INFO  o.e.m.c.i.e.AbstractTransferListenerAdapter - Downloaded https://repo.maven.apache.org/maven2/com/fasterxml/oss-parent/55/oss-parent-55.pom
2024-05-11 15:59:49,429 [Worker-30: Updating Maven Project] INFO  o.e.m.c.i.e.AbstractTransferListenerAdapter - Downloading https://repo.maven.apache.org/maven2/net/bytebuddy/byte-buddy/1.14.13/byte-buddy-1.14.13.pom
2024-05-11 15:59:49,549 [Worker-30: Updating Maven Project] INFO  o.e.m.c.i.e.AbstractTransferListenerAdapter - Downloaded https://repo.maven.apache.org/maven2/net/bytebuddy/byte-buddy/1.14.13/byte-buddy-1.14.13.pom
2024-05-11 15:59:49,601 [Worker-30: Updating Maven Project] INFO  o.e.m.c.i.e.AbstractTransferListenerAdapter - Downloading https://repo.maven.apache.org/maven2/net/bytebuddy/byte-buddy-parent/1.14.13/byte-buddy-parent-1.14.13.pom
2024-05-11 15:59:50,114 [Worker-30: Updating Maven Project] INFO  o.e.m.c.i.e.AbstractTransferListenerAdapter - Downloaded https://repo.maven.apache.org/maven2/net/bytebuddy/byte-buddy-parent/1.14.13/byte-buddy-parent-1.14.13.pom
2024-05-11 15:59:50,290 [Worker-30: Updating Maven Project] INFO  o.e.m.c.i.e.AbstractTransferListenerAdapter - Downloading https://repo.maven.apache.org/maven2/jakarta/xml/bind/jakarta.xml.bind-api/4.0.2/jakarta.xml.bind-api-4.0.2.pom
2024-05-11 15:59:50,415 [Worker-30: Updating Maven Project] INFO  o.e.m.c.i.e.AbstractTransferListenerAdapter - Downloaded https://repo.maven.apache.org/maven2/jakarta/xml/bind/jakarta.xml.bind-api/4.0.2/jakarta.xml.bind-api-4.0.2.pom
2024-05-11 15:59:50,459 [Worker-30: Updating Maven Project] INFO  o.e.m.c.i.e.AbstractTransferListenerAdapter - Downloading https://repo.maven.apache.org/maven2/jakarta/xml/bind/jakarta.xml.bind-api-parent/4.0.2/jakarta.xml.bind-api-parent-4.0.2.pom
2024-05-11 15:59:50,623 [Worker-30: Updating Maven Project] INFO  o.e.m.c.i.e.AbstractTransferListenerAdapter - Downloaded https://repo.maven.apache.org/maven2/jakarta/xml/bind/jakarta.xml.bind-api-parent/4.0.2/jakarta.xml.bind-api-parent-4.0.2.pom
2024-05-11 15:59:50,711 [Worker-30: Updating Maven Project] INFO  o.e.m.c.i.e.AbstractTransferListenerAdapter - Downloading https://repo.maven.apache.org/maven2/jakarta/activation/jakarta.activation-api/2.1.3/jakarta.activation-api-2.1.3.pom
2024-05-11 15:59:50,942 [Worker-30: Updating Maven Project] INFO  o.e.m.c.i.e.AbstractTransferListenerAdapter - Downloaded https://repo.maven.apache.org/maven2/jakarta/activation/jakarta.activation-api/2.1.3/jakarta.activation-api-2.1.3.pom
2024-05-11 15:59:51,108 [Worker-30: Updating Maven Project] INFO  o.e.m.c.i.e.AbstractTransferListenerAdapter - Downloading https://repo.maven.apache.org/maven2/org/glassfish/jaxb/jaxb-runtime/4.0.5/jaxb-runtime-4.0.5.pom
2024-05-11 15:59:51,229 [Worker-30: Updating Maven Project] INFO  o.e.m.c.i.e.AbstractTransferListenerAdapter - Downloaded https://repo.maven.apache.org/maven2/org/glassfish/jaxb/jaxb-runtime/4.0.5/jaxb-runtime-4.0.5.pom
2024-05-11 15:59:51,471 [Worker-30: Updating Maven Project] INFO  o.e.m.c.i.e.AbstractTransferListenerAdapter - Downloading https://repo.maven.apache.org/maven2/com/sun/xml/bind/mvn/jaxb-runtime-parent/4.0.5/jaxb-runtime-parent-4.0.5.pom
2024-05-11 15:59:51,556 [Worker-30: Updating Maven Project] INFO  o.e.m.c.i.e.AbstractTransferListenerAdapter - Downloaded https://repo.maven.apache.org/maven2/com/sun/xml/bind/mvn/jaxb-runtime-parent/4.0.5/jaxb-runtime-parent-4.0.5.pom
2024-05-11 15:59:51,601 [Worker-30: Updating Maven Project] INFO  o.e.m.c.i.e.AbstractTransferListenerAdapter - Downloading https://repo.maven.apache.org/maven2/com/sun/xml/bind/mvn/jaxb-parent/4.0.5/jaxb-parent-4.0.5.pom
2024-05-11 15:59:51,994 [Worker-30: Updating Maven Project] INFO  o.e.m.c.i.e.AbstractTransferListenerAdapter - Downloaded https://repo.maven.apache.org/maven2/com/sun/xml/bind/mvn/jaxb-parent/4.0.5/jaxb-parent-4.0.5.pom
2024-05-11 15:59:52,042 [Worker-30: Updating Maven Project] INFO  o.e.m.c.i.e.AbstractTransferListenerAdapter - Downloading https://repo.maven.apache.org/maven2/com/sun/xml/bind/jaxb-bom-ext/4.0.5/jaxb-bom-ext-4.0.5.pom
2024-05-11 15:59:52,240 [Worker-30: Updating Maven Project] INFO  o.e.m.c.i.e.AbstractTransferListenerAdapter - Downloaded https://repo.maven.apache.org/maven2/com/sun/xml/bind/jaxb-bom-ext/4.0.5/jaxb-bom-ext-4.0.5.pom
2024-05-11 15:59:52,288 [Worker-30: Updating Maven Project] INFO  o.e.m.c.i.e.AbstractTransferListenerAdapter - Downloading https://repo.maven.apache.org/maven2/org/glassfish/jaxb/jaxb-core/4.0.5/jaxb-core-4.0.5.pom
2024-05-11 15:59:52,482 [Worker-30: Updating Maven Project] INFO  o.e.m.c.i.e.AbstractTransferListenerAdapter - Downloaded https://repo.maven.apache.org/maven2/org/glassfish/jaxb/jaxb-core/4.0.5/jaxb-core-4.0.5.pom
2024-05-11 15:59:52,614 [Worker-30: Updating Maven Project] INFO  o.e.m.c.i.e.AbstractTransferListenerAdapter - Downloading https://repo.maven.apache.org/maven2/org/eclipse/angus/angus-activation/2.0.2/angus-activation-2.0.2.pom
2024-05-11 15:59:52,696 [Worker-30: Updating Maven Project] INFO  o.e.m.c.i.e.AbstractTransferListenerAdapter - Downloaded https://repo.maven.apache.org/maven2/org/eclipse/angus/angus-activation/2.0.2/angus-activation-2.0.2.pom
2024-05-11 15:59:52,749 [Worker-30: Updating Maven Project] INFO  o.e.m.c.i.e.AbstractTransferListenerAdapter - Downloading https://repo.maven.apache.org/maven2/org/eclipse/angus/angus-activation-project/2.0.2/angus-activation-project-2.0.2.pom
2024-05-11 15:59:53,084 [Worker-30: Updating Maven Project] INFO  o.e.m.c.i.e.AbstractTransferListenerAdapter - Downloaded https://repo.maven.apache.org/maven2/org/eclipse/angus/angus-activation-project/2.0.2/angus-activation-project-2.0.2.pom
2024-05-11 15:59:53,132 [Worker-30: Updating Maven Project] INFO  o.e.m.c.i.e.AbstractTransferListenerAdapter - Downloading https://repo.maven.apache.org/maven2/org/glassfish/jaxb/txw2/4.0.5/txw2-4.0.5.pom
2024-05-11 15:59:53,443 [Worker-30: Updating Maven Project] INFO  o.e.m.c.i.e.AbstractTransferListenerAdapter - Downloaded https://repo.maven.apache.org/maven2/org/glassfish/jaxb/txw2/4.0.5/txw2-4.0.5.pom
2024-05-11 15:59:53,508 [Worker-30: Updating Maven Project] INFO  o.e.m.c.i.e.AbstractTransferListenerAdapter - Downloading https://repo.maven.apache.org/maven2/com/sun/xml/bind/mvn/jaxb-txw-parent/4.0.5/jaxb-txw-parent-4.0.5.pom
2024-05-11 15:59:53,609 [Worker-30: Updating Maven Project] INFO  o.e.m.c.i.e.AbstractTransferListenerAdapter - Downloaded https://repo.maven.apache.org/maven2/com/sun/xml/bind/mvn/jaxb-txw-parent/4.0.5/jaxb-txw-parent-4.0.5.pom
2024-05-11 15:59:53,668 [Worker-30: Updating Maven Project] INFO  o.e.m.c.i.e.AbstractTransferListenerAdapter - Downloading https://repo.maven.apache.org/maven2/com/sun/istack/istack-commons-runtime/4.1.2/istack-commons-runtime-4.1.2.pom
2024-05-11 15:59:53,779 [Worker-30: Updating Maven Project] INFO  o.e.m.c.i.e.AbstractTransferListenerAdapter - Downloaded https://repo.maven.apache.org/maven2/com/sun/istack/istack-commons-runtime/4.1.2/istack-commons-runtime-4.1.2.pom
2024-05-11 15:59:53,819 [Worker-30: Updating Maven Project] INFO  o.e.m.c.i.e.AbstractTransferListenerAdapter - Downloading https://repo.maven.apache.org/maven2/com/sun/istack/istack-commons/4.1.2/istack-commons-4.1.2.pom
2024-05-11 15:59:54,081 [Worker-30: Updating Maven Project] INFO  o.e.m.c.i.e.AbstractTransferListenerAdapter - Downloaded https://repo.maven.apache.org/maven2/com/sun/istack/istack-commons/4.1.2/istack-commons-4.1.2.pom
2024-05-11 15:59:54,125 [Worker-30: Updating Maven Project] INFO  o.e.m.c.i.e.AbstractTransferListenerAdapter - Downloading https://repo.maven.apache.org/maven2/jakarta/inject/jakarta.inject-api/2.0.1/jakarta.inject-api-2.0.1.pom
2024-05-11 15:59:54,229 [Worker-30: Updating Maven Project] INFO  o.e.m.c.i.e.AbstractTransferListenerAdapter - Downloaded https://repo.maven.apache.org/maven2/jakarta/inject/jakarta.inject-api/2.0.1/jakarta.inject-api-2.0.1.pom
2024-05-11 15:59:54,290 [Worker-30: Updating Maven Project] INFO  o.e.m.c.i.e.AbstractTransferListenerAdapter - Downloading https://repo.maven.apache.org/maven2/org/antlr/antlr4-runtime/4.13.0/antlr4-runtime-4.13.0.pom
2024-05-11 15:59:54,355 [Worker-30: Updating Maven Project] INFO  o.e.m.c.i.e.AbstractTransferListenerAdapter - Downloaded https://repo.maven.apache.org/maven2/org/antlr/antlr4-runtime/4.13.0/antlr4-runtime-4.13.0.pom
2024-05-11 15:59:54,412 [Worker-30: Updating Maven Project] INFO  o.e.m.c.i.e.AbstractTransferListenerAdapter - Downloading https://repo.maven.apache.org/maven2/org/antlr/antlr4-master/4.13.0/antlr4-master-4.13.0.pom
2024-05-11 15:59:54,559 [Worker-30: Updating Maven Project] INFO  o.e.m.c.i.e.AbstractTransferListenerAdapter - Downloaded https://repo.maven.apache.org/maven2/org/antlr/antlr4-master/4.13.0/antlr4-master-4.13.0.pom
2024-05-11 15:59:54,609 [Worker-30: Updating Maven Project] INFO  o.e.m.c.i.e.AbstractTransferListenerAdapter - Downloading https://repo.maven.apache.org/maven2/org/springframework/data/spring-data-jpa/3.2.5/spring-data-jpa-3.2.5.pom
2024-05-11 15:59:54,766 [Worker-30: Updating Maven Project] INFO  o.e.m.c.i.e.AbstractTransferListenerAdapter - Downloaded https://repo.maven.apache.org/maven2/org/springframework/data/spring-data-jpa/3.2.5/spring-data-jpa-3.2.5.pom
2024-05-11 15:59:54,829 [Worker-30: Updating Maven Project] INFO  o.e.m.c.i.e.AbstractTransferListenerAdapter - Downloading https://repo.maven.apache.org/maven2/org/springframework/data/spring-data-jpa-parent/3.2.5/spring-data-jpa-parent-3.2.5.pom
2024-05-11 15:59:54,969 [Worker-30: Updating Maven Project] INFO  o.e.m.c.i.e.AbstractTransferListenerAdapter - Downloaded https://repo.maven.apache.org/maven2/org/springframework/data/spring-data-jpa-parent/3.2.5/spring-data-jpa-parent-3.2.5.pom
2024-05-11 15:59:55,037 [Worker-30: Updating Maven Project] INFO  o.e.m.c.i.e.AbstractTransferListenerAdapter - Downloading https://repo.maven.apache.org/maven2/org/springframework/data/build/spring-data-parent/3.2.5/spring-data-parent-3.2.5.pom
2024-05-11 15:59:55,508 [Worker-30: Updating Maven Project] INFO  o.e.m.c.i.e.AbstractTransferListenerAdapter - Downloaded https://repo.maven.apache.org/maven2/org/springframework/data/build/spring-data-parent/3.2.5/spring-data-parent-3.2.5.pom
2024-05-11 15:59:55,569 [Worker-30: Updating Maven Project] INFO  o.e.m.c.i.e.AbstractTransferListenerAdapter - Downloading https://repo.maven.apache.org/maven2/org/springframework/data/build/spring-data-build/3.2.5/spring-data-build-3.2.5.pom
2024-05-11 15:59:55,825 [Worker-30: Updating Maven Project] INFO  o.e.m.c.i.e.AbstractTransferListenerAdapter - Downloaded https://repo.maven.apache.org/maven2/org/springframework/data/build/spring-data-build/3.2.5/spring-data-build-3.2.5.pom
2024-05-11 15:59:56,085 [Worker-30: Updating Maven Project] INFO  o.e.m.c.i.e.AbstractTransferListenerAdapter - Downloading https://repo.maven.apache.org/maven2/org/springframework/data/spring-data-commons/3.2.5/spring-data-commons-3.2.5.pom
2024-05-11 15:59:56,172 [Worker-30: Updating Maven Project] INFO  o.e.m.c.i.e.AbstractTransferListenerAdapter - Downloaded https://repo.maven.apache.org/maven2/org/springframework/data/spring-data-commons/3.2.5/spring-data-commons-3.2.5.pom
2024-05-11 15:59:56,240 [Worker-30: Updating Maven Project] INFO  o.e.m.c.i.e.AbstractTransferListenerAdapter - Downloading https://repo.maven.apache.org/maven2/org/springframework/spring-orm/6.1.6/spring-orm-6.1.6.pom
2024-05-11 15:59:56,353 [Worker-30: Updating Maven Project] INFO  o.e.m.c.i.e.AbstractTransferListenerAdapter - Downloaded https://repo.maven.apache.org/maven2/org/springframework/spring-orm/6.1.6/spring-orm-6.1.6.pom
2024-05-11 15:59:56,400 [Worker-30: Updating Maven Project] INFO  o.e.m.c.i.e.AbstractTransferListenerAdapter - Downloading https://repo.maven.apache.org/maven2/org/springframework/spring-aspects/6.1.6/spring-aspects-6.1.6.pom
2024-05-11 15:59:56,509 [Worker-30: Updating Maven Project] INFO  o.e.m.c.i.e.AbstractTransferListenerAdapter - Downloaded https://repo.maven.apache.org/maven2/org/springframework/spring-aspects/6.1.6/spring-aspects-6.1.6.pom
2024-05-11 15:59:56,569 [Worker-30: Updating Maven Project] INFO  o.e.m.c.i.e.AbstractTransferListenerAdapter - Downloading https://repo.maven.apache.org/maven2/org/springframework/boot/spring-boot-starter-web/3.2.5/spring-boot-starter-web-3.2.5.pom
2024-05-11 15:59:56,686 [Worker-30: Updating Maven Project] INFO  o.e.m.c.i.e.AbstractTransferListenerAdapter - Downloaded https://repo.maven.apache.org/maven2/org/springframework/boot/spring-boot-starter-web/3.2.5/spring-boot-starter-web-3.2.5.pom
2024-05-11 15:59:56,848 [Worker-30: Updating Maven Project] INFO  o.e.m.c.i.e.AbstractTransferListenerAdapter - Downloading https://repo.maven.apache.org/maven2/org/springframework/boot/spring-boot-starter-json/3.2.5/spring-boot-starter-json-3.2.5.pom
2024-05-11 15:59:56,951 [Worker-30: Updating Maven Project] INFO  o.e.m.c.i.e.AbstractTransferListenerAdapter - Downloaded https://repo.maven.apache.org/maven2/org/springframework/boot/spring-boot-starter-json/3.2.5/spring-boot-starter-json-3.2.5.pom
2024-05-11 15:59:57,035 [Worker-30: Updating Maven Project] INFO  o.e.m.c.i.e.AbstractTransferListenerAdapter - Downloading https://repo.maven.apache.org/maven2/org/springframework/spring-web/6.1.6/spring-web-6.1.6.pom
2024-05-11 15:59:57,133 [Worker-30: Updating Maven Project] INFO  o.e.m.c.i.e.AbstractTransferListenerAdapter - Downloaded https://repo.maven.apache.org/maven2/org/springframework/spring-web/6.1.6/spring-web-6.1.6.pom
2024-05-11 15:59:57,398 [Worker-30: Updating Maven Project] INFO  o.e.m.c.i.e.AbstractTransferListenerAdapter - Downloading https://repo.maven.apache.org/maven2/com/fasterxml/jackson/core/jackson-databind/2.15.4/jackson-databind-2.15.4.pom
2024-05-11 15:59:57,508 [Worker-30: Updating Maven Project] INFO  o.e.m.c.i.e.AbstractTransferListenerAdapter - Downloaded https://repo.maven.apache.org/maven2/com/fasterxml/jackson/core/jackson-databind/2.15.4/jackson-databind-2.15.4.pom
2024-05-11 15:59:57,550 [Worker-30: Updating Maven Project] INFO  o.e.m.c.i.e.AbstractTransferListenerAdapter - Downloading https://repo.maven.apache.org/maven2/com/fasterxml/jackson/jackson-base/2.15.4/jackson-base-2.15.4.pom
2024-05-11 15:59:57,704 [Worker-30: Updating Maven Project] INFO  o.e.m.c.i.e.AbstractTransferListenerAdapter - Downloaded https://repo.maven.apache.org/maven2/com/fasterxml/jackson/jackson-base/2.15.4/jackson-base-2.15.4.pom
2024-05-11 15:59:57,772 [Worker-30: Updating Maven Project] INFO  o.e.m.c.i.e.AbstractTransferListenerAdapter - Downloading https://repo.maven.apache.org/maven2/org/junit/junit-bom/5.9.2/junit-bom-5.9.2.pom
2024-05-11 15:59:57,858 [Worker-30: Updating Maven Project] INFO  o.e.m.c.i.e.AbstractTransferListenerAdapter - Downloaded https://repo.maven.apache.org/maven2/org/junit/junit-bom/5.9.2/junit-bom-5.9.2.pom
2024-05-11 15:59:57,901 [Worker-30: Updating Maven Project] INFO  o.e.m.c.i.e.AbstractTransferListenerAdapter - Downloading https://repo.maven.apache.org/maven2/com/fasterxml/jackson/core/jackson-annotations/2.15.4/jackson-annotations-2.15.4.pom
2024-05-11 15:59:58,080 [Worker-30: Updating Maven Project] INFO  o.e.m.c.i.e.AbstractTransferListenerAdapter - Downloaded https://repo.maven.apache.org/maven2/com/fasterxml/jackson/core/jackson-annotations/2.15.4/jackson-annotations-2.15.4.pom
2024-05-11 15:59:58,155 [Worker-30: Updating Maven Project] INFO  o.e.m.c.i.e.AbstractTransferListenerAdapter - Downloading https://repo.maven.apache.org/maven2/com/fasterxml/jackson/core/jackson-core/2.15.4/jackson-core-2.15.4.pom
2024-05-11 15:59:58,403 [Worker-30: Updating Maven Project] INFO  o.e.m.c.i.e.AbstractTransferListenerAdapter - Downloaded https://repo.maven.apache.org/maven2/com/fasterxml/jackson/core/jackson-core/2.15.4/jackson-core-2.15.4.pom
2024-05-11 15:59:58,500 [Worker-30: Updating Maven Project] INFO  o.e.m.c.i.e.AbstractTransferListenerAdapter - Downloading https://repo.maven.apache.org/maven2/com/fasterxml/jackson/datatype/jackson-datatype-jdk8/2.15.4/jackson-datatype-jdk8-2.15.4.pom
2024-05-11 15:59:58,588 [Worker-30: Updating Maven Project] INFO  o.e.m.c.i.e.AbstractTransferListenerAdapter - Downloaded https://repo.maven.apache.org/maven2/com/fasterxml/jackson/datatype/jackson-datatype-jdk8/2.15.4/jackson-datatype-jdk8-2.15.4.pom
2024-05-11 15:59:58,651 [Worker-30: Updating Maven Project] INFO  o.e.m.c.i.e.AbstractTransferListenerAdapter - Downloading https://repo.maven.apache.org/maven2/com/fasterxml/jackson/module/jackson-modules-java8/2.15.4/jackson-modules-java8-2.15.4.pom
2024-05-11 15:59:58,763 [Worker-30: Updating Maven Project] INFO  o.e.m.c.i.e.AbstractTransferListenerAdapter - Downloaded https://repo.maven.apache.org/maven2/com/fasterxml/jackson/module/jackson-modules-java8/2.15.4/jackson-modules-java8-2.15.4.pom
2024-05-11 15:59:58,878 [Worker-30: Updating Maven Project] INFO  o.e.m.c.i.e.AbstractTransferListenerAdapter - Downloading https://repo.maven.apache.org/maven2/com/fasterxml/jackson/datatype/jackson-datatype-jsr310/2.15.4/jackson-datatype-jsr310-2.15.4.pom
2024-05-11 15:59:58,960 [Worker-30: Updating Maven Project] INFO  o.e.m.c.i.e.AbstractTransferListenerAdapter - Downloaded https://repo.maven.apache.org/maven2/com/fasterxml/jackson/datatype/jackson-datatype-jsr310/2.15.4/jackson-datatype-jsr310-2.15.4.pom
2024-05-11 15:59:59,044 [Worker-30: Updating Maven Project] INFO  o.e.m.c.i.e.AbstractTransferListenerAdapter - Downloading https://repo.maven.apache.org/maven2/com/fasterxml/jackson/module/jackson-module-parameter-names/2.15.4/jackson-module-parameter-names-2.15.4.pom
2024-05-11 15:59:59,097 [Worker-30: Updating Maven Project] INFO  o.e.m.c.i.e.AbstractTransferListenerAdapter - Downloaded https://repo.maven.apache.org/maven2/com/fasterxml/jackson/module/jackson-module-parameter-names/2.15.4/jackson-module-parameter-names-2.15.4.pom
2024-05-11 15:59:59,158 [Worker-30: Updating Maven Project] INFO  o.e.m.c.i.e.AbstractTransferListenerAdapter - Downloading https://repo.maven.apache.org/maven2/org/springframework/boot/spring-boot-starter-tomcat/3.2.5/spring-boot-starter-tomcat-3.2.5.pom
2024-05-11 15:59:59,240 [Worker-30: Updating Maven Project] INFO  o.e.m.c.i.e.AbstractTransferListenerAdapter - Downloaded https://repo.maven.apache.org/maven2/org/springframework/boot/spring-boot-starter-tomcat/3.2.5/spring-boot-starter-tomcat-3.2.5.pom
2024-05-11 15:59:59,308 [Worker-30: Updating Maven Project] INFO  o.e.m.c.i.e.AbstractTransferListenerAdapter - Downloading https://repo.maven.apache.org/maven2/org/apache/tomcat/embed/tomcat-embed-core/10.1.20/tomcat-embed-core-10.1.20.pom
2024-05-11 15:59:59,373 [Worker-30: Updating Maven Project] INFO  o.e.m.c.i.e.AbstractTransferListenerAdapter - Downloaded https://repo.maven.apache.org/maven2/org/apache/tomcat/embed/tomcat-embed-core/10.1.20/tomcat-embed-core-10.1.20.pom
2024-05-11 15:59:59,428 [Worker-30: Updating Maven Project] INFO  o.e.m.c.i.e.AbstractTransferListenerAdapter - Downloading https://repo.maven.apache.org/maven2/org/apache/tomcat/embed/tomcat-embed-el/10.1.20/tomcat-embed-el-10.1.20.pom
2024-05-11 15:59:59,504 [Worker-30: Updating Maven Project] INFO  o.e.m.c.i.e.AbstractTransferListenerAdapter - Downloaded https://repo.maven.apache.org/maven2/org/apache/tomcat/embed/tomcat-embed-el/10.1.20/tomcat-embed-el-10.1.20.pom
2024-05-11 15:59:59,558 [Worker-30: Updating Maven Project] INFO  o.e.m.c.i.e.AbstractTransferListenerAdapter - Downloading https://repo.maven.apache.org/maven2/org/apache/tomcat/embed/tomcat-embed-websocket/10.1.20/tomcat-embed-websocket-10.1.20.pom
2024-05-11 15:59:59,891 [Worker-30: Updating Maven Project] INFO  o.e.m.c.i.e.AbstractTransferListenerAdapter - Downloaded https://repo.maven.apache.org/maven2/org/apache/tomcat/embed/tomcat-embed-websocket/10.1.20/tomcat-embed-websocket-10.1.20.pom
2024-05-11 15:59:59,970 [Worker-30: Updating Maven Project] INFO  o.e.m.c.i.e.AbstractTransferListenerAdapter - Downloading https://repo.maven.apache.org/maven2/org/springframework/spring-webmvc/6.1.6/spring-webmvc-6.1.6.pom
2024-05-11 16:00:00,038 [Worker-30: Updating Maven Project] INFO  o.e.m.c.i.e.AbstractTransferListenerAdapter - Downloaded https://repo.maven.apache.org/maven2/org/springframework/spring-webmvc/6.1.6/spring-webmvc-6.1.6.pom
2024-05-11 16:00:00,087 [Worker-30: Updating Maven Project] INFO  o.e.m.c.i.e.AbstractTransferListenerAdapter - Downloading https://repo.maven.apache.org/maven2/org/projectlombok/lombok/1.18.32/lombok-1.18.32.pom
2024-05-11 16:00:00,152 [Worker-30: Updating Maven Project] INFO  o.e.m.c.i.e.AbstractTransferListenerAdapter - Downloaded https://repo.maven.apache.org/maven2/org/projectlombok/lombok/1.18.32/lombok-1.18.32.pom
2024-05-11 16:00:00,211 [Worker-30: Updating Maven Project] INFO  o.e.m.c.i.e.AbstractTransferListenerAdapter - Downloading https://repo.maven.apache.org/maven2/org/springframework/boot/spring-boot-starter-test/3.2.5/spring-boot-starter-test-3.2.5.pom
2024-05-11 16:00:00,392 [Worker-30: Updating Maven Project] INFO  o.e.m.c.i.e.AbstractTransferListenerAdapter - Downloaded https://repo.maven.apache.org/maven2/org/springframework/boot/spring-boot-starter-test/3.2.5/spring-boot-starter-test-3.2.5.pom
2024-05-11 16:00:00,450 [Worker-30: Updating Maven Project] INFO  o.e.m.c.i.e.AbstractTransferListenerAdapter - Downloading https://repo.maven.apache.org/maven2/org/springframework/boot/spring-boot-test/3.2.5/spring-boot-test-3.2.5.pom
2024-05-11 16:00:00,587 [Worker-30: Updating Maven Project] INFO  o.e.m.c.i.e.AbstractTransferListenerAdapter - Downloaded https://repo.maven.apache.org/maven2/org/springframework/boot/spring-boot-test/3.2.5/spring-boot-test-3.2.5.pom
2024-05-11 16:00:00,651 [Worker-30: Updating Maven Project] INFO  o.e.m.c.i.e.AbstractTransferListenerAdapter - Downloading https://repo.maven.apache.org/maven2/org/springframework/boot/spring-boot-test-autoconfigure/3.2.5/spring-boot-test-autoconfigure-3.2.5.pom
2024-05-11 16:00:00,768 [Worker-30: Updating Maven Project] INFO  o.e.m.c.i.e.AbstractTransferListenerAdapter - Downloaded https://repo.maven.apache.org/maven2/org/springframework/boot/spring-boot-test-autoconfigure/3.2.5/spring-boot-test-autoconfigure-3.2.5.pom
2024-05-11 16:00:00,832 [Worker-30: Updating Maven Project] INFO  o.e.m.c.i.e.AbstractTransferListenerAdapter - Downloading https://repo.maven.apache.org/maven2/com/jayway/jsonpath/json-path/2.9.0/json-path-2.9.0.pom
2024-05-11 16:00:00,913 [Worker-30: Updating Maven Project] INFO  o.e.m.c.i.e.AbstractTransferListenerAdapter - Downloaded https://repo.maven.apache.org/maven2/com/jayway/jsonpath/json-path/2.9.0/json-path-2.9.0.pom
2024-05-11 16:00:01,110 [Worker-30: Updating Maven Project] INFO  o.e.m.c.i.e.AbstractTransferListenerAdapter - Downloading https://repo.maven.apache.org/maven2/net/minidev/json-smart/2.5.1/json-smart-2.5.1.pom
2024-05-11 16:00:01,213 [Worker-30: Updating Maven Project] INFO  o.e.m.c.i.e.AbstractTransferListenerAdapter - Downloaded https://repo.maven.apache.org/maven2/net/minidev/json-smart/2.5.1/json-smart-2.5.1.pom
2024-05-11 16:00:01,443 [Worker-30: Updating Maven Project] INFO  o.e.m.c.i.e.AbstractTransferListenerAdapter - Downloading https://repo.maven.apache.org/maven2/net/minidev/accessors-smart/2.5.1/accessors-smart-2.5.1.pom
2024-05-11 16:00:01,526 [Worker-30: Updating Maven Project] INFO  o.e.m.c.i.e.AbstractTransferListenerAdapter - Downloaded https://repo.maven.apache.org/maven2/net/minidev/accessors-smart/2.5.1/accessors-smart-2.5.1.pom
2024-05-11 16:00:01,586 [Worker-30: Updating Maven Project] INFO  o.e.m.c.i.e.AbstractTransferListenerAdapter - Downloading https://repo.maven.apache.org/maven2/org/ow2/asm/asm/9.6/asm-9.6.pom
2024-05-11 16:00:01,667 [Worker-30: Updating Maven Project] INFO  o.e.m.c.i.e.AbstractTransferListenerAdapter - Downloaded https://repo.maven.apache.org/maven2/org/ow2/asm/asm/9.6/asm-9.6.pom
2024-05-11 16:00:01,900 [Worker-30: Updating Maven Project] INFO  o.e.m.c.i.e.AbstractTransferListenerAdapter - Downloading https://repo.maven.apache.org/maven2/org/assertj/assertj-core/3.24.2/assertj-core-3.24.2.pom
2024-05-11 16:00:01,989 [Worker-30: Updating Maven Project] INFO  o.e.m.c.i.e.AbstractTransferListenerAdapter - Downloaded https://repo.maven.apache.org/maven2/org/assertj/assertj-core/3.24.2/assertj-core-3.24.2.pom
2024-05-11 16:00:02,148 [Worker-30: Updating Maven Project] INFO  o.e.m.c.i.e.AbstractTransferListenerAdapter - Downloading https://repo.maven.apache.org/maven2/org/assertj/assertj-parent/3.24.2/assertj-parent-3.24.2.pom
2024-05-11 16:00:02,212 [Worker-30: Updating Maven Project] INFO  o.e.m.c.i.e.AbstractTransferListenerAdapter - Downloaded https://repo.maven.apache.org/maven2/org/assertj/assertj-parent/3.24.2/assertj-parent-3.24.2.pom
2024-05-11 16:00:02,531 [Worker-30: Updating Maven Project] INFO  o.e.m.c.i.e.AbstractTransferListenerAdapter - Downloading https://repo.maven.apache.org/maven2/org/assertj/assertj-build/3.24.2/assertj-build-3.24.2.pom
2024-05-11 16:00:02,620 [Worker-30: Updating Maven Project] INFO  o.e.m.c.i.e.AbstractTransferListenerAdapter - Downloaded https://repo.maven.apache.org/maven2/org/assertj/assertj-build/3.24.2/assertj-build-3.24.2.pom
2024-05-11 16:00:02,802 [Worker-30: Updating Maven Project] INFO  o.e.m.c.i.e.AbstractTransferListenerAdapter - Downloading https://repo.maven.apache.org/maven2/org/awaitility/awaitility/4.2.1/awaitility-4.2.1.pom
2024-05-11 16:00:02,907 [Worker-30: Updating Maven Project] INFO  o.e.m.c.i.e.AbstractTransferListenerAdapter - Downloaded https://repo.maven.apache.org/maven2/org/awaitility/awaitility/4.2.1/awaitility-4.2.1.pom
2024-05-11 16:00:03,107 [Worker-30: Updating Maven Project] INFO  o.e.m.c.i.e.AbstractTransferListenerAdapter - Downloading https://repo.maven.apache.org/maven2/org/awaitility/awaitility-parent/4.2.1/awaitility-parent-4.2.1.pom
2024-05-11 16:00:03,224 [Worker-30: Updating Maven Project] INFO  o.e.m.c.i.e.AbstractTransferListenerAdapter - Downloaded https://repo.maven.apache.org/maven2/org/awaitility/awaitility-parent/4.2.1/awaitility-parent-4.2.1.pom
2024-05-11 16:00:03,450 [Worker-30: Updating Maven Project] INFO  o.e.m.c.i.e.AbstractTransferListenerAdapter - Downloading https://repo.maven.apache.org/maven2/org/hamcrest/hamcrest/2.2/hamcrest-2.2.pom
2024-05-11 16:00:03,546 [Worker-30: Updating Maven Project] INFO  o.e.m.c.i.e.AbstractTransferListenerAdapter - Downloaded https://repo.maven.apache.org/maven2/org/hamcrest/hamcrest/2.2/hamcrest-2.2.pom
2024-05-11 16:00:03,691 [Worker-30: Updating Maven Project] INFO  o.e.m.c.i.e.AbstractTransferListenerAdapter - Downloading https://repo.maven.apache.org/maven2/org/junit/jupiter/junit-jupiter/5.10.2/junit-jupiter-5.10.2.pom
2024-05-11 16:00:03,795 [Worker-30: Updating Maven Project] INFO  o.e.m.c.i.e.AbstractTransferListenerAdapter - Downloaded https://repo.maven.apache.org/maven2/org/junit/jupiter/junit-jupiter/5.10.2/junit-jupiter-5.10.2.pom
2024-05-11 16:00:03,875 [Worker-30: Updating Maven Project] INFO  o.e.m.c.i.e.AbstractTransferListenerAdapter - Downloading https://repo.maven.apache.org/maven2/org/junit/jupiter/junit-jupiter-api/5.10.2/junit-jupiter-api-5.10.2.pom
2024-05-11 16:00:03,960 [Worker-30: Updating Maven Project] INFO  o.e.m.c.i.e.AbstractTransferListenerAdapter - Downloaded https://repo.maven.apache.org/maven2/org/junit/jupiter/junit-jupiter-api/5.10.2/junit-jupiter-api-5.10.2.pom
2024-05-11 16:00:04,030 [Worker-30: Updating Maven Project] INFO  o.e.m.c.i.e.AbstractTransferListenerAdapter - Downloading https://repo.maven.apache.org/maven2/org/opentest4j/opentest4j/1.3.0/opentest4j-1.3.0.pom
2024-05-11 16:00:04,121 [Worker-30: Updating Maven Project] INFO  o.e.m.c.i.e.AbstractTransferListenerAdapter - Downloaded https://repo.maven.apache.org/maven2/org/opentest4j/opentest4j/1.3.0/opentest4j-1.3.0.pom
2024-05-11 16:00:04,180 [Worker-30: Updating Maven Project] INFO  o.e.m.c.i.e.AbstractTransferListenerAdapter - Downloading https://repo.maven.apache.org/maven2/org/junit/platform/junit-platform-commons/1.10.2/junit-platform-commons-1.10.2.pom
2024-05-11 16:00:04,315 [Worker-30: Updating Maven Project] INFO  o.e.m.c.i.e.AbstractTransferListenerAdapter - Downloaded https://repo.maven.apache.org/maven2/org/junit/platform/junit-platform-commons/1.10.2/junit-platform-commons-1.10.2.pom
2024-05-11 16:00:04,369 [Worker-30: Updating Maven Project] INFO  o.e.m.c.i.e.AbstractTransferListenerAdapter - Downloading https://repo.maven.apache.org/maven2/org/apiguardian/apiguardian-api/1.1.2/apiguardian-api-1.1.2.pom
2024-05-11 16:00:04,469 [Worker-30: Updating Maven Project] INFO  o.e.m.c.i.e.AbstractTransferListenerAdapter - Downloaded https://repo.maven.apache.org/maven2/org/apiguardian/apiguardian-api/1.1.2/apiguardian-api-1.1.2.pom
2024-05-11 16:00:04,628 [Worker-30: Updating Maven Project] INFO  o.e.m.c.i.e.AbstractTransferListenerAdapter - Downloading https://repo.maven.apache.org/maven2/org/junit/jupiter/junit-jupiter-params/5.10.2/junit-jupiter-params-5.10.2.pom
2024-05-11 16:00:04,730 [Worker-30: Updating Maven Project] INFO  o.e.m.c.i.e.AbstractTransferListenerAdapter - Downloaded https://repo.maven.apache.org/maven2/org/junit/jupiter/junit-jupiter-params/5.10.2/junit-jupiter-params-5.10.2.pom
2024-05-11 16:00:04,801 [Worker-30: Updating Maven Project] INFO  o.e.m.c.i.e.AbstractTransferListenerAdapter - Downloading https://repo.maven.apache.org/maven2/org/junit/jupiter/junit-jupiter-engine/5.10.2/junit-jupiter-engine-5.10.2.pom
2024-05-11 16:00:04,937 [Worker-30: Updating Maven Project] INFO  o.e.m.c.i.e.AbstractTransferListenerAdapter - Downloaded https://repo.maven.apache.org/maven2/org/junit/jupiter/junit-jupiter-engine/5.10.2/junit-jupiter-engine-5.10.2.pom
2024-05-11 16:00:05,038 [Worker-30: Updating Maven Project] INFO  o.e.m.c.i.e.AbstractTransferListenerAdapter - Downloading https://repo.maven.apache.org/maven2/org/junit/platform/junit-platform-engine/1.10.2/junit-platform-engine-1.10.2.pom
2024-05-11 16:00:05,122 [Worker-30: Updating Maven Project] INFO  o.e.m.c.i.e.AbstractTransferListenerAdapter - Downloaded https://repo.maven.apache.org/maven2/org/junit/platform/junit-platform-engine/1.10.2/junit-platform-engine-1.10.2.pom
2024-05-11 16:00:05,203 [Worker-30: Updating Maven Project] INFO  o.e.m.c.i.e.AbstractTransferListenerAdapter - Downloading https://repo.maven.apache.org/maven2/org/mockito/mockito-core/5.7.0/mockito-core-5.7.0.pom
2024-05-11 16:00:05,271 [Worker-30: Updating Maven Project] INFO  o.e.m.c.i.e.AbstractTransferListenerAdapter - Downloaded https://repo.maven.apache.org/maven2/org/mockito/mockito-core/5.7.0/mockito-core-5.7.0.pom
2024-05-11 16:00:05,330 [Worker-30: Updating Maven Project] INFO  o.e.m.c.i.e.AbstractTransferListenerAdapter - Downloading https://repo.maven.apache.org/maven2/net/bytebuddy/byte-buddy-agent/1.14.13/byte-buddy-agent-1.14.13.pom
2024-05-11 16:00:05,543 [Worker-30: Updating Maven Project] INFO  o.e.m.c.i.e.AbstractTransferListenerAdapter - Downloaded https://repo.maven.apache.org/maven2/net/bytebuddy/byte-buddy-agent/1.14.13/byte-buddy-agent-1.14.13.pom
2024-05-11 16:00:05,613 [Worker-30: Updating Maven Project] INFO  o.e.m.c.i.e.AbstractTransferListenerAdapter - Downloading https://repo.maven.apache.org/maven2/org/objenesis/objenesis/3.3/objenesis-3.3.pom
2024-05-11 16:00:05,672 [Worker-30: Updating Maven Project] INFO  o.e.m.c.i.e.AbstractTransferListenerAdapter - Downloaded https://repo.maven.apache.org/maven2/org/objenesis/objenesis/3.3/objenesis-3.3.pom
2024-05-11 16:00:05,716 [Worker-30: Updating Maven Project] INFO  o.e.m.c.i.e.AbstractTransferListenerAdapter - Downloading https://repo.maven.apache.org/maven2/org/objenesis/objenesis-parent/3.3/objenesis-parent-3.3.pom
2024-05-11 16:00:05,927 [Worker-30: Updating Maven Project] INFO  o.e.m.c.i.e.AbstractTransferListenerAdapter - Downloaded https://repo.maven.apache.org/maven2/org/objenesis/objenesis-parent/3.3/objenesis-parent-3.3.pom
2024-05-11 16:00:05,979 [Worker-30: Updating Maven Project] INFO  o.e.m.c.i.e.AbstractTransferListenerAdapter - Downloading https://repo.maven.apache.org/maven2/org/mockito/mockito-junit-jupiter/5.7.0/mockito-junit-jupiter-5.7.0.pom
2024-05-11 16:00:06,056 [Worker-30: Updating Maven Project] INFO  o.e.m.c.i.e.AbstractTransferListenerAdapter - Downloaded https://repo.maven.apache.org/maven2/org/mockito/mockito-junit-jupiter/5.7.0/mockito-junit-jupiter-5.7.0.pom
2024-05-11 16:00:06,147 [Worker-30: Updating Maven Project] INFO  o.e.m.c.i.e.AbstractTransferListenerAdapter - Downloading https://repo.maven.apache.org/maven2/org/skyscreamer/jsonassert/1.5.1/jsonassert-1.5.1.pom
2024-05-11 16:00:06,221 [Worker-30: Updating Maven Project] INFO  o.e.m.c.i.e.AbstractTransferListenerAdapter - Downloaded https://repo.maven.apache.org/maven2/org/skyscreamer/jsonassert/1.5.1/jsonassert-1.5.1.pom
2024-05-11 16:00:06,289 [Worker-30: Updating Maven Project] INFO  o.e.m.c.i.e.AbstractTransferListenerAdapter - Downloading https://repo.maven.apache.org/maven2/com/vaadin/external/google/android-json/0.0.20131108.vaadin1/android-json-0.0.20131108.vaadin1.pom
2024-05-11 16:00:06,369 [Worker-30: Updating Maven Project] INFO  o.e.m.c.i.e.AbstractTransferListenerAdapter - Downloaded https://repo.maven.apache.org/maven2/com/vaadin/external/google/android-json/0.0.20131108.vaadin1/android-json-0.0.20131108.vaadin1.pom
2024-05-11 16:00:06,419 [Worker-30: Updating Maven Project] INFO  o.e.m.c.i.e.AbstractTransferListenerAdapter - Downloading https://repo.maven.apache.org/maven2/org/springframework/spring-test/6.1.6/spring-test-6.1.6.pom
2024-05-11 16:00:06,732 [Worker-30: Updating Maven Project] INFO  o.e.m.c.i.e.AbstractTransferListenerAdapter - Downloaded https://repo.maven.apache.org/maven2/org/springframework/spring-test/6.1.6/spring-test-6.1.6.pom
2024-05-11 16:00:06,790 [Worker-30: Updating Maven Project] INFO  o.e.m.c.i.e.AbstractTransferListenerAdapter - Downloading https://repo.maven.apache.org/maven2/org/xmlunit/xmlunit-core/2.9.1/xmlunit-core-2.9.1.pom
2024-05-11 16:00:06,882 [Worker-30: Updating Maven Project] INFO  o.e.m.c.i.e.AbstractTransferListenerAdapter - Downloaded https://repo.maven.apache.org/maven2/org/xmlunit/xmlunit-core/2.9.1/xmlunit-core-2.9.1.pom
2024-05-11 16:00:07,044 [Worker-30: Updating Maven Project] INFO  o.e.m.c.i.e.AbstractTransferListenerAdapter - Downloading https://repo.maven.apache.org/maven2/org/xmlunit/xmlunit-parent/2.9.1/xmlunit-parent-2.9.1.pom
2024-05-11 16:00:07,189 [Worker-30: Updating Maven Project] INFO  o.e.m.c.i.e.AbstractTransferListenerAdapter - Downloaded https://repo.maven.apache.org/maven2/org/xmlunit/xmlunit-parent/2.9.1/xmlunit-parent-2.9.1.pom
2024-05-11 16:00:07,350 [AetherRepositoryConnector-repo.maven.apache.org-1-2] INFO  o.e.m.c.i.e.AbstractTransferListenerAdapter - Downloading https://repo.maven.apache.org/maven2/org/springframework/spring-aop/6.1.6/spring-aop-6.1.6.jar
2024-05-11 16:00:08,098 [AetherRepositoryConnector-repo.maven.apache.org-1-3] INFO  o.e.m.c.i.e.AbstractTransferListenerAdapter - Downloading https://repo.maven.apache.org/maven2/org/aspectj/aspectjweaver/1.9.22/aspectjweaver-1.9.22.jar
2024-05-11 16:00:08,098 [AetherRepositoryConnector-repo.maven.apache.org-1-0] INFO  o.e.m.c.i.e.AbstractTransferListenerAdapter - Downloading https://repo.maven.apache.org/maven2/org/springframework/boot/spring-boot-starter-data-jpa/3.2.5/spring-boot-starter-data-jpa-3.2.5.jar
2024-05-11 16:00:08,098 [AetherRepositoryConnector-repo.maven.apache.org-1-4] INFO  o.e.m.c.i.e.AbstractTransferListenerAdapter - Downloading https://repo.maven.apache.org/maven2/org/springframework/boot/spring-boot-starter-jdbc/3.2.5/spring-boot-starter-jdbc-3.2.5.jar
2024-05-11 16:00:08,098 [AetherRepositoryConnector-repo.maven.apache.org-1-1] INFO  o.e.m.c.i.e.AbstractTransferListenerAdapter - Downloading https://repo.maven.apache.org/maven2/org/springframework/boot/spring-boot-starter-aop/3.2.5/spring-boot-starter-aop-3.2.5.jar
2024-05-11 16:00:09,265 [AetherRepositoryConnector-repo.maven.apache.org-1-4] INFO  o.e.m.c.i.e.AbstractTransferListenerAdapter - Downloaded https://repo.maven.apache.org/maven2/org/springframework/boot/spring-boot-starter-jdbc/3.2.5/spring-boot-starter-jdbc-3.2.5.jar
2024-05-11 16:00:09,271 [AetherRepositoryConnector-repo.maven.apache.org-1-0] INFO  o.e.m.c.i.e.AbstractTransferListenerAdapter - Downloaded https://repo.maven.apache.org/maven2/org/springframework/boot/spring-boot-starter-data-jpa/3.2.5/spring-boot-starter-data-jpa-3.2.5.jar
2024-05-11 16:00:09,271 [AetherRepositoryConnector-repo.maven.apache.org-1-1] INFO  o.e.m.c.i.e.AbstractTransferListenerAdapter - Downloaded https://repo.maven.apache.org/maven2/org/springframework/boot/spring-boot-starter-aop/3.2.5/spring-boot-starter-aop-3.2.5.jar
2024-05-11 16:00:10,375 [AetherRepositoryConnector-repo.maven.apache.org-1-4] INFO  o.e.m.c.i.e.AbstractTransferListenerAdapter - Downloading https://repo.maven.apache.org/maven2/com/zaxxer/HikariCP/5.0.1/HikariCP-5.0.1.jar
2024-05-11 16:00:10,375 [AetherRepositoryConnector-repo.maven.apache.org-1-1] INFO  o.e.m.c.i.e.AbstractTransferListenerAdapter - Downloading https://repo.maven.apache.org/maven2/org/hibernate/orm/hibernate-core/6.4.4.Final/hibernate-core-6.4.4.Final.jar
2024-05-11 16:00:10,375 [AetherRepositoryConnector-repo.maven.apache.org-1-0] INFO  o.e.m.c.i.e.AbstractTransferListenerAdapter - Downloading https://repo.maven.apache.org/maven2/org/springframework/spring-jdbc/6.1.6/spring-jdbc-6.1.6.jar
2024-05-11 16:00:11,301 [AetherRepositoryConnector-repo.maven.apache.org-1-2] INFO  o.e.m.c.i.e.AbstractTransferListenerAdapter - Downloaded https://repo.maven.apache.org/maven2/org/springframework/spring-aop/6.1.6/spring-aop-6.1.6.jar
2024-05-11 16:00:12,037 [AetherRepositoryConnector-repo.maven.apache.org-1-2] INFO  o.e.m.c.i.e.AbstractTransferListenerAdapter - Downloading https://repo.maven.apache.org/maven2/jakarta/persistence/jakarta.persistence-api/3.1.0/jakarta.persistence-api-3.1.0.jar
2024-05-11 16:00:13,731 [AetherRepositoryConnector-repo.maven.apache.org-1-4] INFO  o.e.m.c.i.e.AbstractTransferListenerAdapter - Downloaded https://repo.maven.apache.org/maven2/com/zaxxer/HikariCP/5.0.1/HikariCP-5.0.1.jar
2024-05-11 16:00:14,327 [AetherRepositoryConnector-repo.maven.apache.org-1-4] INFO  o.e.m.c.i.e.AbstractTransferListenerAdapter - Downloading https://repo.maven.apache.org/maven2/jakarta/transaction/jakarta.transaction-api/2.0.1/jakarta.transaction-api-2.0.1.jar
2024-05-11 16:00:15,849 [AetherRepositoryConnector-repo.maven.apache.org-1-4] INFO  o.e.m.c.i.e.AbstractTransferListenerAdapter - Downloaded https://repo.maven.apache.org/maven2/jakarta/transaction/jakarta.transaction-api/2.0.1/jakarta.transaction-api-2.0.1.jar
2024-05-11 16:00:16,758 [AetherRepositoryConnector-repo.maven.apache.org-1-4] INFO  o.e.m.c.i.e.AbstractTransferListenerAdapter - Downloading https://repo.maven.apache.org/maven2/org/jboss/logging/jboss-logging/3.5.3.Final/jboss-logging-3.5.3.Final.jar
2024-05-11 16:00:16,790 [AetherRepositoryConnector-repo.maven.apache.org-1-2] INFO  o.e.m.c.i.e.AbstractTransferListenerAdapter - Downloaded https://repo.maven.apache.org/maven2/jakarta/persistence/jakarta.persistence-api/3.1.0/jakarta.persistence-api-3.1.0.jar
2024-05-11 16:00:17,615 [AetherRepositoryConnector-repo.maven.apache.org-1-2] INFO  o.e.m.c.i.e.AbstractTransferListenerAdapter - Downloading https://repo.maven.apache.org/maven2/org/hibernate/common/hibernate-commons-annotations/6.0.6.Final/hibernate-commons-annotations-6.0.6.Final.jar
2024-05-11 16:00:19,331 [AetherRepositoryConnector-repo.maven.apache.org-1-4] INFO  o.e.m.c.i.e.AbstractTransferListenerAdapter - Downloaded https://repo.maven.apache.org/maven2/org/jboss/logging/jboss-logging/3.5.3.Final/jboss-logging-3.5.3.Final.jar
2024-05-11 16:00:20,109 [AetherRepositoryConnector-repo.maven.apache.org-1-4] INFO  o.e.m.c.i.e.AbstractTransferListenerAdapter - Downloading https://repo.maven.apache.org/maven2/io/smallrye/jandex/3.1.2/jandex-3.1.2.jar
2024-05-11 16:00:21,535 [AetherRepositoryConnector-repo.maven.apache.org-1-0] INFO  o.e.m.c.i.e.AbstractTransferListenerAdapter - Downloaded https://repo.maven.apache.org/maven2/org/springframework/spring-jdbc/6.1.6/spring-jdbc-6.1.6.jar
2024-05-11 16:00:21,535 [AetherRepositoryConnector-repo.maven.apache.org-1-2] INFO  o.e.m.c.i.e.AbstractTransferListenerAdapter - Downloaded https://repo.maven.apache.org/maven2/org/hibernate/common/hibernate-commons-annotations/6.0.6.Final/hibernate-commons-annotations-6.0.6.Final.jar
2024-05-11 16:00:22,400 [AetherRepositoryConnector-repo.maven.apache.org-1-0] INFO  o.e.m.c.i.e.AbstractTransferListenerAdapter - Downloading https://repo.maven.apache.org/maven2/com/fasterxml/classmate/1.6.0/classmate-1.6.0.jar
2024-05-11 16:00:22,400 [AetherRepositoryConnector-repo.maven.apache.org-1-2] INFO  o.e.m.c.i.e.AbstractTransferListenerAdapter - Downloading https://repo.maven.apache.org/maven2/net/bytebuddy/byte-buddy/1.14.13/byte-buddy-1.14.13.jar
2024-05-11 16:00:25,675 [AetherRepositoryConnector-repo.maven.apache.org-1-0] INFO  o.e.m.c.i.e.AbstractTransferListenerAdapter - Downloaded https://repo.maven.apache.org/maven2/com/fasterxml/classmate/1.6.0/classmate-1.6.0.jar
2024-05-11 16:00:26,698 [AetherRepositoryConnector-repo.maven.apache.org-1-0] INFO  o.e.m.c.i.e.AbstractTransferListenerAdapter - Downloading https://repo.maven.apache.org/maven2/org/glassfish/jaxb/jaxb-runtime/4.0.5/jaxb-runtime-4.0.5.jar
2024-05-11 16:00:29,305 [AetherRepositoryConnector-repo.maven.apache.org-1-4] INFO  o.e.m.c.i.e.AbstractTransferListenerAdapter - Downloaded https://repo.maven.apache.org/maven2/io/smallrye/jandex/3.1.2/jandex-3.1.2.jar
2024-05-11 16:00:30,180 [AetherRepositoryConnector-repo.maven.apache.org-1-4] INFO  o.e.m.c.i.e.AbstractTransferListenerAdapter - Downloading https://repo.maven.apache.org/maven2/org/glassfish/jaxb/jaxb-core/4.0.5/jaxb-core-4.0.5.jar
2024-05-11 16:00:34,798 [AetherRepositoryConnector-repo.maven.apache.org-1-4] INFO  o.e.m.c.i.e.AbstractTransferListenerAdapter - Downloaded https://repo.maven.apache.org/maven2/org/glassfish/jaxb/jaxb-core/4.0.5/jaxb-core-4.0.5.jar
2024-05-11 16:00:35,605 [AetherRepositoryConnector-repo.maven.apache.org-1-4] INFO  o.e.m.c.i.e.AbstractTransferListenerAdapter - Downloading https://repo.maven.apache.org/maven2/org/eclipse/angus/angus-activation/2.0.2/angus-activation-2.0.2.jar
2024-05-11 16:00:37,261 [AetherRepositoryConnector-repo.maven.apache.org-1-4] INFO  o.e.m.c.i.e.AbstractTransferListenerAdapter - Downloaded https://repo.maven.apache.org/maven2/org/eclipse/angus/angus-activation/2.0.2/angus-activation-2.0.2.jar
2024-05-11 16:00:37,908 [AetherRepositoryConnector-repo.maven.apache.org-1-4] INFO  o.e.m.c.i.e.AbstractTransferListenerAdapter - Downloading https://repo.maven.apache.org/maven2/org/glassfish/jaxb/txw2/4.0.5/txw2-4.0.5.jar
2024-05-11 16:00:41,857 [AetherRepositoryConnector-repo.maven.apache.org-1-4] INFO  o.e.m.c.i.e.AbstractTransferListenerAdapter - Downloaded https://repo.maven.apache.org/maven2/org/glassfish/jaxb/txw2/4.0.5/txw2-4.0.5.jar
2024-05-11 16:00:42,573 [AetherRepositoryConnector-repo.maven.apache.org-1-4] INFO  o.e.m.c.i.e.AbstractTransferListenerAdapter - Downloading https://repo.maven.apache.org/maven2/com/sun/istack/istack-commons-runtime/4.1.2/istack-commons-runtime-4.1.2.jar
2024-05-11 16:00:45,002 [AetherRepositoryConnector-repo.maven.apache.org-1-4] INFO  o.e.m.c.i.e.AbstractTransferListenerAdapter - Downloaded https://repo.maven.apache.org/maven2/com/sun/istack/istack-commons-runtime/4.1.2/istack-commons-runtime-4.1.2.jar
2024-05-11 16:00:45,608 [AetherRepositoryConnector-repo.maven.apache.org-1-4] INFO  o.e.m.c.i.e.AbstractTransferListenerAdapter - Downloading https://repo.maven.apache.org/maven2/jakarta/inject/jakarta.inject-api/2.0.1/jakarta.inject-api-2.0.1.jar
2024-05-11 16:00:46,464 [AetherRepositoryConnector-repo.maven.apache.org-1-4] INFO  o.e.m.c.i.e.AbstractTransferListenerAdapter - Downloaded https://repo.maven.apache.org/maven2/jakarta/inject/jakarta.inject-api/2.0.1/jakarta.inject-api-2.0.1.jar
2024-05-11 16:00:47,296 [AetherRepositoryConnector-repo.maven.apache.org-1-4] INFO  o.e.m.c.i.e.AbstractTransferListenerAdapter - Downloading https://repo.maven.apache.org/maven2/org/antlr/antlr4-runtime/4.13.0/antlr4-runtime-4.13.0.jar
2024-05-11 16:00:48,783 [AetherRepositoryConnector-repo.maven.apache.org-1-0] INFO  o.e.m.c.i.e.AbstractTransferListenerAdapter - Downloaded https://repo.maven.apache.org/maven2/org/glassfish/jaxb/jaxb-runtime/4.0.5/jaxb-runtime-4.0.5.jar
2024-05-11 16:00:49,418 [AetherRepositoryConnector-repo.maven.apache.org-1-0] INFO  o.e.m.c.i.e.AbstractTransferListenerAdapter - Downloading https://repo.maven.apache.org/maven2/org/springframework/data/spring-data-jpa/3.2.5/spring-data-jpa-3.2.5.jar
2024-05-11 16:00:56,205 [AetherRepositoryConnector-repo.maven.apache.org-1-4] INFO  o.e.m.c.i.e.AbstractTransferListenerAdapter - Downloaded https://repo.maven.apache.org/maven2/org/antlr/antlr4-runtime/4.13.0/antlr4-runtime-4.13.0.jar
2024-05-11 16:00:56,628 [AetherRepositoryConnector-repo.maven.apache.org-1-4] INFO  o.e.m.c.i.e.AbstractTransferListenerAdapter - Downloading https://repo.maven.apache.org/maven2/org/springframework/data/spring-data-commons/3.2.5/spring-data-commons-3.2.5.jar
2024-05-11 16:00:57,801 [AetherRepositoryConnector-repo.maven.apache.org-1-3] INFO  o.e.m.c.i.e.AbstractTransferListenerAdapter - Downloaded https://repo.maven.apache.org/maven2/org/aspectj/aspectjweaver/1.9.22/aspectjweaver-1.9.22.jar
2024-05-11 16:00:58,248 [AetherRepositoryConnector-repo.maven.apache.org-1-3] INFO  o.e.m.c.i.e.AbstractTransferListenerAdapter - Downloading https://repo.maven.apache.org/maven2/org/springframework/spring-orm/6.1.6/spring-orm-6.1.6.jar
2024-05-11 16:01:09,475 [AetherRepositoryConnector-repo.maven.apache.org-1-3] INFO  o.e.m.c.i.e.AbstractTransferListenerAdapter - Downloaded https://repo.maven.apache.org/maven2/org/springframework/spring-orm/6.1.6/spring-orm-6.1.6.jar
2024-05-11 16:01:10,007 [AetherRepositoryConnector-repo.maven.apache.org-1-3] INFO  o.e.m.c.i.e.AbstractTransferListenerAdapter - Downloading https://repo.maven.apache.org/maven2/org/springframework/spring-context/6.1.6/spring-context-6.1.6.jar
2024-05-11 16:01:35,883 [AetherRepositoryConnector-repo.maven.apache.org-1-0] INFO  o.e.m.c.i.e.AbstractTransferListenerAdapter - Downloaded https://repo.maven.apache.org/maven2/org/springframework/data/spring-data-jpa/3.2.5/spring-data-jpa-3.2.5.jar
2024-05-11 16:01:36,545 [AetherRepositoryConnector-repo.maven.apache.org-1-0] INFO  o.e.m.c.i.e.AbstractTransferListenerAdapter - Downloading https://repo.maven.apache.org/maven2/org/springframework/spring-tx/6.1.6/spring-tx-6.1.6.jar
2024-05-11 16:01:41,095 [AetherRepositoryConnector-repo.maven.apache.org-1-4] INFO  o.e.m.c.i.e.AbstractTransferListenerAdapter - Downloaded https://repo.maven.apache.org/maven2/org/springframework/data/spring-data-commons/3.2.5/spring-data-commons-3.2.5.jar
2024-05-11 16:01:42,143 [AetherRepositoryConnector-repo.maven.apache.org-1-4] INFO  o.e.m.c.i.e.AbstractTransferListenerAdapter - Downloading https://repo.maven.apache.org/maven2/org/springframework/spring-beans/6.1.6/spring-beans-6.1.6.jar
2024-05-11 16:01:45,973 [AetherRepositoryConnector-repo.maven.apache.org-1-3] INFO  o.e.m.c.i.e.AbstractTransferListenerAdapter - Downloaded https://repo.maven.apache.org/maven2/org/springframework/spring-context/6.1.6/spring-context-6.1.6.jar
2024-05-11 16:01:47,326 [AetherRepositoryConnector-repo.maven.apache.org-1-3] INFO  o.e.m.c.i.e.AbstractTransferListenerAdapter - Downloading https://repo.maven.apache.org/maven2/jakarta/annotation/jakarta.annotation-api/2.1.1/jakarta.annotation-api-2.1.1.jar
2024-05-11 16:01:47,418 [AetherRepositoryConnector-repo.maven.apache.org-1-0] INFO  o.e.m.c.i.e.AbstractTransferListenerAdapter - Downloaded https://repo.maven.apache.org/maven2/org/springframework/spring-tx/6.1.6/spring-tx-6.1.6.jar
2024-05-11 16:01:48,293 [AetherRepositoryConnector-repo.maven.apache.org-1-0] INFO  o.e.m.c.i.e.AbstractTransferListenerAdapter - Downloading https://repo.maven.apache.org/maven2/org/slf4j/slf4j-api/2.0.13/slf4j-api-2.0.13.jar
2024-05-11 16:01:48,535 [AetherRepositoryConnector-repo.maven.apache.org-1-3] INFO  o.e.m.c.i.e.AbstractTransferListenerAdapter - Downloaded https://repo.maven.apache.org/maven2/jakarta/annotation/jakarta.annotation-api/2.1.1/jakarta.annotation-api-2.1.1.jar
2024-05-11 16:01:49,506 [AetherRepositoryConnector-repo.maven.apache.org-1-3] INFO  o.e.m.c.i.e.AbstractTransferListenerAdapter - Downloading https://repo.maven.apache.org/maven2/org/springframework/spring-aspects/6.1.6/spring-aspects-6.1.6.jar
2024-05-11 16:01:50,992 [AetherRepositoryConnector-repo.maven.apache.org-1-0] INFO  o.e.m.c.i.e.AbstractTransferListenerAdapter - Downloaded https://repo.maven.apache.org/maven2/org/slf4j/slf4j-api/2.0.13/slf4j-api-2.0.13.jar
2024-05-11 16:01:50,992 [AetherRepositoryConnector-repo.maven.apache.org-1-3] INFO  o.e.m.c.i.e.AbstractTransferListenerAdapter - Downloaded https://repo.maven.apache.org/maven2/org/springframework/spring-aspects/6.1.6/spring-aspects-6.1.6.jar
2024-05-11 16:01:51,594 [AetherRepositoryConnector-repo.maven.apache.org-1-0] INFO  o.e.m.c.i.e.AbstractTransferListenerAdapter - Downloading https://repo.maven.apache.org/maven2/org/springframework/boot/spring-boot-starter/3.2.5/spring-boot-starter-3.2.5.jar
2024-05-11 16:01:51,594 [AetherRepositoryConnector-repo.maven.apache.org-1-3] INFO  o.e.m.c.i.e.AbstractTransferListenerAdapter - Downloading https://repo.maven.apache.org/maven2/org/springframework/boot/spring-boot-starter-web/3.2.5/spring-boot-starter-web-3.2.5.jar
2024-05-11 16:01:52,894 [AetherRepositoryConnector-repo.maven.apache.org-1-0] INFO  o.e.m.c.i.e.AbstractTransferListenerAdapter - Downloaded https://repo.maven.apache.org/maven2/org/springframework/boot/spring-boot-starter/3.2.5/spring-boot-starter-3.2.5.jar
2024-05-11 16:01:52,894 [AetherRepositoryConnector-repo.maven.apache.org-1-3] INFO  o.e.m.c.i.e.AbstractTransferListenerAdapter - Downloaded https://repo.maven.apache.org/maven2/org/springframework/boot/spring-boot-starter-web/3.2.5/spring-boot-starter-web-3.2.5.jar
2024-05-11 16:01:53,695 [AetherRepositoryConnector-repo.maven.apache.org-1-0] INFO  o.e.m.c.i.e.AbstractTransferListenerAdapter - Downloading https://repo.maven.apache.org/maven2/org/springframework/boot/spring-boot/3.2.5/spring-boot-3.2.5.jar
2024-05-11 16:01:53,695 [AetherRepositoryConnector-repo.maven.apache.org-1-3] INFO  o.e.m.c.i.e.AbstractTransferListenerAdapter - Downloading https://repo.maven.apache.org/maven2/org/springframework/boot/spring-boot-autoconfigure/3.2.5/spring-boot-autoconfigure-3.2.5.jar
2024-05-11 16:02:02,377 [AetherRepositoryConnector-repo.maven.apache.org-1-4] INFO  o.e.m.c.i.e.AbstractTransferListenerAdapter - Downloaded https://repo.maven.apache.org/maven2/org/springframework/spring-beans/6.1.6/spring-beans-6.1.6.jar
2024-05-11 16:02:02,988 [AetherRepositoryConnector-repo.maven.apache.org-1-4] INFO  o.e.m.c.i.e.AbstractTransferListenerAdapter - Downloading https://repo.maven.apache.org/maven2/org/springframework/boot/spring-boot-starter-logging/3.2.5/spring-boot-starter-logging-3.2.5.jar
2024-05-11 16:02:04,820 [AetherRepositoryConnector-repo.maven.apache.org-1-4] INFO  o.e.m.c.i.e.AbstractTransferListenerAdapter - Downloaded https://repo.maven.apache.org/maven2/org/springframework/boot/spring-boot-starter-logging/3.2.5/spring-boot-starter-logging-3.2.5.jar
2024-05-11 16:02:05,702 [AetherRepositoryConnector-repo.maven.apache.org-1-4] INFO  o.e.m.c.i.e.AbstractTransferListenerAdapter - Downloading https://repo.maven.apache.org/maven2/ch/qos/logback/logback-classic/1.4.14/logback-classic-1.4.14.jar
2024-05-11 16:02:09,423 [AetherRepositoryConnector-repo.maven.apache.org-1-2] INFO  o.e.m.c.i.e.AbstractTransferListenerAdapter - Downloaded https://repo.maven.apache.org/maven2/net/bytebuddy/byte-buddy/1.14.13/byte-buddy-1.14.13.jar
2024-05-11 16:02:10,940 [AetherRepositoryConnector-repo.maven.apache.org-1-2] INFO  o.e.m.c.i.e.AbstractTransferListenerAdapter - Downloading https://repo.maven.apache.org/maven2/ch/qos/logback/logback-core/1.4.14/logback-core-1.4.14.jar
2024-05-11 16:02:13,640 [AetherRepositoryConnector-repo.maven.apache.org-1-4] INFO  o.e.m.c.i.e.AbstractTransferListenerAdapter - Downloaded https://repo.maven.apache.org/maven2/ch/qos/logback/logback-classic/1.4.14/logback-classic-1.4.14.jar
2024-05-11 16:02:14,408 [AetherRepositoryConnector-repo.maven.apache.org-1-4] INFO  o.e.m.c.i.e.AbstractTransferListenerAdapter - Downloading https://repo.maven.apache.org/maven2/org/apache/logging/log4j/log4j-to-slf4j/2.21.1/log4j-to-slf4j-2.21.1.jar
2024-05-11 16:02:16,056 [AetherRepositoryConnector-repo.maven.apache.org-1-4] INFO  o.e.m.c.i.e.AbstractTransferListenerAdapter - Downloaded https://repo.maven.apache.org/maven2/org/apache/logging/log4j/log4j-to-slf4j/2.21.1/log4j-to-slf4j-2.21.1.jar
2024-05-11 16:02:16,543 [AetherRepositoryConnector-repo.maven.apache.org-1-4] INFO  o.e.m.c.i.e.AbstractTransferListenerAdapter - Downloading https://repo.maven.apache.org/maven2/org/apache/logging/log4j/log4j-api/2.21.1/log4j-api-2.21.1.jar
2024-05-11 16:02:25,657 [AetherRepositoryConnector-repo.maven.apache.org-1-4] INFO  o.e.m.c.i.e.AbstractTransferListenerAdapter - Downloaded https://repo.maven.apache.org/maven2/org/apache/logging/log4j/log4j-api/2.21.1/log4j-api-2.21.1.jar
2024-05-11 16:02:26,273 [AetherRepositoryConnector-repo.maven.apache.org-1-4] INFO  o.e.m.c.i.e.AbstractTransferListenerAdapter - Downloading https://repo.maven.apache.org/maven2/org/slf4j/jul-to-slf4j/2.0.13/jul-to-slf4j-2.0.13.jar
2024-05-11 16:02:27,407 [AetherRepositoryConnector-repo.maven.apache.org-1-2] INFO  o.e.m.c.i.e.AbstractTransferListenerAdapter - Downloaded https://repo.maven.apache.org/maven2/ch/qos/logback/logback-core/1.4.14/logback-core-1.4.14.jar
2024-05-11 16:02:28,348 [AetherRepositoryConnector-repo.maven.apache.org-1-2] INFO  o.e.m.c.i.e.AbstractTransferListenerAdapter - Downloading https://repo.maven.apache.org/maven2/org/yaml/snakeyaml/2.2/snakeyaml-2.2.jar
2024-05-11 16:02:28,474 [AetherRepositoryConnector-repo.maven.apache.org-1-4] INFO  o.e.m.c.i.e.AbstractTransferListenerAdapter - Downloaded https://repo.maven.apache.org/maven2/org/slf4j/jul-to-slf4j/2.0.13/jul-to-slf4j-2.0.13.jar
2024-05-11 16:02:29,409 [AetherRepositoryConnector-repo.maven.apache.org-1-4] INFO  o.e.m.c.i.e.AbstractTransferListenerAdapter - Downloading https://repo.maven.apache.org/maven2/org/springframework/boot/spring-boot-starter-json/3.2.5/spring-boot-starter-json-3.2.5.jar
2024-05-11 16:02:30,733 [AetherRepositoryConnector-repo.maven.apache.org-1-4] INFO  o.e.m.c.i.e.AbstractTransferListenerAdapter - Downloaded https://repo.maven.apache.org/maven2/org/springframework/boot/spring-boot-starter-json/3.2.5/spring-boot-starter-json-3.2.5.jar
2024-05-11 16:02:31,879 [AetherRepositoryConnector-repo.maven.apache.org-1-4] INFO  o.e.m.c.i.e.AbstractTransferListenerAdapter - Downloading https://repo.maven.apache.org/maven2/com/fasterxml/jackson/core/jackson-databind/2.15.4/jackson-databind-2.15.4.jar
2024-05-11 16:02:33,031 [AetherRepositoryConnector-repo.maven.apache.org-1-0] INFO  o.e.m.c.i.e.AbstractTransferListenerAdapter - Downloaded https://repo.maven.apache.org/maven2/org/springframework/boot/spring-boot/3.2.5/spring-boot-3.2.5.jar
2024-05-11 16:02:33,827 [AetherRepositoryConnector-repo.maven.apache.org-1-0] INFO  o.e.m.c.i.e.AbstractTransferListenerAdapter - Downloading https://repo.maven.apache.org/maven2/com/fasterxml/jackson/core/jackson-annotations/2.15.4/jackson-annotations-2.15.4.jar
2024-05-11 16:02:36,013 [AetherRepositoryConnector-repo.maven.apache.org-1-0] INFO  o.e.m.c.i.e.AbstractTransferListenerAdapter - Downloaded https://repo.maven.apache.org/maven2/com/fasterxml/jackson/core/jackson-annotations/2.15.4/jackson-annotations-2.15.4.jar
2024-05-11 16:02:36,959 [AetherRepositoryConnector-repo.maven.apache.org-1-0] INFO  o.e.m.c.i.e.AbstractTransferListenerAdapter - Downloading https://repo.maven.apache.org/maven2/com/fasterxml/jackson/core/jackson-core/2.15.4/jackson-core-2.15.4.jar
2024-05-11 16:02:36,979 [AetherRepositoryConnector-repo.maven.apache.org-1-2] INFO  o.e.m.c.i.e.AbstractTransferListenerAdapter - Downloaded https://repo.maven.apache.org/maven2/org/yaml/snakeyaml/2.2/snakeyaml-2.2.jar
2024-05-11 16:02:36,979 [AetherRepositoryConnector-repo.maven.apache.org-1-3] INFO  o.e.m.c.i.e.AbstractTransferListenerAdapter - Downloaded https://repo.maven.apache.org/maven2/org/springframework/boot/spring-boot-autoconfigure/3.2.5/spring-boot-autoconfigure-3.2.5.jar
2024-05-11 16:02:38,147 [AetherRepositoryConnector-repo.maven.apache.org-1-3] INFO  o.e.m.c.i.e.AbstractTransferListenerAdapter - Downloading https://repo.maven.apache.org/maven2/com/fasterxml/jackson/datatype/jackson-datatype-jsr310/2.15.4/jackson-datatype-jsr310-2.15.4.jar
2024-05-11 16:02:38,147 [AetherRepositoryConnector-repo.maven.apache.org-1-2] INFO  o.e.m.c.i.e.AbstractTransferListenerAdapter - Downloading https://repo.maven.apache.org/maven2/com/fasterxml/jackson/datatype/jackson-datatype-jdk8/2.15.4/jackson-datatype-jdk8-2.15.4.jar
2024-05-11 16:02:40,496 [AetherRepositoryConnector-repo.maven.apache.org-1-2] INFO  o.e.m.c.i.e.AbstractTransferListenerAdapter - Downloaded https://repo.maven.apache.org/maven2/com/fasterxml/jackson/datatype/jackson-datatype-jdk8/2.15.4/jackson-datatype-jdk8-2.15.4.jar
2024-05-11 16:02:40,895 [AetherRepositoryConnector-repo.maven.apache.org-1-2] INFO  o.e.m.c.i.e.AbstractTransferListenerAdapter - Downloading https://repo.maven.apache.org/maven2/com/fasterxml/jackson/module/jackson-module-parameter-names/2.15.4/jackson-module-parameter-names-2.15.4.jar
2024-05-11 16:02:41,685 [AetherRepositoryConnector-repo.maven.apache.org-1-3] INFO  o.e.m.c.i.e.AbstractTransferListenerAdapter - Downloaded https://repo.maven.apache.org/maven2/com/fasterxml/jackson/datatype/jackson-datatype-jsr310/2.15.4/jackson-datatype-jsr310-2.15.4.jar
2024-05-11 16:02:42,283 [AetherRepositoryConnector-repo.maven.apache.org-1-2] INFO  o.e.m.c.i.e.AbstractTransferListenerAdapter - Downloaded https://repo.maven.apache.org/maven2/com/fasterxml/jackson/module/jackson-module-parameter-names/2.15.4/jackson-module-parameter-names-2.15.4.jar
2024-05-11 16:02:43,202 [AetherRepositoryConnector-repo.maven.apache.org-1-2] INFO  o.e.m.c.i.e.AbstractTransferListenerAdapter - Downloading https://repo.maven.apache.org/maven2/org/apache/tomcat/embed/tomcat-embed-core/10.1.20/tomcat-embed-core-10.1.20.jar
2024-05-11 16:02:43,202 [AetherRepositoryConnector-repo.maven.apache.org-1-3] INFO  o.e.m.c.i.e.AbstractTransferListenerAdapter - Downloading https://repo.maven.apache.org/maven2/org/springframework/boot/spring-boot-starter-tomcat/3.2.5/spring-boot-starter-tomcat-3.2.5.jar
2024-05-11 16:02:44,610 [AetherRepositoryConnector-repo.maven.apache.org-1-3] INFO  o.e.m.c.i.e.AbstractTransferListenerAdapter - Downloaded https://repo.maven.apache.org/maven2/org/springframework/boot/spring-boot-starter-tomcat/3.2.5/spring-boot-starter-tomcat-3.2.5.jar
2024-05-11 16:02:45,447 [AetherRepositoryConnector-repo.maven.apache.org-1-3] INFO  o.e.m.c.i.e.AbstractTransferListenerAdapter - Downloading https://repo.maven.apache.org/maven2/org/apache/tomcat/embed/tomcat-embed-el/10.1.20/tomcat-embed-el-10.1.20.jar
2024-05-11 16:02:52,053 [AetherRepositoryConnector-repo.maven.apache.org-1-0] INFO  o.e.m.c.i.e.AbstractTransferListenerAdapter - Downloaded https://repo.maven.apache.org/maven2/com/fasterxml/jackson/core/jackson-core/2.15.4/jackson-core-2.15.4.jar
2024-05-11 16:02:52,672 [AetherRepositoryConnector-repo.maven.apache.org-1-0] INFO  o.e.m.c.i.e.AbstractTransferListenerAdapter - Downloading https://repo.maven.apache.org/maven2/org/apache/tomcat/embed/tomcat-embed-websocket/10.1.20/tomcat-embed-websocket-10.1.20.jar
2024-05-11 16:02:52,874 [AetherRepositoryConnector-repo.maven.apache.org-1-3] INFO  o.e.m.c.i.e.AbstractTransferListenerAdapter - Downloaded https://repo.maven.apache.org/maven2/org/apache/tomcat/embed/tomcat-embed-el/10.1.20/tomcat-embed-el-10.1.20.jar
2024-05-11 16:02:54,283 [AetherRepositoryConnector-repo.maven.apache.org-1-3] INFO  o.e.m.c.i.e.AbstractTransferListenerAdapter - Downloading https://repo.maven.apache.org/maven2/org/springframework/spring-web/6.1.6/spring-web-6.1.6.jar
2024-05-11 16:03:01,576 [AetherRepositoryConnector-repo.maven.apache.org-1-0] INFO  o.e.m.c.i.e.AbstractTransferListenerAdapter - Downloaded https://repo.maven.apache.org/maven2/org/apache/tomcat/embed/tomcat-embed-websocket/10.1.20/tomcat-embed-websocket-10.1.20.jar
2024-05-11 16:03:02,209 [AetherRepositoryConnector-repo.maven.apache.org-1-0] INFO  o.e.m.c.i.e.AbstractTransferListenerAdapter - Downloading https://repo.maven.apache.org/maven2/io/micrometer/micrometer-observation/1.12.5/micrometer-observation-1.12.5.jar
2024-05-11 16:03:05,061 [AetherRepositoryConnector-repo.maven.apache.org-1-0] INFO  o.e.m.c.i.e.AbstractTransferListenerAdapter - Downloaded https://repo.maven.apache.org/maven2/io/micrometer/micrometer-observation/1.12.5/micrometer-observation-1.12.5.jar
2024-05-11 16:03:05,709 [AetherRepositoryConnector-repo.maven.apache.org-1-0] INFO  o.e.m.c.i.e.AbstractTransferListenerAdapter - Downloading https://repo.maven.apache.org/maven2/io/micrometer/micrometer-commons/1.12.5/micrometer-commons-1.12.5.jar
2024-05-11 16:03:08,684 [AetherRepositoryConnector-repo.maven.apache.org-1-4] INFO  o.e.m.c.i.e.AbstractTransferListenerAdapter - Downloaded https://repo.maven.apache.org/maven2/com/fasterxml/jackson/core/jackson-databind/2.15.4/jackson-databind-2.15.4.jar
2024-05-11 16:03:08,693 [AetherRepositoryConnector-repo.maven.apache.org-1-0] INFO  o.e.m.c.i.e.AbstractTransferListenerAdapter - Downloaded https://repo.maven.apache.org/maven2/io/micrometer/micrometer-commons/1.12.5/micrometer-commons-1.12.5.jar
2024-05-11 16:03:09,389 [AetherRepositoryConnector-repo.maven.apache.org-1-4] INFO  o.e.m.c.i.e.AbstractTransferListenerAdapter - Downloading https://repo.maven.apache.org/maven2/org/springframework/spring-webmvc/6.1.6/spring-webmvc-6.1.6.jar
2024-05-11 16:03:09,389 [AetherRepositoryConnector-repo.maven.apache.org-1-0] INFO  o.e.m.c.i.e.AbstractTransferListenerAdapter - Downloading https://repo.maven.apache.org/maven2/org/springframework/spring-expression/6.1.6/spring-expression-6.1.6.jar
2024-05-11 16:03:18,943 [AetherRepositoryConnector-repo.maven.apache.org-1-0] INFO  o.e.m.c.i.e.AbstractTransferListenerAdapter - Downloaded https://repo.maven.apache.org/maven2/org/springframework/spring-expression/6.1.6/spring-expression-6.1.6.jar
2024-05-11 16:03:20,167 [AetherRepositoryConnector-repo.maven.apache.org-1-0] INFO  o.e.m.c.i.e.AbstractTransferListenerAdapter - Downloading https://repo.maven.apache.org/maven2/org/projectlombok/lombok/1.18.32/lombok-1.18.32.jar
2024-05-11 16:03:42,119 [AetherRepositoryConnector-repo.maven.apache.org-1-4] INFO  o.e.m.c.i.e.AbstractTransferListenerAdapter - Downloaded https://repo.maven.apache.org/maven2/org/springframework/spring-webmvc/6.1.6/spring-webmvc-6.1.6.jar
2024-05-11 16:03:43,149 [AetherRepositoryConnector-repo.maven.apache.org-1-4] INFO  o.e.m.c.i.e.AbstractTransferListenerAdapter - Downloading https://repo.maven.apache.org/maven2/org/springframework/boot/spring-boot-starter-test/3.2.5/spring-boot-starter-test-3.2.5.jar
2024-05-11 16:03:45,307 [AetherRepositoryConnector-repo.maven.apache.org-1-4] INFO  o.e.m.c.i.e.AbstractTransferListenerAdapter - Downloaded https://repo.maven.apache.org/maven2/org/springframework/boot/spring-boot-starter-test/3.2.5/spring-boot-starter-test-3.2.5.jar
2024-05-11 16:03:46,389 [AetherRepositoryConnector-repo.maven.apache.org-1-4] INFO  o.e.m.c.i.e.AbstractTransferListenerAdapter - Downloading https://repo.maven.apache.org/maven2/org/springframework/boot/spring-boot-test/3.2.5/spring-boot-test-3.2.5.jar
2024-05-11 16:03:46,461 [AetherRepositoryConnector-repo.maven.apache.org-1-3] INFO  o.e.m.c.i.e.AbstractTransferListenerAdapter - Downloaded https://repo.maven.apache.org/maven2/org/springframework/spring-web/6.1.6/spring-web-6.1.6.jar
2024-05-11 16:03:47,157 [AetherRepositoryConnector-repo.maven.apache.org-1-3] INFO  o.e.m.c.i.e.AbstractTransferListenerAdapter - Downloading https://repo.maven.apache.org/maven2/org/springframework/boot/spring-boot-test-autoconfigure/3.2.5/spring-boot-test-autoconfigure-3.2.5.jar
2024-05-11 16:03:53,775 [AetherRepositoryConnector-repo.maven.apache.org-1-4] INFO  o.e.m.c.i.e.AbstractTransferListenerAdapter - Downloaded https://repo.maven.apache.org/maven2/org/springframework/boot/spring-boot-test/3.2.5/spring-boot-test-3.2.5.jar
2024-05-11 16:03:54,498 [AetherRepositoryConnector-repo.maven.apache.org-1-4] INFO  o.e.m.c.i.e.AbstractTransferListenerAdapter - Downloading https://repo.maven.apache.org/maven2/com/jayway/jsonpath/json-path/2.9.0/json-path-2.9.0.jar
2024-05-11 16:03:55,591 [AetherRepositoryConnector-repo.maven.apache.org-1-3] INFO  o.e.m.c.i.e.AbstractTransferListenerAdapter - Downloaded https://repo.maven.apache.org/maven2/org/springframework/boot/spring-boot-test-autoconfigure/3.2.5/spring-boot-test-autoconfigure-3.2.5.jar
2024-05-11 16:03:56,608 [AetherRepositoryConnector-repo.maven.apache.org-1-3] INFO  o.e.m.c.i.e.AbstractTransferListenerAdapter - Downloading https://repo.maven.apache.org/maven2/jakarta/xml/bind/jakarta.xml.bind-api/4.0.2/jakarta.xml.bind-api-4.0.2.jar
2024-05-11 16:04:01,286 [AetherRepositoryConnector-repo.maven.apache.org-1-4] INFO  o.e.m.c.i.e.AbstractTransferListenerAdapter - Downloaded https://repo.maven.apache.org/maven2/com/jayway/jsonpath/json-path/2.9.0/json-path-2.9.0.jar
2024-05-11 16:04:01,290 [AetherRepositoryConnector-repo.maven.apache.org-1-3] INFO  o.e.m.c.i.e.AbstractTransferListenerAdapter - Downloaded https://repo.maven.apache.org/maven2/jakarta/xml/bind/jakarta.xml.bind-api/4.0.2/jakarta.xml.bind-api-4.0.2.jar
2024-05-11 16:04:02,044 [AetherRepositoryConnector-repo.maven.apache.org-1-3] INFO  o.e.m.c.i.e.AbstractTransferListenerAdapter - Downloading https://repo.maven.apache.org/maven2/net/minidev/json-smart/2.5.1/json-smart-2.5.1.jar
2024-05-11 16:04:02,044 [AetherRepositoryConnector-repo.maven.apache.org-1-4] INFO  o.e.m.c.i.e.AbstractTransferListenerAdapter - Downloading https://repo.maven.apache.org/maven2/jakarta/activation/jakarta.activation-api/2.1.3/jakarta.activation-api-2.1.3.jar
2024-05-11 16:04:04,297 [AetherRepositoryConnector-repo.maven.apache.org-1-4] INFO  o.e.m.c.i.e.AbstractTransferListenerAdapter - Downloaded https://repo.maven.apache.org/maven2/jakarta/activation/jakarta.activation-api/2.1.3/jakarta.activation-api-2.1.3.jar
2024-05-11 16:04:05,065 [AetherRepositoryConnector-repo.maven.apache.org-1-4] INFO  o.e.m.c.i.e.AbstractTransferListenerAdapter - Downloading https://repo.maven.apache.org/maven2/net/minidev/accessors-smart/2.5.1/accessors-smart-2.5.1.jar
2024-05-11 16:04:05,225 [AetherRepositoryConnector-repo.maven.apache.org-1-3] INFO  o.e.m.c.i.e.AbstractTransferListenerAdapter - Downloaded https://repo.maven.apache.org/maven2/net/minidev/json-smart/2.5.1/json-smart-2.5.1.jar
2024-05-11 16:04:06,050 [AetherRepositoryConnector-repo.maven.apache.org-1-3] INFO  o.e.m.c.i.e.AbstractTransferListenerAdapter - Downloading https://repo.maven.apache.org/maven2/org/ow2/asm/asm/9.6/asm-9.6.jar
2024-05-11 16:04:06,690 [AetherRepositoryConnector-repo.maven.apache.org-1-4] INFO  o.e.m.c.i.e.AbstractTransferListenerAdapter - Downloaded https://repo.maven.apache.org/maven2/net/minidev/accessors-smart/2.5.1/accessors-smart-2.5.1.jar
2024-05-11 16:04:07,293 [AetherRepositoryConnector-repo.maven.apache.org-1-4] INFO  o.e.m.c.i.e.AbstractTransferListenerAdapter - Downloading https://repo.maven.apache.org/maven2/org/assertj/assertj-core/3.24.2/assertj-core-3.24.2.jar
2024-05-11 16:04:09,973 [AetherRepositoryConnector-repo.maven.apache.org-1-3] INFO  o.e.m.c.i.e.AbstractTransferListenerAdapter - Downloaded https://repo.maven.apache.org/maven2/org/ow2/asm/asm/9.6/asm-9.6.jar
2024-05-11 16:04:10,739 [AetherRepositoryConnector-repo.maven.apache.org-1-3] INFO  o.e.m.c.i.e.AbstractTransferListenerAdapter - Downloading https://repo.maven.apache.org/maven2/org/awaitility/awaitility/4.2.1/awaitility-4.2.1.jar
2024-05-11 16:04:14,549 [AetherRepositoryConnector-repo.maven.apache.org-1-0] INFO  o.e.m.c.i.e.AbstractTransferListenerAdapter - Downloaded https://repo.maven.apache.org/maven2/org/projectlombok/lombok/1.18.32/lombok-1.18.32.jar
2024-05-11 16:04:14,549 [AetherRepositoryConnector-repo.maven.apache.org-1-2] INFO  o.e.m.c.i.e.AbstractTransferListenerAdapter - Downloaded https://repo.maven.apache.org/maven2/org/apache/tomcat/embed/tomcat-embed-core/10.1.20/tomcat-embed-core-10.1.20.jar
2024-05-11 16:04:15,198 [AetherRepositoryConnector-repo.maven.apache.org-1-3] INFO  o.e.m.c.i.e.AbstractTransferListenerAdapter - Downloaded https://repo.maven.apache.org/maven2/org/awaitility/awaitility/4.2.1/awaitility-4.2.1.jar
2024-05-11 16:04:15,795 [AetherRepositoryConnector-repo.maven.apache.org-1-2] INFO  o.e.m.c.i.e.AbstractTransferListenerAdapter - Downloading https://repo.maven.apache.org/maven2/org/junit/jupiter/junit-jupiter/5.10.2/junit-jupiter-5.10.2.jar
2024-05-11 16:04:15,795 [AetherRepositoryConnector-repo.maven.apache.org-1-0] INFO  o.e.m.c.i.e.AbstractTransferListenerAdapter - Downloading https://repo.maven.apache.org/maven2/org/hamcrest/hamcrest/2.2/hamcrest-2.2.jar
2024-05-11 16:04:15,795 [AetherRepositoryConnector-repo.maven.apache.org-1-3] INFO  o.e.m.c.i.e.AbstractTransferListenerAdapter - Downloading https://repo.maven.apache.org/maven2/org/junit/jupiter/junit-jupiter-api/5.10.2/junit-jupiter-api-5.10.2.jar
2024-05-11 16:04:17,001 [AetherRepositoryConnector-repo.maven.apache.org-1-2] INFO  o.e.m.c.i.e.AbstractTransferListenerAdapter - Downloaded https://repo.maven.apache.org/maven2/org/junit/jupiter/junit-jupiter/5.10.2/junit-jupiter-5.10.2.jar
2024-05-11 16:04:17,457 [AetherRepositoryConnector-repo.maven.apache.org-1-2] INFO  o.e.m.c.i.e.AbstractTransferListenerAdapter - Downloading https://repo.maven.apache.org/maven2/org/opentest4j/opentest4j/1.3.0/opentest4j-1.3.0.jar
2024-05-11 16:04:18,369 [AetherRepositoryConnector-repo.maven.apache.org-1-0] INFO  o.e.m.c.i.e.AbstractTransferListenerAdapter - Downloaded https://repo.maven.apache.org/maven2/org/hamcrest/hamcrest/2.2/hamcrest-2.2.jar
2024-05-11 16:04:18,833 [AetherRepositoryConnector-repo.maven.apache.org-1-2] INFO  o.e.m.c.i.e.AbstractTransferListenerAdapter - Downloaded https://repo.maven.apache.org/maven2/org/opentest4j/opentest4j/1.3.0/opentest4j-1.3.0.jar
2024-05-11 16:04:19,658 [AetherRepositoryConnector-repo.maven.apache.org-1-0] INFO  o.e.m.c.i.e.AbstractTransferListenerAdapter - Downloading https://repo.maven.apache.org/maven2/org/junit/platform/junit-platform-commons/1.10.2/junit-platform-commons-1.10.2.jar
2024-05-11 16:04:19,658 [AetherRepositoryConnector-repo.maven.apache.org-1-2] INFO  o.e.m.c.i.e.AbstractTransferListenerAdapter - Downloading https://repo.maven.apache.org/maven2/org/apiguardian/apiguardian-api/1.1.2/apiguardian-api-1.1.2.jar
2024-05-11 16:04:21,767 [AetherRepositoryConnector-repo.maven.apache.org-1-2] INFO  o.e.m.c.i.e.AbstractTransferListenerAdapter - Downloaded https://repo.maven.apache.org/maven2/org/apiguardian/apiguardian-api/1.1.2/apiguardian-api-1.1.2.jar
2024-05-11 16:04:22,076 [AetherRepositoryConnector-repo.maven.apache.org-1-3] INFO  o.e.m.c.i.e.AbstractTransferListenerAdapter - Downloaded https://repo.maven.apache.org/maven2/org/junit/jupiter/junit-jupiter-api/5.10.2/junit-jupiter-api-5.10.2.jar
2024-05-11 16:04:22,747 [AetherRepositoryConnector-repo.maven.apache.org-1-2] INFO  o.e.m.c.i.e.AbstractTransferListenerAdapter - Downloading https://repo.maven.apache.org/maven2/org/junit/jupiter/junit-jupiter-params/5.10.2/junit-jupiter-params-5.10.2.jar
2024-05-11 16:04:22,748 [AetherRepositoryConnector-repo.maven.apache.org-1-3] INFO  o.e.m.c.i.e.AbstractTransferListenerAdapter - Downloading https://repo.maven.apache.org/maven2/org/junit/jupiter/junit-jupiter-engine/5.10.2/junit-jupiter-engine-5.10.2.jar
2024-05-11 16:04:22,763 [AetherRepositoryConnector-repo.maven.apache.org-1-0] INFO  o.e.m.c.i.e.AbstractTransferListenerAdapter - Downloaded https://repo.maven.apache.org/maven2/org/junit/platform/junit-platform-commons/1.10.2/junit-platform-commons-1.10.2.jar
2024-05-11 16:04:23,497 [AetherRepositoryConnector-repo.maven.apache.org-1-0] INFO  o.e.m.c.i.e.AbstractTransferListenerAdapter - Downloading https://repo.maven.apache.org/maven2/org/junit/platform/junit-platform-engine/1.10.2/junit-platform-engine-1.10.2.jar
2024-05-11 16:04:28,848 [AetherRepositoryConnector-repo.maven.apache.org-1-0] INFO  o.e.m.c.i.e.AbstractTransferListenerAdapter - Downloaded https://repo.maven.apache.org/maven2/org/junit/platform/junit-platform-engine/1.10.2/junit-platform-engine-1.10.2.jar
2024-05-11 16:04:28,849 [AetherRepositoryConnector-repo.maven.apache.org-1-3] INFO  o.e.m.c.i.e.AbstractTransferListenerAdapter - Downloaded https://repo.maven.apache.org/maven2/org/junit/jupiter/junit-jupiter-engine/5.10.2/junit-jupiter-engine-5.10.2.jar
2024-05-11 16:04:29,463 [AetherRepositoryConnector-repo.maven.apache.org-1-0] INFO  o.e.m.c.i.e.AbstractTransferListenerAdapter - Downloading https://repo.maven.apache.org/maven2/org/mockito/mockito-core/5.7.0/mockito-core-5.7.0.jar
2024-05-11 16:04:29,463 [AetherRepositoryConnector-repo.maven.apache.org-1-3] INFO  o.e.m.c.i.e.AbstractTransferListenerAdapter - Downloading https://repo.maven.apache.org/maven2/net/bytebuddy/byte-buddy-agent/1.14.13/byte-buddy-agent-1.14.13.jar
2024-05-11 16:04:36,768 [AetherRepositoryConnector-repo.maven.apache.org-1-3] INFO  o.e.m.c.i.e.AbstractTransferListenerAdapter - Downloaded https://repo.maven.apache.org/maven2/net/bytebuddy/byte-buddy-agent/1.14.13/byte-buddy-agent-1.14.13.jar
2024-05-11 16:04:36,768 [AetherRepositoryConnector-repo.maven.apache.org-1-4] INFO  o.e.m.c.i.e.AbstractTransferListenerAdapter - Downloaded https://repo.maven.apache.org/maven2/org/assertj/assertj-core/3.24.2/assertj-core-3.24.2.jar
2024-05-11 16:04:36,768 [AetherRepositoryConnector-repo.maven.apache.org-1-2] INFO  o.e.m.c.i.e.AbstractTransferListenerAdapter - Downloaded https://repo.maven.apache.org/maven2/org/junit/jupiter/junit-jupiter-params/5.10.2/junit-jupiter-params-5.10.2.jar
2024-05-11 16:04:37,974 [AetherRepositoryConnector-repo.maven.apache.org-1-3] INFO  o.e.m.c.i.e.AbstractTransferListenerAdapter - Downloading https://repo.maven.apache.org/maven2/org/objenesis/objenesis/3.3/objenesis-3.3.jar
2024-05-11 16:04:37,974 [AetherRepositoryConnector-repo.maven.apache.org-1-4] INFO  o.e.m.c.i.e.AbstractTransferListenerAdapter - Downloading https://repo.maven.apache.org/maven2/org/mockito/mockito-junit-jupiter/5.7.0/mockito-junit-jupiter-5.7.0.jar
2024-05-11 16:04:37,974 [AetherRepositoryConnector-repo.maven.apache.org-1-2] INFO  o.e.m.c.i.e.AbstractTransferListenerAdapter - Downloading https://repo.maven.apache.org/maven2/org/skyscreamer/jsonassert/1.5.1/jsonassert-1.5.1.jar
2024-05-11 16:04:38,633 [AetherRepositoryConnector-repo.maven.apache.org-1-4] INFO  o.e.m.c.i.e.AbstractTransferListenerAdapter - Downloaded https://repo.maven.apache.org/maven2/org/mockito/mockito-junit-jupiter/5.7.0/mockito-junit-jupiter-5.7.0.jar
2024-05-11 16:04:39,797 [AetherRepositoryConnector-repo.maven.apache.org-1-4] INFO  o.e.m.c.i.e.AbstractTransferListenerAdapter - Downloading https://repo.maven.apache.org/maven2/com/vaadin/external/google/android-json/0.0.20131108.vaadin1/android-json-0.0.20131108.vaadin1.jar
2024-05-11 16:04:39,811 [AetherRepositoryConnector-repo.maven.apache.org-1-2] INFO  o.e.m.c.i.e.AbstractTransferListenerAdapter - Downloaded https://repo.maven.apache.org/maven2/org/skyscreamer/jsonassert/1.5.1/jsonassert-1.5.1.jar
2024-05-11 16:04:40,273 [AetherRepositoryConnector-repo.maven.apache.org-1-3] INFO  o.e.m.c.i.e.AbstractTransferListenerAdapter - Downloaded https://repo.maven.apache.org/maven2/org/objenesis/objenesis/3.3/objenesis-3.3.jar
2024-05-11 16:04:40,953 [AetherRepositoryConnector-repo.maven.apache.org-1-2] INFO  o.e.m.c.i.e.AbstractTransferListenerAdapter - Downloading https://repo.maven.apache.org/maven2/org/springframework/spring-core/6.1.6/spring-core-6.1.6.jar
2024-05-11 16:04:41,429 [AetherRepositoryConnector-repo.maven.apache.org-1-3] INFO  o.e.m.c.i.e.AbstractTransferListenerAdapter - Downloading https://repo.maven.apache.org/maven2/org/springframework/spring-jcl/6.1.6/spring-jcl-6.1.6.jar
2024-05-11 16:04:41,619 [AetherRepositoryConnector-repo.maven.apache.org-1-1] INFO  o.e.m.c.i.e.AbstractTransferListenerAdapter - Downloaded https://repo.maven.apache.org/maven2/org/hibernate/orm/hibernate-core/6.4.4.Final/hibernate-core-6.4.4.Final.jar
2024-05-11 16:04:41,619 [AetherRepositoryConnector-repo.maven.apache.org-1-4] INFO  o.e.m.c.i.e.AbstractTransferListenerAdapter - Downloaded https://repo.maven.apache.org/maven2/com/vaadin/external/google/android-json/0.0.20131108.vaadin1/android-json-0.0.20131108.vaadin1.jar
2024-05-11 16:04:42,392 [AetherRepositoryConnector-repo.maven.apache.org-1-4] INFO  o.e.m.c.i.e.AbstractTransferListenerAdapter - Downloading https://repo.maven.apache.org/maven2/org/xmlunit/xmlunit-core/2.9.1/xmlunit-core-2.9.1.jar
2024-05-11 16:04:42,392 [AetherRepositoryConnector-repo.maven.apache.org-1-1] INFO  o.e.m.c.i.e.AbstractTransferListenerAdapter - Downloading https://repo.maven.apache.org/maven2/org/springframework/spring-test/6.1.6/spring-test-6.1.6.jar
2024-05-11 16:04:42,573 [AetherRepositoryConnector-repo.maven.apache.org-1-0] INFO  o.e.m.c.i.e.AbstractTransferListenerAdapter - Downloaded https://repo.maven.apache.org/maven2/org/mockito/mockito-core/5.7.0/mockito-core-5.7.0.jar
2024-05-11 16:04:43,228 [AetherRepositoryConnector-repo.maven.apache.org-1-3] INFO  o.e.m.c.i.e.AbstractTransferListenerAdapter - Downloaded https://repo.maven.apache.org/maven2/org/springframework/spring-jcl/6.1.6/spring-jcl-6.1.6.jar
2024-05-11 16:04:46,192 [AetherRepositoryConnector-repo.maven.apache.org-1-4] INFO  o.e.m.c.i.e.AbstractTransferListenerAdapter - Downloaded https://repo.maven.apache.org/maven2/org/xmlunit/xmlunit-core/2.9.1/xmlunit-core-2.9.1.jar
2024-05-11 16:04:53,780 [AetherRepositoryConnector-repo.maven.apache.org-1-1] INFO  o.e.m.c.i.e.AbstractTransferListenerAdapter - Downloaded https://repo.maven.apache.org/maven2/org/springframework/spring-test/6.1.6/spring-test-6.1.6.jar
2024-05-11 16:04:58,327 [AetherRepositoryConnector-repo.maven.apache.org-1-2] INFO  o.e.m.c.i.e.AbstractTransferListenerAdapter - Downloaded https://repo.maven.apache.org/maven2/org/springframework/spring-core/6.1.6/spring-core-6.1.6.jar
2024-05-11 16:04:59,154 [Worker-30: Updating Maven Project] INFO  o.e.m.c.i.e.AbstractTransferListenerAdapter - Downloading https://repo.maven.apache.org/maven2/org/apache/maven/plugins/maven-surefire-plugin/3.1.2/maven-surefire-plugin-3.1.2.pom
2024-05-11 16:04:59,338 [Worker-30: Updating Maven Project] INFO  o.e.m.c.i.e.AbstractTransferListenerAdapter - Downloaded https://repo.maven.apache.org/maven2/org/apache/maven/plugins/maven-surefire-plugin/3.1.2/maven-surefire-plugin-3.1.2.pom
2024-05-11 16:04:59,403 [Worker-30: Updating Maven Project] INFO  o.e.m.c.i.e.AbstractTransferListenerAdapter - Downloading https://repo.maven.apache.org/maven2/org/apache/maven/surefire/surefire/3.1.2/surefire-3.1.2.pom
2024-05-11 16:04:59,513 [Worker-30: Updating Maven Project] INFO  o.e.m.c.i.e.AbstractTransferListenerAdapter - Downloaded https://repo.maven.apache.org/maven2/org/apache/maven/surefire/surefire/3.1.2/surefire-3.1.2.pom
2024-05-11 16:04:59,593 [Worker-30: Updating Maven Project] INFO  o.e.m.c.i.e.AbstractTransferListenerAdapter - Downloading https://repo.maven.apache.org/maven2/org/apache/maven/plugins/maven-jar-plugin/3.3.0/maven-jar-plugin-3.3.0.pom
2024-05-11 16:04:59,970 [Worker-30: Updating Maven Project] INFO  o.e.m.c.i.e.AbstractTransferListenerAdapter - Downloaded https://repo.maven.apache.org/maven2/org/apache/maven/plugins/maven-jar-plugin/3.3.0/maven-jar-plugin-3.3.0.pom
2024-05-11 16:05:00,023 [Worker-30: Updating Maven Project] INFO  o.e.m.c.i.e.AbstractTransferListenerAdapter - Downloading https://repo.maven.apache.org/maven2/org/apache/maven/plugins/maven-plugins/37/maven-plugins-37.pom
2024-05-11 16:05:00,137 [Worker-30: Updating Maven Project] INFO  o.e.m.c.i.e.AbstractTransferListenerAdapter - Downloaded https://repo.maven.apache.org/maven2/org/apache/maven/plugins/maven-plugins/37/maven-plugins-37.pom
2024-05-11 16:05:00,180 [Worker-30: Updating Maven Project] INFO  o.e.m.c.i.e.AbstractTransferListenerAdapter - Downloading https://repo.maven.apache.org/maven2/org/apache/maven/maven-parent/37/maven-parent-37.pom
2024-05-11 16:05:00,566 [Worker-30: Updating Maven Project] INFO  o.e.m.c.i.e.AbstractTransferListenerAdapter - Downloaded https://repo.maven.apache.org/maven2/org/apache/maven/maven-parent/37/maven-parent-37.pom
2024-05-11 16:05:00,610 [Worker-30: Updating Maven Project] INFO  o.e.m.c.i.e.AbstractTransferListenerAdapter - Downloading https://repo.maven.apache.org/maven2/org/apache/apache/27/apache-27.pom
2024-05-11 16:05:00,816 [Worker-30: Updating Maven Project] INFO  o.e.m.c.i.e.AbstractTransferListenerAdapter - Downloaded https://repo.maven.apache.org/maven2/org/apache/apache/27/apache-27.pom
2024-05-11 16:05:00,887 [Worker-30: Updating Maven Project] INFO  o.e.m.c.i.e.AbstractTransferListenerAdapter - Downloading https://repo.maven.apache.org/maven2/org/apache/maven/shared/file-management/3.1.0/file-management-3.1.0.pom
2024-05-11 16:05:00,971 [Worker-30: Updating Maven Project] INFO  o.e.m.c.i.e.AbstractTransferListenerAdapter - Downloaded https://repo.maven.apache.org/maven2/org/apache/maven/shared/file-management/3.1.0/file-management-3.1.0.pom
2024-05-11 16:05:01,029 [Worker-30: Updating Maven Project] INFO  o.e.m.c.i.e.AbstractTransferListenerAdapter - Downloading https://repo.maven.apache.org/maven2/org/apache/maven/shared/maven-shared-components/36/maven-shared-components-36.pom
2024-05-11 16:05:01,193 [Worker-30: Updating Maven Project] INFO  o.e.m.c.i.e.AbstractTransferListenerAdapter - Downloaded https://repo.maven.apache.org/maven2/org/apache/maven/shared/maven-shared-components/36/maven-shared-components-36.pom
2024-05-11 16:05:01,243 [Worker-30: Updating Maven Project] INFO  o.e.m.c.i.e.AbstractTransferListenerAdapter - Downloading https://repo.maven.apache.org/maven2/org/apache/maven/maven-parent/36/maven-parent-36.pom
2024-05-11 16:05:01,605 [Worker-30: Updating Maven Project] INFO  o.e.m.c.i.e.AbstractTransferListenerAdapter - Downloaded https://repo.maven.apache.org/maven2/org/apache/maven/maven-parent/36/maven-parent-36.pom
2024-05-11 16:05:01,651 [Worker-30: Updating Maven Project] INFO  o.e.m.c.i.e.AbstractTransferListenerAdapter - Downloading https://repo.maven.apache.org/maven2/org/apache/apache/26/apache-26.pom
2024-05-11 16:05:01,845 [Worker-30: Updating Maven Project] INFO  o.e.m.c.i.e.AbstractTransferListenerAdapter - Downloaded https://repo.maven.apache.org/maven2/org/apache/apache/26/apache-26.pom
2024-05-11 16:05:01,900 [Worker-30: Updating Maven Project] INFO  o.e.m.c.i.e.AbstractTransferListenerAdapter - Downloading https://repo.maven.apache.org/maven2/org/codehaus/plexus/plexus-utils/3.3.0/plexus-utils-3.3.0.pom
2024-05-11 16:05:02,051 [Worker-30: Updating Maven Project] INFO  o.e.m.c.i.e.AbstractTransferListenerAdapter - Downloaded https://repo.maven.apache.org/maven2/org/codehaus/plexus/plexus-utils/3.3.0/plexus-utils-3.3.0.pom
2024-05-11 16:05:02,113 [Worker-30: Updating Maven Project] INFO  o.e.m.c.i.e.AbstractTransferListenerAdapter - Downloading https://repo.maven.apache.org/maven2/org/apache/maven/maven-archiver/3.6.0/maven-archiver-3.6.0.pom
2024-05-11 16:05:02,208 [Worker-30: Updating Maven Project] INFO  o.e.m.c.i.e.AbstractTransferListenerAdapter - Downloaded https://repo.maven.apache.org/maven2/org/apache/maven/maven-archiver/3.6.0/maven-archiver-3.6.0.pom
2024-05-11 16:05:02,328 [Worker-30: Updating Maven Project] INFO  o.e.m.c.i.e.AbstractTransferListenerAdapter - Downloading https://repo.maven.apache.org/maven2/org/codehaus/plexus/plexus-io/3.4.0/plexus-io-3.4.0.pom
2024-05-11 16:05:02,401 [Worker-30: Updating Maven Project] INFO  o.e.m.c.i.e.AbstractTransferListenerAdapter - Downloaded https://repo.maven.apache.org/maven2/org/codehaus/plexus/plexus-io/3.4.0/plexus-io-3.4.0.pom
2024-05-11 16:05:02,499 [Worker-30: Updating Maven Project] INFO  o.e.m.c.i.e.AbstractTransferListenerAdapter - Downloading https://repo.maven.apache.org/maven2/org/codehaus/plexus/plexus-archiver/4.4.0/plexus-archiver-4.4.0.pom
2024-05-11 16:05:02,564 [Worker-30: Updating Maven Project] INFO  o.e.m.c.i.e.AbstractTransferListenerAdapter - Downloaded https://repo.maven.apache.org/maven2/org/codehaus/plexus/plexus-archiver/4.4.0/plexus-archiver-4.4.0.pom
2024-05-11 16:05:02,609 [Worker-30: Updating Maven Project] INFO  o.e.m.c.i.e.AbstractTransferListenerAdapter - Downloading https://repo.maven.apache.org/maven2/org/apache/commons/commons-compress/1.21/commons-compress-1.21.pom
2024-05-11 16:05:02,902 [Worker-30: Updating Maven Project] INFO  o.e.m.c.i.e.AbstractTransferListenerAdapter - Downloaded https://repo.maven.apache.org/maven2/org/apache/commons/commons-compress/1.21/commons-compress-1.21.pom
2024-05-11 16:05:02,949 [Worker-30: Updating Maven Project] INFO  o.e.m.c.i.e.AbstractTransferListenerAdapter - Downloading https://repo.maven.apache.org/maven2/org/iq80/snappy/snappy/0.4/snappy-0.4.pom
2024-05-11 16:05:03,135 [Worker-30: Updating Maven Project] INFO  o.e.m.c.i.e.AbstractTransferListenerAdapter - Downloaded https://repo.maven.apache.org/maven2/org/iq80/snappy/snappy/0.4/snappy-0.4.pom
2024-05-11 16:05:03,188 [Worker-30: Updating Maven Project] INFO  o.e.m.c.i.e.AbstractTransferListenerAdapter - Downloading https://repo.maven.apache.org/maven2/org/tukaani/xz/1.9/xz-1.9.pom
2024-05-11 16:05:03,474 [Worker-30: Updating Maven Project] INFO  o.e.m.c.i.e.AbstractTransferListenerAdapter - Downloaded https://repo.maven.apache.org/maven2/org/tukaani/xz/1.9/xz-1.9.pom
2024-05-11 16:05:03,607 [Worker-30: Updating Maven Project] INFO  o.e.m.c.i.e.AbstractTransferListenerAdapter - Downloading https://repo.maven.apache.org/maven2/org/codehaus/plexus/plexus-utils/3.4.2/plexus-utils-3.4.2.pom
2024-05-11 16:05:03,677 [Worker-30: Updating Maven Project] INFO  o.e.m.c.i.e.AbstractTransferListenerAdapter - Downloaded https://repo.maven.apache.org/maven2/org/codehaus/plexus/plexus-utils/3.4.2/plexus-utils-3.4.2.pom
2024-05-11 16:05:03,717 [Worker-30: Updating Maven Project] INFO  o.e.m.c.i.e.AbstractTransferListenerAdapter - Downloading https://repo.maven.apache.org/maven2/org/codehaus/plexus/plexus/8/plexus-8.pom
2024-05-11 16:05:03,936 [Worker-30: Updating Maven Project] INFO  o.e.m.c.i.e.AbstractTransferListenerAdapter - Downloaded https://repo.maven.apache.org/maven2/org/codehaus/plexus/plexus/8/plexus-8.pom
2024-05-11 16:05:03,993 [AetherRepositoryConnector-repo.maven.apache.org-2-0] INFO  o.e.m.c.i.e.AbstractTransferListenerAdapter - Downloading https://repo.maven.apache.org/maven2/org/apache/maven/shared/file-management/3.1.0/file-management-3.1.0.jar
2024-05-11 16:05:04,304 [AetherRepositoryConnector-repo.maven.apache.org-2-2] INFO  o.e.m.c.i.e.AbstractTransferListenerAdapter - Downloading https://repo.maven.apache.org/maven2/org/codehaus/plexus/plexus-io/3.4.0/plexus-io-3.4.0.jar
2024-05-11 16:05:04,430 [AetherRepositoryConnector-repo.maven.apache.org-2-4] INFO  o.e.m.c.i.e.AbstractTransferListenerAdapter - Downloading https://repo.maven.apache.org/maven2/org/apache/commons/commons-compress/1.21/commons-compress-1.21.jar
2024-05-11 16:05:04,430 [AetherRepositoryConnector-repo.maven.apache.org-2-1] INFO  o.e.m.c.i.e.AbstractTransferListenerAdapter - Downloading https://repo.maven.apache.org/maven2/org/apache/maven/maven-archiver/3.6.0/maven-archiver-3.6.0.jar
2024-05-11 16:05:04,843 [AetherRepositoryConnector-repo.maven.apache.org-2-3] INFO  o.e.m.c.i.e.AbstractTransferListenerAdapter - Downloading https://repo.maven.apache.org/maven2/org/codehaus/plexus/plexus-archiver/4.4.0/plexus-archiver-4.4.0.jar
2024-05-11 16:05:05,625 [AetherRepositoryConnector-repo.maven.apache.org-2-0] INFO  o.e.m.c.i.e.AbstractTransferListenerAdapter - Downloaded https://repo.maven.apache.org/maven2/org/apache/maven/shared/file-management/3.1.0/file-management-3.1.0.jar
2024-05-11 16:05:06,120 [AetherRepositoryConnector-repo.maven.apache.org-2-0] INFO  o.e.m.c.i.e.AbstractTransferListenerAdapter - Downloading https://repo.maven.apache.org/maven2/org/iq80/snappy/snappy/0.4/snappy-0.4.jar
2024-05-11 16:05:06,130 [AetherRepositoryConnector-repo.maven.apache.org-2-1] INFO  o.e.m.c.i.e.AbstractTransferListenerAdapter - Downloaded https://repo.maven.apache.org/maven2/org/apache/maven/maven-archiver/3.6.0/maven-archiver-3.6.0.jar
2024-05-11 16:05:06,525 [AetherRepositoryConnector-repo.maven.apache.org-2-2] INFO  o.e.m.c.i.e.AbstractTransferListenerAdapter - Downloaded https://repo.maven.apache.org/maven2/org/codehaus/plexus/plexus-io/3.4.0/plexus-io-3.4.0.jar
2024-05-11 16:05:06,953 [AetherRepositoryConnector-repo.maven.apache.org-2-2] INFO  o.e.m.c.i.e.AbstractTransferListenerAdapter - Downloading https://repo.maven.apache.org/maven2/org/codehaus/plexus/plexus-utils/3.4.2/plexus-utils-3.4.2.jar
2024-05-11 16:05:06,953 [AetherRepositoryConnector-repo.maven.apache.org-2-1] INFO  o.e.m.c.i.e.AbstractTransferListenerAdapter - Downloading https://repo.maven.apache.org/maven2/org/tukaani/xz/1.9/xz-1.9.jar
2024-05-11 16:05:09,127 [AetherRepositoryConnector-repo.maven.apache.org-2-3] INFO  o.e.m.c.i.e.AbstractTransferListenerAdapter - Downloaded https://repo.maven.apache.org/maven2/org/codehaus/plexus/plexus-archiver/4.4.0/plexus-archiver-4.4.0.jar
2024-05-11 16:05:09,127 [AetherRepositoryConnector-repo.maven.apache.org-2-0] INFO  o.e.m.c.i.e.AbstractTransferListenerAdapter - Downloaded https://repo.maven.apache.org/maven2/org/iq80/snappy/snappy/0.4/snappy-0.4.jar
2024-05-11 16:05:10,279 [AetherRepositoryConnector-repo.maven.apache.org-2-1] INFO  o.e.m.c.i.e.AbstractTransferListenerAdapter - Downloaded https://repo.maven.apache.org/maven2/org/tukaani/xz/1.9/xz-1.9.jar
2024-05-11 16:05:11,836 [AetherRepositoryConnector-repo.maven.apache.org-2-2] INFO  o.e.m.c.i.e.AbstractTransferListenerAdapter - Downloaded https://repo.maven.apache.org/maven2/org/codehaus/plexus/plexus-utils/3.4.2/plexus-utils-3.4.2.jar
2024-05-11 16:05:13,761 [AetherRepositoryConnector-repo.maven.apache.org-2-4] INFO  o.e.m.c.i.e.AbstractTransferListenerAdapter - Downloaded https://repo.maven.apache.org/maven2/org/apache/commons/commons-compress/1.21/commons-compress-1.21.jar
2024-05-11 16:05:14,558 [Worker-30: Updating Maven Project] INFO  o.e.m.j.i.AbstractJavaProjectConfigurator - Adding source folder /student/src/main/java
2024-05-11 16:05:14,558 [Worker-30: Updating Maven Project] INFO  o.e.m.j.i.AbstractJavaProjectConfigurator - Adding resource folder /student/src/main/resources
2024-05-11 16:05:14,567 [Worker-30: Updating Maven Project] INFO  o.e.m.j.i.AbstractJavaProjectConfigurator - Adding resource folder /student/src/main/resources
2024-05-11 16:05:14,577 [Worker-30: Updating Maven Project] INFO  o.e.m.j.i.AbstractJavaProjectConfigurator - Adding source folder /student/src/test/java
2024-05-11 16:05:14,578 [Worker-30: Updating Maven Project] INFO  o.e.m.j.i.AbstractJavaProjectConfigurator - Adding resource folder /student/src/test/resources
2024-05-11 16:05:15,969 [Worker-31: Download sources and javadoc] INFO  o.e.m.c.i.e.AbstractTransferListenerAdapter - Downloading https://repo.maven.apache.org/maven2/org/springframework/boot/spring-boot-starter-data-jpa/3.2.5/spring-boot-starter-data-jpa-3.2.5-sources.jar
2024-05-11 16:05:16,097 [Worker-31: Download sources and javadoc] INFO  o.e.m.c.i.e.AbstractTransferListenerAdapter - Downloaded https://repo.maven.apache.org/maven2/org/springframework/boot/spring-boot-starter-data-jpa/3.2.5/spring-boot-starter-data-jpa-3.2.5-sources.jar
2024-05-11 16:05:16,103 [Worker-31: Download sources and javadoc] INFO  o.e.m.j.internal.DownloadSourcesJob - Downloaded sources for org.springframework.boot:spring-boot-starter-data-jpa:3.2.5
2024-05-11 16:05:16,290 [Worker-31: Download sources and javadoc] INFO  o.e.m.c.i.e.AbstractTransferListenerAdapter - Downloading https://repo.maven.apache.org/maven2/org/springframework/boot/spring-boot-starter-aop/3.2.5/spring-boot-starter-aop-3.2.5-sources.jar
2024-05-11 16:05:16,478 [Worker-31: Download sources and javadoc] INFO  o.e.m.c.i.e.AbstractTransferListenerAdapter - Downloaded https://repo.maven.apache.org/maven2/org/springframework/boot/spring-boot-starter-aop/3.2.5/spring-boot-starter-aop-3.2.5-sources.jar
2024-05-11 16:05:16,481 [Worker-31: Download sources and javadoc] INFO  o.e.m.j.internal.DownloadSourcesJob - Downloaded sources for org.springframework.boot:spring-boot-starter-aop:3.2.5
2024-05-11 16:05:16,659 [Worker-31: Download sources and javadoc] INFO  o.e.m.c.i.e.AbstractTransferListenerAdapter - Downloading https://repo.maven.apache.org/maven2/org/springframework/spring-aop/6.1.6/spring-aop-6.1.6-sources.jar
2024-05-11 16:05:17,485 [Worker-30: Updating Maven Project] INFO  o.e.m.c.i.p.ProjectConfigurationManager - Update completed for 1 poms: local refresh takes 0.00 sec, refresh facades takes 362.00 sec, update config takes 2.00 sec 
2024-05-11 16:05:17,997 [Worker-28: Building] INFO  o.a.m.s.f.DefaultMavenResourcesFiltering - Copying 1 resource from src\main\resources to target\classes
2024-05-11 16:05:18,012 [Worker-31: Download sources and javadoc] INFO  o.e.m.c.i.e.AbstractTransferListenerAdapter - Downloaded https://repo.maven.apache.org/maven2/org/springframework/spring-aop/6.1.6/spring-aop-6.1.6-sources.jar
2024-05-11 16:05:18,019 [Worker-31: Download sources and javadoc] INFO  o.e.m.j.internal.DownloadSourcesJob - Downloaded sources for org.springframework:spring-aop:6.1.6
2024-05-11 16:05:18,057 [Worker-28: Building] INFO  o.a.m.s.f.DefaultMavenResourcesFiltering - Copying 0 resource from src\main\resources to target\classes
2024-05-11 16:05:18,063 [Worker-28: Building] INFO  o.a.m.s.f.DefaultMavenResourcesFiltering - skip non existing resourceDirectory C:\Teck Giri\Java Fullstack Developer\Spring Framework\FirstSpringProject\student\src\test\resources
2024-05-11 16:05:18,219 [Worker-31: Download sources and javadoc] INFO  o.e.m.c.i.e.AbstractTransferListenerAdapter - Downloading https://repo.maven.apache.org/maven2/org/aspectj/aspectjweaver/1.9.22/aspectjweaver-1.9.22-sources.jar
2024-05-11 16:05:27,036 [Worker-31: Download sources and javadoc] INFO  o.e.m.c.i.e.AbstractTransferListenerAdapter - Downloaded https://repo.maven.apache.org/maven2/org/aspectj/aspectjweaver/1.9.22/aspectjweaver-1.9.22-sources.jar
2024-05-11 16:05:27,039 [Worker-31: Download sources and javadoc] INFO  o.e.m.j.internal.DownloadSourcesJob - Downloaded sources for org.aspectj:aspectjweaver:1.9.22
2024-05-11 16:05:27,233 [Worker-31: Download sources and javadoc] INFO  o.e.m.c.i.e.AbstractTransferListenerAdapter - Downloading https://repo.maven.apache.org/maven2/org/springframework/boot/spring-boot-starter-jdbc/3.2.5/spring-boot-starter-jdbc-3.2.5-sources.jar
2024-05-11 16:05:27,386 [Worker-31: Download sources and javadoc] INFO  o.e.m.c.i.e.AbstractTransferListenerAdapter - Downloaded https://repo.maven.apache.org/maven2/org/springframework/boot/spring-boot-starter-jdbc/3.2.5/spring-boot-starter-jdbc-3.2.5-sources.jar
2024-05-11 16:05:27,389 [Worker-31: Download sources and javadoc] INFO  o.e.m.j.internal.DownloadSourcesJob - Downloaded sources for org.springframework.boot:spring-boot-starter-jdbc:3.2.5
2024-05-11 16:05:27,637 [Worker-31: Download sources and javadoc] INFO  o.e.m.c.i.e.AbstractTransferListenerAdapter - Downloading https://repo.maven.apache.org/maven2/com/zaxxer/HikariCP/5.0.1/HikariCP-5.0.1-sources.jar
2024-05-11 16:05:28,693 [Worker-31: Download sources and javadoc] INFO  o.e.m.c.i.e.AbstractTransferListenerAdapter - Downloaded https://repo.maven.apache.org/maven2/com/zaxxer/HikariCP/5.0.1/HikariCP-5.0.1-sources.jar
2024-05-11 16:05:28,698 [Worker-31: Download sources and javadoc] INFO  o.e.m.j.internal.DownloadSourcesJob - Downloaded sources for com.zaxxer:HikariCP:5.0.1
2024-05-11 16:05:28,871 [Worker-31: Download sources and javadoc] INFO  o.e.m.c.i.e.AbstractTransferListenerAdapter - Downloading https://repo.maven.apache.org/maven2/org/springframework/spring-jdbc/6.1.6/spring-jdbc-6.1.6-sources.jar
2024-05-11 16:05:29,924 [Worker-31: Download sources and javadoc] INFO  o.e.m.c.i.e.AbstractTransferListenerAdapter - Downloaded https://repo.maven.apache.org/maven2/org/springframework/spring-jdbc/6.1.6/spring-jdbc-6.1.6-sources.jar
2024-05-11 16:05:29,928 [Worker-31: Download sources and javadoc] INFO  o.e.m.j.internal.DownloadSourcesJob - Downloaded sources for org.springframework:spring-jdbc:6.1.6
2024-05-11 16:05:30,263 [Worker-31: Download sources and javadoc] INFO  o.e.m.c.i.e.AbstractTransferListenerAdapter - Downloading https://repo.maven.apache.org/maven2/org/hibernate/orm/hibernate-core/6.4.4.Final/hibernate-core-6.4.4.Final-sources.jar
2024-05-11 16:06:09,363 [Worker-31: Download sources and javadoc] INFO  o.e.m.c.i.e.AbstractTransferListenerAdapter - Downloaded https://repo.maven.apache.org/maven2/org/hibernate/orm/hibernate-core/6.4.4.Final/hibernate-core-6.4.4.Final-sources.jar
2024-05-11 16:06:09,366 [Worker-31: Download sources and javadoc] INFO  o.e.m.j.internal.DownloadSourcesJob - Downloaded sources for org.hibernate.orm:hibernate-core:6.4.4.Final
2024-05-11 16:06:09,660 [Worker-31: Download sources and javadoc] INFO  o.e.m.c.i.e.AbstractTransferListenerAdapter - Downloading https://repo.maven.apache.org/maven2/jakarta/persistence/jakarta.persistence-api/3.1.0/jakarta.persistence-api-3.1.0-sources.jar
2024-05-11 16:06:10,202 [Worker-31: Download sources and javadoc] INFO  o.e.m.c.i.e.AbstractTransferListenerAdapter - Downloaded https://repo.maven.apache.org/maven2/jakarta/persistence/jakarta.persistence-api/3.1.0/jakarta.persistence-api-3.1.0-sources.jar
2024-05-11 16:06:10,210 [Worker-31: Download sources and javadoc] INFO  o.e.m.j.internal.DownloadSourcesJob - Downloaded sources for jakarta.persistence:jakarta.persistence-api:3.1.0
2024-05-11 16:06:10,389 [Worker-31: Download sources and javadoc] INFO  o.e.m.c.i.e.AbstractTransferListenerAdapter - Downloading https://repo.maven.apache.org/maven2/jakarta/transaction/jakarta.transaction-api/2.0.1/jakarta.transaction-api-2.0.1-sources.jar
2024-05-11 16:06:10,740 [Worker-31: Download sources and javadoc] INFO  o.e.m.c.i.e.AbstractTransferListenerAdapter - Downloaded https://repo.maven.apache.org/maven2/jakarta/transaction/jakarta.transaction-api/2.0.1/jakarta.transaction-api-2.0.1-sources.jar
2024-05-11 16:06:10,745 [Worker-31: Download sources and javadoc] INFO  o.e.m.j.internal.DownloadSourcesJob - Downloaded sources for jakarta.transaction:jakarta.transaction-api:2.0.1
2024-05-11 16:06:10,942 [Worker-31: Download sources and javadoc] INFO  o.e.m.c.i.e.AbstractTransferListenerAdapter - Downloading https://repo.maven.apache.org/maven2/org/jboss/logging/jboss-logging/3.5.3.Final/jboss-logging-3.5.3.Final-sources.jar
2024-05-11 16:06:11,439 [Worker-31: Download sources and javadoc] INFO  o.e.m.c.i.e.AbstractTransferListenerAdapter - Downloaded https://repo.maven.apache.org/maven2/org/jboss/logging/jboss-logging/3.5.3.Final/jboss-logging-3.5.3.Final-sources.jar
2024-05-11 16:06:11,443 [Worker-31: Download sources and javadoc] INFO  o.e.m.j.internal.DownloadSourcesJob - Downloaded sources for org.jboss.logging:jboss-logging:3.5.3.Final
2024-05-11 16:06:11,619 [Worker-31: Download sources and javadoc] INFO  o.e.m.c.i.e.AbstractTransferListenerAdapter - Downloading https://repo.maven.apache.org/maven2/org/hibernate/common/hibernate-commons-annotations/6.0.6.Final/hibernate-commons-annotations-6.0.6.Final-sources.jar
2024-05-11 16:06:12,057 [Worker-31: Download sources and javadoc] INFO  o.e.m.c.i.e.AbstractTransferListenerAdapter - Downloaded https://repo.maven.apache.org/maven2/org/hibernate/common/hibernate-commons-annotations/6.0.6.Final/hibernate-commons-annotations-6.0.6.Final-sources.jar
2024-05-11 16:06:12,062 [Worker-31: Download sources and javadoc] INFO  o.e.m.j.internal.DownloadSourcesJob - Downloaded sources for org.hibernate.common:hibernate-commons-annotations:6.0.6.Final
2024-05-11 16:06:12,244 [Worker-31: Download sources and javadoc] INFO  o.e.m.c.i.e.AbstractTransferListenerAdapter - Downloading https://repo.maven.apache.org/maven2/io/smallrye/jandex/3.1.2/jandex-3.1.2-sources.jar
2024-05-11 16:06:12,736 [Worker-31: Download sources and javadoc] INFO  o.e.m.c.i.e.AbstractTransferListenerAdapter - Downloaded https://repo.maven.apache.org/maven2/io/smallrye/jandex/3.1.2/jandex-3.1.2-sources.jar
2024-05-11 16:06:12,740 [Worker-31: Download sources and javadoc] INFO  o.e.m.j.internal.DownloadSourcesJob - Downloaded sources for io.smallrye:jandex:3.1.2
2024-05-11 16:06:12,956 [Worker-31: Download sources and javadoc] INFO  o.e.m.c.i.e.AbstractTransferListenerAdapter - Downloading https://repo.maven.apache.org/maven2/com/fasterxml/classmate/1.6.0/classmate-1.6.0-sources.jar
2024-05-11 16:06:13,276 [Worker-31: Download sources and javadoc] INFO  o.e.m.c.i.e.AbstractTransferListenerAdapter - Downloaded https://repo.maven.apache.org/maven2/com/fasterxml/classmate/1.6.0/classmate-1.6.0-sources.jar
2024-05-11 16:06:13,280 [Worker-31: Download sources and javadoc] INFO  o.e.m.j.internal.DownloadSourcesJob - Downloaded sources for com.fasterxml:classmate:1.6.0
2024-05-11 16:06:13,450 [Worker-31: Download sources and javadoc] INFO  o.e.m.c.i.e.AbstractTransferListenerAdapter - Downloading https://repo.maven.apache.org/maven2/net/bytebuddy/byte-buddy/1.14.13/byte-buddy-1.14.13-sources.jar
2024-05-11 16:06:15,988 [Worker-31: Download sources and javadoc] INFO  o.e.m.c.i.e.AbstractTransferListenerAdapter - Downloaded https://repo.maven.apache.org/maven2/net/bytebuddy/byte-buddy/1.14.13/byte-buddy-1.14.13-sources.jar
2024-05-11 16:06:15,993 [Worker-31: Download sources and javadoc] INFO  o.e.m.j.internal.DownloadSourcesJob - Downloaded sources for net.bytebuddy:byte-buddy:1.14.13
2024-05-11 16:06:16,170 [Worker-31: Download sources and javadoc] INFO  o.e.m.c.i.e.AbstractTransferListenerAdapter - Downloading https://repo.maven.apache.org/maven2/org/glassfish/jaxb/jaxb-runtime/4.0.5/jaxb-runtime-4.0.5-sources.jar
2024-05-11 16:06:18,453 [Worker-31: Download sources and javadoc] INFO  o.e.m.c.i.e.AbstractTransferListenerAdapter - Downloaded https://repo.maven.apache.org/maven2/org/glassfish/jaxb/jaxb-runtime/4.0.5/jaxb-runtime-4.0.5-sources.jar
2024-05-11 16:06:18,456 [Worker-31: Download sources and javadoc] INFO  o.e.m.j.internal.DownloadSourcesJob - Downloaded sources for org.glassfish.jaxb:jaxb-runtime:4.0.5
2024-05-11 16:06:18,629 [Worker-31: Download sources and javadoc] INFO  o.e.m.c.i.e.AbstractTransferListenerAdapter - Downloading https://repo.maven.apache.org/maven2/org/glassfish/jaxb/jaxb-core/4.0.5/jaxb-core-4.0.5-sources.jar
2024-05-11 16:06:19,122 [Worker-31: Download sources and javadoc] INFO  o.e.m.c.i.e.AbstractTransferListenerAdapter - Downloaded https://repo.maven.apache.org/maven2/org/glassfish/jaxb/jaxb-core/4.0.5/jaxb-core-4.0.5-sources.jar
2024-05-11 16:06:19,129 [Worker-31: Download sources and javadoc] INFO  o.e.m.j.internal.DownloadSourcesJob - Downloaded sources for org.glassfish.jaxb:jaxb-core:4.0.5
2024-05-11 16:06:19,298 [Worker-31: Download sources and javadoc] INFO  o.e.m.c.i.e.AbstractTransferListenerAdapter - Downloading https://repo.maven.apache.org/maven2/org/eclipse/angus/angus-activation/2.0.2/angus-activation-2.0.2-sources.jar
2024-05-11 16:06:19,525 [Worker-31: Download sources and javadoc] INFO  o.e.m.c.i.e.AbstractTransferListenerAdapter - Downloaded https://repo.maven.apache.org/maven2/org/eclipse/angus/angus-activation/2.0.2/angus-activation-2.0.2-sources.jar
2024-05-11 16:06:19,529 [Worker-31: Download sources and javadoc] INFO  o.e.m.j.internal.DownloadSourcesJob - Downloaded sources for org.eclipse.angus:angus-activation:2.0.2
2024-05-11 16:06:19,687 [Worker-31: Download sources and javadoc] INFO  o.e.m.c.i.e.AbstractTransferListenerAdapter - Downloading https://repo.maven.apache.org/maven2/org/glassfish/jaxb/txw2/4.0.5/txw2-4.0.5-sources.jar
2024-05-11 16:06:19,926 [Worker-31: Download sources and javadoc] INFO  o.e.m.c.i.e.AbstractTransferListenerAdapter - Downloaded https://repo.maven.apache.org/maven2/org/glassfish/jaxb/txw2/4.0.5/txw2-4.0.5-sources.jar
2024-05-11 16:06:19,937 [Worker-31: Download sources and javadoc] INFO  o.e.m.j.internal.DownloadSourcesJob - Downloaded sources for org.glassfish.jaxb:txw2:4.0.5
2024-05-11 16:06:20,089 [Worker-31: Download sources and javadoc] INFO  o.e.m.c.i.e.AbstractTransferListenerAdapter - Downloading https://repo.maven.apache.org/maven2/com/sun/istack/istack-commons-runtime/4.1.2/istack-commons-runtime-4.1.2-sources.jar
2024-05-11 16:06:20,528 [Worker-31: Download sources and javadoc] INFO  o.e.m.c.i.e.AbstractTransferListenerAdapter - Downloaded https://repo.maven.apache.org/maven2/com/sun/istack/istack-commons-runtime/4.1.2/istack-commons-runtime-4.1.2-sources.jar
2024-05-11 16:06:20,535 [Worker-31: Download sources and javadoc] INFO  o.e.m.j.internal.DownloadSourcesJob - Downloaded sources for com.sun.istack:istack-commons-runtime:4.1.2
2024-05-11 16:06:20,700 [Worker-31: Download sources and javadoc] INFO  o.e.m.c.i.e.AbstractTransferListenerAdapter - Downloading https://repo.maven.apache.org/maven2/jakarta/inject/jakarta.inject-api/2.0.1/jakarta.inject-api-2.0.1-sources.jar
2024-05-11 16:06:20,911 [Worker-31: Download sources and javadoc] INFO  o.e.m.c.i.e.AbstractTransferListenerAdapter - Downloaded https://repo.maven.apache.org/maven2/jakarta/inject/jakarta.inject-api/2.0.1/jakarta.inject-api-2.0.1-sources.jar
2024-05-11 16:06:20,915 [Worker-31: Download sources and javadoc] INFO  o.e.m.j.internal.DownloadSourcesJob - Downloaded sources for jakarta.inject:jakarta.inject-api:2.0.1
2024-05-11 16:06:21,120 [Worker-31: Download sources and javadoc] INFO  o.e.m.c.i.e.AbstractTransferListenerAdapter - Downloading https://repo.maven.apache.org/maven2/org/antlr/antlr4-runtime/4.13.0/antlr4-runtime-4.13.0-sources.jar
2024-05-11 16:06:22,219 [Worker-31: Download sources and javadoc] INFO  o.e.m.c.i.e.AbstractTransferListenerAdapter - Downloaded https://repo.maven.apache.org/maven2/org/antlr/antlr4-runtime/4.13.0/antlr4-runtime-4.13.0-sources.jar
2024-05-11 16:06:22,227 [Worker-31: Download sources and javadoc] INFO  o.e.m.j.internal.DownloadSourcesJob - Downloaded sources for org.antlr:antlr4-runtime:4.13.0
2024-05-11 16:06:22,399 [Worker-31: Download sources and javadoc] INFO  o.e.m.c.i.e.AbstractTransferListenerAdapter - Downloading https://repo.maven.apache.org/maven2/org/springframework/data/spring-data-jpa/3.2.5/spring-data-jpa-3.2.5-sources.jar
2024-05-11 16:06:24,938 [Worker-31: Download sources and javadoc] INFO  o.e.m.c.i.e.AbstractTransferListenerAdapter - Downloaded https://repo.maven.apache.org/maven2/org/springframework/data/spring-data-jpa/3.2.5/spring-data-jpa-3.2.5-sources.jar
2024-05-11 16:06:24,941 [Worker-31: Download sources and javadoc] INFO  o.e.m.j.internal.DownloadSourcesJob - Downloaded sources for org.springframework.data:spring-data-jpa:3.2.5
2024-05-11 16:06:25,149 [Worker-31: Download sources and javadoc] INFO  o.e.m.c.i.e.AbstractTransferListenerAdapter - Downloading https://repo.maven.apache.org/maven2/org/springframework/data/spring-data-commons/3.2.5/spring-data-commons-3.2.5-sources.jar
2024-05-11 16:06:30,404 [Worker-31: Download sources and javadoc] INFO  o.e.m.c.i.e.AbstractTransferListenerAdapter - Downloaded https://repo.maven.apache.org/maven2/org/springframework/data/spring-data-commons/3.2.5/spring-data-commons-3.2.5-sources.jar
2024-05-11 16:06:30,412 [Worker-31: Download sources and javadoc] INFO  o.e.m.j.internal.DownloadSourcesJob - Downloaded sources for org.springframework.data:spring-data-commons:3.2.5
2024-05-11 16:06:30,591 [Worker-31: Download sources and javadoc] INFO  o.e.m.c.i.e.AbstractTransferListenerAdapter - Downloading https://repo.maven.apache.org/maven2/org/springframework/spring-orm/6.1.6/spring-orm-6.1.6-sources.jar
2024-05-11 16:06:31,262 [Worker-31: Download sources and javadoc] INFO  o.e.m.c.i.e.AbstractTransferListenerAdapter - Downloaded https://repo.maven.apache.org/maven2/org/springframework/spring-orm/6.1.6/spring-orm-6.1.6-sources.jar
2024-05-11 16:06:31,278 [Worker-31: Download sources and javadoc] INFO  o.e.m.j.internal.DownloadSourcesJob - Downloaded sources for org.springframework:spring-orm:6.1.6
2024-05-11 16:06:31,471 [Worker-31: Download sources and javadoc] INFO  o.e.m.c.i.e.AbstractTransferListenerAdapter - Downloading https://repo.maven.apache.org/maven2/org/springframework/spring-context/6.1.6/spring-context-6.1.6-sources.jar
2024-05-11 16:06:36,209 [Worker-31: Download sources and javadoc] INFO  o.e.m.c.i.e.AbstractTransferListenerAdapter - Downloaded https://repo.maven.apache.org/maven2/org/springframework/spring-context/6.1.6/spring-context-6.1.6-sources.jar
2024-05-11 16:06:36,216 [Worker-31: Download sources and javadoc] INFO  o.e.m.j.internal.DownloadSourcesJob - Downloaded sources for org.springframework:spring-context:6.1.6
2024-05-11 16:06:36,450 [Worker-31: Download sources and javadoc] INFO  o.e.m.c.i.e.AbstractTransferListenerAdapter - Downloading https://repo.maven.apache.org/maven2/org/springframework/spring-tx/6.1.6/spring-tx-6.1.6-sources.jar
2024-05-11 16:06:37,276 [Worker-31: Download sources and javadoc] INFO  o.e.m.c.i.e.AbstractTransferListenerAdapter - Downloaded https://repo.maven.apache.org/maven2/org/springframework/spring-tx/6.1.6/spring-tx-6.1.6-sources.jar
2024-05-11 16:06:37,280 [Worker-31: Download sources and javadoc] INFO  o.e.m.j.internal.DownloadSourcesJob - Downloaded sources for org.springframework:spring-tx:6.1.6
2024-05-11 16:06:37,449 [Worker-31: Download sources and javadoc] INFO  o.e.m.c.i.e.AbstractTransferListenerAdapter - Downloading https://repo.maven.apache.org/maven2/org/springframework/spring-beans/6.1.6/spring-beans-6.1.6-sources.jar
2024-05-11 16:06:39,208 [Worker-31: Download sources and javadoc] INFO  o.e.m.c.i.e.AbstractTransferListenerAdapter - Downloaded https://repo.maven.apache.org/maven2/org/springframework/spring-beans/6.1.6/spring-beans-6.1.6-sources.jar
2024-05-11 16:06:39,212 [Worker-31: Download sources and javadoc] INFO  o.e.m.j.internal.DownloadSourcesJob - Downloaded sources for org.springframework:spring-beans:6.1.6
2024-05-11 16:06:39,392 [Worker-31: Download sources and javadoc] INFO  o.e.m.c.i.e.AbstractTransferListenerAdapter - Downloading https://repo.maven.apache.org/maven2/jakarta/annotation/jakarta.annotation-api/2.1.1/jakarta.annotation-api-2.1.1-sources.jar
2024-05-11 16:06:39,637 [Worker-31: Download sources and javadoc] INFO  o.e.m.c.i.e.AbstractTransferListenerAdapter - Downloaded https://repo.maven.apache.org/maven2/jakarta/annotation/jakarta.annotation-api/2.1.1/jakarta.annotation-api-2.1.1-sources.jar
2024-05-11 16:06:39,641 [Worker-31: Download sources and javadoc] INFO  o.e.m.j.internal.DownloadSourcesJob - Downloaded sources for jakarta.annotation:jakarta.annotation-api:2.1.1
2024-05-11 16:06:39,924 [Worker-31: Download sources and javadoc] INFO  o.e.m.c.i.e.AbstractTransferListenerAdapter - Downloading https://repo.maven.apache.org/maven2/org/slf4j/slf4j-api/2.0.13/slf4j-api-2.0.13-sources.jar
2024-05-11 16:06:40,182 [Worker-31: Download sources and javadoc] INFO  o.e.m.c.i.e.AbstractTransferListenerAdapter - Downloaded https://repo.maven.apache.org/maven2/org/slf4j/slf4j-api/2.0.13/slf4j-api-2.0.13-sources.jar
2024-05-11 16:06:40,186 [Worker-31: Download sources and javadoc] INFO  o.e.m.j.internal.DownloadSourcesJob - Downloaded sources for org.slf4j:slf4j-api:2.0.13
2024-05-11 16:06:40,369 [Worker-31: Download sources and javadoc] INFO  o.e.m.c.i.e.AbstractTransferListenerAdapter - Downloading https://repo.maven.apache.org/maven2/org/springframework/spring-aspects/6.1.6/spring-aspects-6.1.6-sources.jar
2024-05-11 16:06:40,721 [Worker-31: Download sources and javadoc] INFO  o.e.m.c.i.e.AbstractTransferListenerAdapter - Downloaded https://repo.maven.apache.org/maven2/org/springframework/spring-aspects/6.1.6/spring-aspects-6.1.6-sources.jar
2024-05-11 16:06:40,727 [Worker-31: Download sources and javadoc] INFO  o.e.m.j.internal.DownloadSourcesJob - Downloaded sources for org.springframework:spring-aspects:6.1.6
2024-05-11 16:06:40,910 [Worker-31: Download sources and javadoc] INFO  o.e.m.c.i.e.AbstractTransferListenerAdapter - Downloading https://repo.maven.apache.org/maven2/org/springframework/boot/spring-boot-starter-web/3.2.5/spring-boot-starter-web-3.2.5-sources.jar
2024-05-11 16:06:41,022 [Worker-31: Download sources and javadoc] INFO  o.e.m.c.i.e.AbstractTransferListenerAdapter - Downloaded https://repo.maven.apache.org/maven2/org/springframework/boot/spring-boot-starter-web/3.2.5/spring-boot-starter-web-3.2.5-sources.jar
2024-05-11 16:06:41,027 [Worker-31: Download sources and javadoc] INFO  o.e.m.j.internal.DownloadSourcesJob - Downloaded sources for org.springframework.boot:spring-boot-starter-web:3.2.5
2024-05-11 16:06:41,194 [Worker-31: Download sources and javadoc] INFO  o.e.m.c.i.e.AbstractTransferListenerAdapter - Downloading https://repo.maven.apache.org/maven2/org/springframework/boot/spring-boot-starter/3.2.5/spring-boot-starter-3.2.5-sources.jar
2024-05-11 16:06:41,299 [Worker-31: Download sources and javadoc] INFO  o.e.m.c.i.e.AbstractTransferListenerAdapter - Downloaded https://repo.maven.apache.org/maven2/org/springframework/boot/spring-boot-starter/3.2.5/spring-boot-starter-3.2.5-sources.jar
2024-05-11 16:06:41,301 [Worker-31: Download sources and javadoc] INFO  o.e.m.j.internal.DownloadSourcesJob - Downloaded sources for org.springframework.boot:spring-boot-starter:3.2.5
2024-05-11 16:06:41,479 [Worker-31: Download sources and javadoc] INFO  o.e.m.c.i.e.AbstractTransferListenerAdapter - Downloading https://repo.maven.apache.org/maven2/org/springframework/boot/spring-boot/3.2.5/spring-boot-3.2.5-sources.jar
2024-05-11 16:06:46,349 [Worker-31: Download sources and javadoc] INFO  o.e.m.c.i.e.AbstractTransferListenerAdapter - Downloaded https://repo.maven.apache.org/maven2/org/springframework/boot/spring-boot/3.2.5/spring-boot-3.2.5-sources.jar
2024-05-11 16:06:46,353 [Worker-31: Download sources and javadoc] INFO  o.e.m.j.internal.DownloadSourcesJob - Downloaded sources for org.springframework.boot:spring-boot:3.2.5
2024-05-11 16:06:46,549 [Worker-31: Download sources and javadoc] INFO  o.e.m.c.i.e.AbstractTransferListenerAdapter - Downloading https://repo.maven.apache.org/maven2/org/springframework/boot/spring-boot-autoconfigure/3.2.5/spring-boot-autoconfigure-3.2.5-sources.jar
2024-05-11 16:06:51,129 [Worker-31: Download sources and javadoc] INFO  o.e.m.c.i.e.AbstractTransferListenerAdapter - Downloaded https://repo.maven.apache.org/maven2/org/springframework/boot/spring-boot-autoconfigure/3.2.5/spring-boot-autoconfigure-3.2.5-sources.jar
2024-05-11 16:06:51,133 [Worker-31: Download sources and javadoc] INFO  o.e.m.j.internal.DownloadSourcesJob - Downloaded sources for org.springframework.boot:spring-boot-autoconfigure:3.2.5
2024-05-11 16:06:51,299 [Worker-31: Download sources and javadoc] INFO  o.e.m.c.i.e.AbstractTransferListenerAdapter - Downloading https://repo.maven.apache.org/maven2/org/springframework/boot/spring-boot-starter-logging/3.2.5/spring-boot-starter-logging-3.2.5-sources.jar
2024-05-11 16:06:51,418 [Worker-31: Download sources and javadoc] INFO  o.e.m.c.i.e.AbstractTransferListenerAdapter - Downloaded https://repo.maven.apache.org/maven2/org/springframework/boot/spring-boot-starter-logging/3.2.5/spring-boot-starter-logging-3.2.5-sources.jar
2024-05-11 16:06:51,424 [Worker-31: Download sources and javadoc] INFO  o.e.m.j.internal.DownloadSourcesJob - Downloaded sources for org.springframework.boot:spring-boot-starter-logging:3.2.5
2024-05-11 16:06:51,625 [Worker-31: Download sources and javadoc] INFO  o.e.m.c.i.e.AbstractTransferListenerAdapter - Downloading https://repo.maven.apache.org/maven2/ch/qos/logback/logback-classic/1.4.14/logback-classic-1.4.14-sources.jar
2024-05-11 16:06:52,359 [Worker-31: Download sources and javadoc] INFO  o.e.m.c.i.e.AbstractTransferListenerAdapter - Downloaded https://repo.maven.apache.org/maven2/ch/qos/logback/logback-classic/1.4.14/logback-classic-1.4.14-sources.jar
2024-05-11 16:06:52,368 [Worker-31: Download sources and javadoc] INFO  o.e.m.j.internal.DownloadSourcesJob - Downloaded sources for ch.qos.logback:logback-classic:1.4.14
2024-05-11 16:06:52,558 [Worker-31: Download sources and javadoc] INFO  o.e.m.c.i.e.AbstractTransferListenerAdapter - Downloading https://repo.maven.apache.org/maven2/ch/qos/logback/logback-core/1.4.14/logback-core-1.4.14-sources.jar
2024-05-11 16:06:53,797 [Worker-31: Download sources and javadoc] INFO  o.e.m.c.i.e.AbstractTransferListenerAdapter - Downloaded https://repo.maven.apache.org/maven2/ch/qos/logback/logback-core/1.4.14/logback-core-1.4.14-sources.jar
2024-05-11 16:06:53,801 [Worker-31: Download sources and javadoc] INFO  o.e.m.j.internal.DownloadSourcesJob - Downloaded sources for ch.qos.logback:logback-core:1.4.14
2024-05-11 16:06:53,969 [Worker-31: Download sources and javadoc] INFO  o.e.m.c.i.e.AbstractTransferListenerAdapter - Downloading https://repo.maven.apache.org/maven2/org/apache/logging/log4j/log4j-to-slf4j/2.21.1/log4j-to-slf4j-2.21.1-sources.jar
2024-05-11 16:06:54,199 [Worker-31: Download sources and javadoc] INFO  o.e.m.c.i.e.AbstractTransferListenerAdapter - Downloaded https://repo.maven.apache.org/maven2/org/apache/logging/log4j/log4j-to-slf4j/2.21.1/log4j-to-slf4j-2.21.1-sources.jar
2024-05-11 16:06:54,207 [Worker-31: Download sources and javadoc] INFO  o.e.m.j.internal.DownloadSourcesJob - Downloaded sources for org.apache.logging.log4j:log4j-to-slf4j:2.21.1
2024-05-11 16:06:54,401 [Worker-31: Download sources and javadoc] INFO  o.e.m.c.i.e.AbstractTransferListenerAdapter - Downloading https://repo.maven.apache.org/maven2/org/apache/logging/log4j/log4j-api/2.21.1/log4j-api-2.21.1-sources.jar
2024-05-11 16:06:55,382 [Worker-31: Download sources and javadoc] INFO  o.e.m.c.i.e.AbstractTransferListenerAdapter - Downloaded https://repo.maven.apache.org/maven2/org/apache/logging/log4j/log4j-api/2.21.1/log4j-api-2.21.1-sources.jar
2024-05-11 16:06:55,390 [Worker-31: Download sources and javadoc] INFO  o.e.m.j.internal.DownloadSourcesJob - Downloaded sources for org.apache.logging.log4j:log4j-api:2.21.1
2024-05-11 16:06:55,610 [Worker-31: Download sources and javadoc] INFO  o.e.m.c.i.e.AbstractTransferListenerAdapter - Downloading https://repo.maven.apache.org/maven2/org/slf4j/jul-to-slf4j/2.0.13/jul-to-slf4j-2.0.13-sources.jar
2024-05-11 16:06:56,213 [Worker-31: Download sources and javadoc] INFO  o.e.m.c.i.e.AbstractTransferListenerAdapter - Downloaded https://repo.maven.apache.org/maven2/org/slf4j/jul-to-slf4j/2.0.13/jul-to-slf4j-2.0.13-sources.jar
2024-05-11 16:06:56,217 [Worker-31: Download sources and javadoc] INFO  o.e.m.j.internal.DownloadSourcesJob - Downloaded sources for org.slf4j:jul-to-slf4j:2.0.13
2024-05-11 16:06:56,448 [Worker-31: Download sources and javadoc] INFO  o.e.m.c.i.e.AbstractTransferListenerAdapter - Downloading https://repo.maven.apache.org/maven2/org/yaml/snakeyaml/2.2/snakeyaml-2.2-sources.jar
2024-05-11 16:06:56,993 [Worker-31: Download sources and javadoc] INFO  o.e.m.c.i.e.AbstractTransferListenerAdapter - Downloaded https://repo.maven.apache.org/maven2/org/yaml/snakeyaml/2.2/snakeyaml-2.2-sources.jar
2024-05-11 16:06:56,997 [Worker-31: Download sources and javadoc] INFO  o.e.m.j.internal.DownloadSourcesJob - Downloaded sources for org.yaml:snakeyaml:2.2
2024-05-11 16:06:57,158 [Worker-31: Download sources and javadoc] INFO  o.e.m.c.i.e.AbstractTransferListenerAdapter - Downloading https://repo.maven.apache.org/maven2/org/springframework/boot/spring-boot-starter-json/3.2.5/spring-boot-starter-json-3.2.5-sources.jar
2024-05-11 16:06:57,253 [Worker-31: Download sources and javadoc] INFO  o.e.m.c.i.e.AbstractTransferListenerAdapter - Downloaded https://repo.maven.apache.org/maven2/org/springframework/boot/spring-boot-starter-json/3.2.5/spring-boot-starter-json-3.2.5-sources.jar
2024-05-11 16:06:57,258 [Worker-31: Download sources and javadoc] INFO  o.e.m.j.internal.DownloadSourcesJob - Downloaded sources for org.springframework.boot:spring-boot-starter-json:3.2.5
2024-05-11 16:06:57,438 [Worker-31: Download sources and javadoc] INFO  o.e.m.c.i.e.AbstractTransferListenerAdapter - Downloading https://repo.maven.apache.org/maven2/com/fasterxml/jackson/core/jackson-databind/2.15.4/jackson-databind-2.15.4-sources.jar
2024-05-11 16:07:02,628 [Worker-31: Download sources and javadoc] INFO  o.e.m.c.i.e.AbstractTransferListenerAdapter - Downloaded https://repo.maven.apache.org/maven2/com/fasterxml/jackson/core/jackson-databind/2.15.4/jackson-databind-2.15.4-sources.jar
2024-05-11 16:07:02,636 [Worker-31: Download sources and javadoc] INFO  o.e.m.j.internal.DownloadSourcesJob - Downloaded sources for com.fasterxml.jackson.core:jackson-databind:2.15.4
2024-05-11 16:07:02,852 [Worker-31: Download sources and javadoc] INFO  o.e.m.c.i.e.AbstractTransferListenerAdapter - Downloading https://repo.maven.apache.org/maven2/com/fasterxml/jackson/core/jackson-annotations/2.15.4/jackson-annotations-2.15.4-sources.jar
2024-05-11 16:07:03,198 [Worker-31: Download sources and javadoc] INFO  o.e.m.c.i.e.AbstractTransferListenerAdapter - Downloaded https://repo.maven.apache.org/maven2/com/fasterxml/jackson/core/jackson-annotations/2.15.4/jackson-annotations-2.15.4-sources.jar
2024-05-11 16:07:03,205 [Worker-31: Download sources and javadoc] INFO  o.e.m.j.internal.DownloadSourcesJob - Downloaded sources for com.fasterxml.jackson.core:jackson-annotations:2.15.4
2024-05-11 16:07:03,400 [Worker-31: Download sources and javadoc] INFO  o.e.m.c.i.e.AbstractTransferListenerAdapter - Downloading https://repo.maven.apache.org/maven2/com/fasterxml/jackson/core/jackson-core/2.15.4/jackson-core-2.15.4-sources.jar
2024-05-11 16:07:04,604 [Worker-31: Download sources and javadoc] INFO  o.e.m.c.i.e.AbstractTransferListenerAdapter - Downloaded https://repo.maven.apache.org/maven2/com/fasterxml/jackson/core/jackson-core/2.15.4/jackson-core-2.15.4-sources.jar
2024-05-11 16:07:04,607 [Worker-31: Download sources and javadoc] INFO  o.e.m.j.internal.DownloadSourcesJob - Downloaded sources for com.fasterxml.jackson.core:jackson-core:2.15.4
2024-05-11 16:07:04,799 [Worker-31: Download sources and javadoc] INFO  o.e.m.c.i.e.AbstractTransferListenerAdapter - Downloading https://repo.maven.apache.org/maven2/com/fasterxml/jackson/datatype/jackson-datatype-jdk8/2.15.4/jackson-datatype-jdk8-2.15.4-sources.jar
2024-05-11 16:07:05,172 [Worker-31: Download sources and javadoc] INFO  o.e.m.c.i.e.AbstractTransferListenerAdapter - Downloaded https://repo.maven.apache.org/maven2/com/fasterxml/jackson/datatype/jackson-datatype-jdk8/2.15.4/jackson-datatype-jdk8-2.15.4-sources.jar
2024-05-11 16:07:05,179 [Worker-31: Download sources and javadoc] INFO  o.e.m.j.internal.DownloadSourcesJob - Downloaded sources for com.fasterxml.jackson.datatype:jackson-datatype-jdk8:2.15.4
2024-05-11 16:07:05,395 [Worker-31: Download sources and javadoc] INFO  o.e.m.c.i.e.AbstractTransferListenerAdapter - Downloading https://repo.maven.apache.org/maven2/com/fasterxml/jackson/datatype/jackson-datatype-jsr310/2.15.4/jackson-datatype-jsr310-2.15.4-sources.jar
2024-05-11 16:07:05,695 [Worker-31: Download sources and javadoc] INFO  o.e.m.c.i.e.AbstractTransferListenerAdapter - Downloaded https://repo.maven.apache.org/maven2/com/fasterxml/jackson/datatype/jackson-datatype-jsr310/2.15.4/jackson-datatype-jsr310-2.15.4-sources.jar
2024-05-11 16:07:05,700 [Worker-31: Download sources and javadoc] INFO  o.e.m.j.internal.DownloadSourcesJob - Downloaded sources for com.fasterxml.jackson.datatype:jackson-datatype-jsr310:2.15.4
2024-05-11 16:07:05,893 [Worker-31: Download sources and javadoc] INFO  o.e.m.c.i.e.AbstractTransferListenerAdapter - Downloading https://repo.maven.apache.org/maven2/com/fasterxml/jackson/module/jackson-module-parameter-names/2.15.4/jackson-module-parameter-names-2.15.4-sources.jar
2024-05-11 16:07:06,177 [Worker-31: Download sources and javadoc] INFO  o.e.m.c.i.e.AbstractTransferListenerAdapter - Downloaded https://repo.maven.apache.org/maven2/com/fasterxml/jackson/module/jackson-module-parameter-names/2.15.4/jackson-module-parameter-names-2.15.4-sources.jar
2024-05-11 16:07:06,180 [Worker-31: Download sources and javadoc] INFO  o.e.m.j.internal.DownloadSourcesJob - Downloaded sources for com.fasterxml.jackson.module:jackson-module-parameter-names:2.15.4
2024-05-11 16:07:06,359 [Worker-31: Download sources and javadoc] INFO  o.e.m.c.i.e.AbstractTransferListenerAdapter - Downloading https://repo.maven.apache.org/maven2/org/springframework/boot/spring-boot-starter-tomcat/3.2.5/spring-boot-starter-tomcat-3.2.5-sources.jar
2024-05-11 16:07:06,512 [Worker-31: Download sources and javadoc] INFO  o.e.m.c.i.e.AbstractTransferListenerAdapter - Downloaded https://repo.maven.apache.org/maven2/org/springframework/boot/spring-boot-starter-tomcat/3.2.5/spring-boot-starter-tomcat-3.2.5-sources.jar
2024-05-11 16:07:06,523 [Worker-31: Download sources and javadoc] INFO  o.e.m.j.internal.DownloadSourcesJob - Downloaded sources for org.springframework.boot:spring-boot-starter-tomcat:3.2.5
2024-05-11 16:07:06,711 [Worker-31: Download sources and javadoc] INFO  o.e.m.c.i.e.AbstractTransferListenerAdapter - Downloading https://repo.maven.apache.org/maven2/org/apache/tomcat/embed/tomcat-embed-core/10.1.20/tomcat-embed-core-10.1.20-sources.jar
2024-05-11 16:07:23,342 [Worker-31: Download sources and javadoc] INFO  o.e.m.c.i.e.AbstractTransferListenerAdapter - Downloaded https://repo.maven.apache.org/maven2/org/apache/tomcat/embed/tomcat-embed-core/10.1.20/tomcat-embed-core-10.1.20-sources.jar
2024-05-11 16:07:23,346 [Worker-31: Download sources and javadoc] INFO  o.e.m.j.internal.DownloadSourcesJob - Downloaded sources for org.apache.tomcat.embed:tomcat-embed-core:10.1.20
2024-05-11 16:07:23,834 [Worker-31: Download sources and javadoc] INFO  o.e.m.c.i.e.AbstractTransferListenerAdapter - Downloading https://repo.maven.apache.org/maven2/org/apache/tomcat/embed/tomcat-embed-el/10.1.20/tomcat-embed-el-10.1.20-sources.jar
2024-05-11 16:07:24,826 [Worker-31: Download sources and javadoc] INFO  o.e.m.c.i.e.AbstractTransferListenerAdapter - Downloaded https://repo.maven.apache.org/maven2/org/apache/tomcat/embed/tomcat-embed-el/10.1.20/tomcat-embed-el-10.1.20-sources.jar
2024-05-11 16:07:24,831 [Worker-31: Download sources and javadoc] INFO  o.e.m.j.internal.DownloadSourcesJob - Downloaded sources for org.apache.tomcat.embed:tomcat-embed-el:10.1.20
2024-05-11 16:07:25,010 [Worker-31: Download sources and javadoc] INFO  o.e.m.c.i.e.AbstractTransferListenerAdapter - Downloading https://repo.maven.apache.org/maven2/org/apache/tomcat/embed/tomcat-embed-websocket/10.1.20/tomcat-embed-websocket-10.1.20-sources.jar
2024-05-11 16:07:25,698 [Worker-31: Download sources and javadoc] INFO  o.e.m.c.i.e.AbstractTransferListenerAdapter - Downloaded https://repo.maven.apache.org/maven2/org/apache/tomcat/embed/tomcat-embed-websocket/10.1.20/tomcat-embed-websocket-10.1.20-sources.jar
2024-05-11 16:07:25,711 [Worker-31: Download sources and javadoc] INFO  o.e.m.j.internal.DownloadSourcesJob - Downloaded sources for org.apache.tomcat.embed:tomcat-embed-websocket:10.1.20
2024-05-11 16:07:25,894 [Worker-31: Download sources and javadoc] INFO  o.e.m.c.i.e.AbstractTransferListenerAdapter - Downloading https://repo.maven.apache.org/maven2/org/springframework/spring-web/6.1.6/spring-web-6.1.6-sources.jar
2024-05-11 16:07:30,805 [Worker-31: Download sources and javadoc] INFO  o.e.m.c.i.e.AbstractTransferListenerAdapter - Downloaded https://repo.maven.apache.org/maven2/org/springframework/spring-web/6.1.6/spring-web-6.1.6-sources.jar
2024-05-11 16:07:30,808 [Worker-31: Download sources and javadoc] INFO  o.e.m.j.internal.DownloadSourcesJob - Downloaded sources for org.springframework:spring-web:6.1.6
2024-05-11 16:07:30,980 [Worker-31: Download sources and javadoc] INFO  o.e.m.c.i.e.AbstractTransferListenerAdapter - Downloading https://repo.maven.apache.org/maven2/io/micrometer/micrometer-observation/1.12.5/micrometer-observation-1.12.5-sources.jar
2024-05-11 16:07:31,308 [Worker-31: Download sources and javadoc] INFO  o.e.m.c.i.e.AbstractTransferListenerAdapter - Downloaded https://repo.maven.apache.org/maven2/io/micrometer/micrometer-observation/1.12.5/micrometer-observation-1.12.5-sources.jar
2024-05-11 16:07:31,327 [Worker-31: Download sources and javadoc] INFO  o.e.m.j.internal.DownloadSourcesJob - Downloaded sources for io.micrometer:micrometer-observation:1.12.5
2024-05-11 16:07:31,539 [Worker-31: Download sources and javadoc] INFO  o.e.m.c.i.e.AbstractTransferListenerAdapter - Downloading https://repo.maven.apache.org/maven2/io/micrometer/micrometer-commons/1.12.5/micrometer-commons-1.12.5-sources.jar
2024-05-11 16:07:31,975 [Worker-31: Download sources and javadoc] INFO  o.e.m.c.i.e.AbstractTransferListenerAdapter - Downloaded https://repo.maven.apache.org/maven2/io/micrometer/micrometer-commons/1.12.5/micrometer-commons-1.12.5-sources.jar
2024-05-11 16:07:31,978 [Worker-31: Download sources and javadoc] INFO  o.e.m.j.internal.DownloadSourcesJob - Downloaded sources for io.micrometer:micrometer-commons:1.12.5
2024-05-11 16:07:32,164 [Worker-31: Download sources and javadoc] INFO  o.e.m.c.i.e.AbstractTransferListenerAdapter - Downloading https://repo.maven.apache.org/maven2/org/springframework/spring-webmvc/6.1.6/spring-webmvc-6.1.6-sources.jar
2024-05-11 16:07:35,533 [Worker-31: Download sources and javadoc] INFO  o.e.m.c.i.e.AbstractTransferListenerAdapter - Downloaded https://repo.maven.apache.org/maven2/org/springframework/spring-webmvc/6.1.6/spring-webmvc-6.1.6-sources.jar
2024-05-11 16:07:35,537 [Worker-31: Download sources and javadoc] INFO  o.e.m.j.internal.DownloadSourcesJob - Downloaded sources for org.springframework:spring-webmvc:6.1.6
2024-05-11 16:07:35,723 [Worker-31: Download sources and javadoc] INFO  o.e.m.c.i.e.AbstractTransferListenerAdapter - Downloading https://repo.maven.apache.org/maven2/org/springframework/spring-expression/6.1.6/spring-expression-6.1.6-sources.jar
2024-05-11 16:07:36,507 [Worker-31: Download sources and javadoc] INFO  o.e.m.c.i.e.AbstractTransferListenerAdapter - Downloaded https://repo.maven.apache.org/maven2/org/springframework/spring-expression/6.1.6/spring-expression-6.1.6-sources.jar
2024-05-11 16:07:36,510 [Worker-31: Download sources and javadoc] INFO  o.e.m.j.internal.DownloadSourcesJob - Downloaded sources for org.springframework:spring-expression:6.1.6
2024-05-11 16:07:36,684 [Worker-31: Download sources and javadoc] INFO  o.e.m.c.i.e.AbstractTransferListenerAdapter - Downloading https://repo.maven.apache.org/maven2/org/projectlombok/lombok/1.18.32/lombok-1.18.32-sources.jar
2024-05-11 16:07:39,507 [Worker-31: Download sources and javadoc] INFO  o.e.m.c.i.e.AbstractTransferListenerAdapter - Downloaded https://repo.maven.apache.org/maven2/org/projectlombok/lombok/1.18.32/lombok-1.18.32-sources.jar
2024-05-11 16:07:39,511 [Worker-31: Download sources and javadoc] INFO  o.e.m.j.internal.DownloadSourcesJob - Downloaded sources for org.projectlombok:lombok:1.18.32
2024-05-11 16:07:39,701 [Worker-31: Download sources and javadoc] INFO  o.e.m.c.i.e.AbstractTransferListenerAdapter - Downloading https://repo.maven.apache.org/maven2/org/springframework/boot/spring-boot-starter-test/3.2.5/spring-boot-starter-test-3.2.5-sources.jar
2024-05-11 16:07:39,821 [Worker-31: Download sources and javadoc] INFO  o.e.m.c.i.e.AbstractTransferListenerAdapter - Downloaded https://repo.maven.apache.org/maven2/org/springframework/boot/spring-boot-starter-test/3.2.5/spring-boot-starter-test-3.2.5-sources.jar
2024-05-11 16:07:39,824 [Worker-31: Download sources and javadoc] INFO  o.e.m.j.internal.DownloadSourcesJob - Downloaded sources for org.springframework.boot:spring-boot-starter-test:3.2.5
2024-05-11 16:07:39,998 [Worker-31: Download sources and javadoc] INFO  o.e.m.c.i.e.AbstractTransferListenerAdapter - Downloading https://repo.maven.apache.org/maven2/org/springframework/boot/spring-boot-test/3.2.5/spring-boot-test-3.2.5-sources.jar
2024-05-11 16:07:40,664 [Worker-31: Download sources and javadoc] INFO  o.e.m.c.i.e.AbstractTransferListenerAdapter - Downloaded https://repo.maven.apache.org/maven2/org/springframework/boot/spring-boot-test/3.2.5/spring-boot-test-3.2.5-sources.jar
2024-05-11 16:07:40,673 [Worker-31: Download sources and javadoc] INFO  o.e.m.j.internal.DownloadSourcesJob - Downloaded sources for org.springframework.boot:spring-boot-test:3.2.5
2024-05-11 16:07:40,838 [Worker-31: Download sources and javadoc] INFO  o.e.m.c.i.e.AbstractTransferListenerAdapter - Downloading https://repo.maven.apache.org/maven2/org/springframework/boot/spring-boot-test-autoconfigure/3.2.5/spring-boot-test-autoconfigure-3.2.5-sources.jar
2024-05-11 16:07:41,507 [Worker-31: Download sources and javadoc] INFO  o.e.m.c.i.e.AbstractTransferListenerAdapter - Downloaded https://repo.maven.apache.org/maven2/org/springframework/boot/spring-boot-test-autoconfigure/3.2.5/spring-boot-test-autoconfigure-3.2.5-sources.jar
2024-05-11 16:07:41,515 [Worker-31: Download sources and javadoc] INFO  o.e.m.j.internal.DownloadSourcesJob - Downloaded sources for org.springframework.boot:spring-boot-test-autoconfigure:3.2.5
2024-05-11 16:07:41,679 [Worker-31: Download sources and javadoc] INFO  o.e.m.c.i.e.AbstractTransferListenerAdapter - Downloading https://repo.maven.apache.org/maven2/com/jayway/jsonpath/json-path/2.9.0/json-path-2.9.0-sources.jar
2024-05-11 16:07:42,040 [Worker-31: Download sources and javadoc] INFO  o.e.m.c.i.e.AbstractTransferListenerAdapter - Downloaded https://repo.maven.apache.org/maven2/com/jayway/jsonpath/json-path/2.9.0/json-path-2.9.0-sources.jar
2024-05-11 16:07:42,043 [Worker-31: Download sources and javadoc] INFO  o.e.m.j.internal.DownloadSourcesJob - Downloaded sources for com.jayway.jsonpath:json-path:2.9.0
2024-05-11 16:07:42,197 [Worker-31: Download sources and javadoc] INFO  o.e.m.c.i.e.AbstractTransferListenerAdapter - Downloading https://repo.maven.apache.org/maven2/jakarta/xml/bind/jakarta.xml.bind-api/4.0.2/jakarta.xml.bind-api-4.0.2-sources.jar
2024-05-11 16:07:42,840 [Worker-31: Download sources and javadoc] INFO  o.e.m.c.i.e.AbstractTransferListenerAdapter - Downloaded https://repo.maven.apache.org/maven2/jakarta/xml/bind/jakarta.xml.bind-api/4.0.2/jakarta.xml.bind-api-4.0.2-sources.jar
2024-05-11 16:07:42,845 [Worker-31: Download sources and javadoc] INFO  o.e.m.j.internal.DownloadSourcesJob - Downloaded sources for jakarta.xml.bind:jakarta.xml.bind-api:4.0.2
2024-05-11 16:07:43,025 [Worker-31: Download sources and javadoc] INFO  o.e.m.c.i.e.AbstractTransferListenerAdapter - Downloading https://repo.maven.apache.org/maven2/jakarta/activation/jakarta.activation-api/2.1.3/jakarta.activation-api-2.1.3-sources.jar
2024-05-11 16:07:43,221 [Worker-31: Download sources and javadoc] INFO  o.e.m.c.i.e.AbstractTransferListenerAdapter - Downloaded https://repo.maven.apache.org/maven2/jakarta/activation/jakarta.activation-api/2.1.3/jakarta.activation-api-2.1.3-sources.jar
2024-05-11 16:07:43,227 [Worker-31: Download sources and javadoc] INFO  o.e.m.j.internal.DownloadSourcesJob - Downloaded sources for jakarta.activation:jakarta.activation-api:2.1.3
2024-05-11 16:07:43,402 [Worker-31: Download sources and javadoc] INFO  o.e.m.c.i.e.AbstractTransferListenerAdapter - Downloading https://repo.maven.apache.org/maven2/net/minidev/json-smart/2.5.1/json-smart-2.5.1-sources.jar
2024-05-11 16:07:43,612 [Worker-31: Download sources and javadoc] INFO  o.e.m.c.i.e.AbstractTransferListenerAdapter - Downloaded https://repo.maven.apache.org/maven2/net/minidev/json-smart/2.5.1/json-smart-2.5.1-sources.jar
2024-05-11 16:07:43,617 [Worker-31: Download sources and javadoc] INFO  o.e.m.j.internal.DownloadSourcesJob - Downloaded sources for net.minidev:json-smart:2.5.1
2024-05-11 16:07:43,798 [Worker-31: Download sources and javadoc] INFO  o.e.m.c.i.e.AbstractTransferListenerAdapter - Downloading https://repo.maven.apache.org/maven2/net/minidev/accessors-smart/2.5.1/accessors-smart-2.5.1-sources.jar
2024-05-11 16:07:43,996 [Worker-31: Download sources and javadoc] INFO  o.e.m.c.i.e.AbstractTransferListenerAdapter - Downloaded https://repo.maven.apache.org/maven2/net/minidev/accessors-smart/2.5.1/accessors-smart-2.5.1-sources.jar
2024-05-11 16:07:44,001 [Worker-31: Download sources and javadoc] INFO  o.e.m.j.internal.DownloadSourcesJob - Downloaded sources for net.minidev:accessors-smart:2.5.1
2024-05-11 16:07:44,169 [Worker-31: Download sources and javadoc] INFO  o.e.m.c.i.e.AbstractTransferListenerAdapter - Downloading https://repo.maven.apache.org/maven2/org/ow2/asm/asm/9.6/asm-9.6-sources.jar
2024-05-11 16:07:44,748 [Worker-31: Download sources and javadoc] INFO  o.e.m.c.i.e.AbstractTransferListenerAdapter - Downloaded https://repo.maven.apache.org/maven2/org/ow2/asm/asm/9.6/asm-9.6-sources.jar
2024-05-11 16:07:44,753 [Worker-31: Download sources and javadoc] INFO  o.e.m.j.internal.DownloadSourcesJob - Downloaded sources for org.ow2.asm:asm:9.6
2024-05-11 16:07:44,918 [Worker-31: Download sources and javadoc] INFO  o.e.m.c.i.e.AbstractTransferListenerAdapter - Downloading https://repo.maven.apache.org/maven2/org/assertj/assertj-core/3.24.2/assertj-core-3.24.2-sources.jar
2024-05-11 16:07:52,230 [Worker-31: Download sources and javadoc] INFO  o.e.m.c.i.e.AbstractTransferListenerAdapter - Downloaded https://repo.maven.apache.org/maven2/org/assertj/assertj-core/3.24.2/assertj-core-3.24.2-sources.jar
2024-05-11 16:07:52,235 [Worker-31: Download sources and javadoc] INFO  o.e.m.j.internal.DownloadSourcesJob - Downloaded sources for org.assertj:assertj-core:3.24.2
2024-05-11 16:07:52,431 [Worker-31: Download sources and javadoc] INFO  o.e.m.c.i.e.AbstractTransferListenerAdapter - Downloading https://repo.maven.apache.org/maven2/org/awaitility/awaitility/4.2.1/awaitility-4.2.1-sources.jar
2024-05-11 16:07:52,695 [Worker-31: Download sources and javadoc] INFO  o.e.m.c.i.e.AbstractTransferListenerAdapter - Downloaded https://repo.maven.apache.org/maven2/org/awaitility/awaitility/4.2.1/awaitility-4.2.1-sources.jar
2024-05-11 16:07:52,704 [Worker-31: Download sources and javadoc] INFO  o.e.m.j.internal.DownloadSourcesJob - Downloaded sources for org.awaitility:awaitility:4.2.1
2024-05-11 16:07:52,879 [Worker-31: Download sources and javadoc] INFO  o.e.m.c.i.e.AbstractTransferListenerAdapter - Downloading https://repo.maven.apache.org/maven2/org/hamcrest/hamcrest/2.2/hamcrest-2.2-sources.jar
2024-05-11 16:07:53,133 [Worker-31: Download sources and javadoc] INFO  o.e.m.c.i.e.AbstractTransferListenerAdapter - Downloaded https://repo.maven.apache.org/maven2/org/hamcrest/hamcrest/2.2/hamcrest-2.2-sources.jar
2024-05-11 16:07:53,136 [Worker-31: Download sources and javadoc] INFO  o.e.m.j.internal.DownloadSourcesJob - Downloaded sources for org.hamcrest:hamcrest:2.2
2024-05-11 16:07:53,289 [Worker-31: Download sources and javadoc] INFO  o.e.m.c.i.e.AbstractTransferListenerAdapter - Downloading https://repo.maven.apache.org/maven2/org/junit/jupiter/junit-jupiter/5.10.2/junit-jupiter-5.10.2-sources.jar
2024-05-11 16:07:53,405 [Worker-31: Download sources and javadoc] INFO  o.e.m.c.i.e.AbstractTransferListenerAdapter - Downloaded https://repo.maven.apache.org/maven2/org/junit/jupiter/junit-jupiter/5.10.2/junit-jupiter-5.10.2-sources.jar
2024-05-11 16:07:53,412 [Worker-31: Download sources and javadoc] INFO  o.e.m.j.internal.DownloadSourcesJob - Downloaded sources for org.junit.jupiter:junit-jupiter:5.10.2
2024-05-11 16:07:53,599 [Worker-31: Download sources and javadoc] INFO  o.e.m.c.i.e.AbstractTransferListenerAdapter - Downloading https://repo.maven.apache.org/maven2/org/junit/jupiter/junit-jupiter-api/5.10.2/junit-jupiter-api-5.10.2-sources.jar
2024-05-11 16:07:54,071 [Worker-31: Download sources and javadoc] INFO  o.e.m.c.i.e.AbstractTransferListenerAdapter - Downloaded https://repo.maven.apache.org/maven2/org/junit/jupiter/junit-jupiter-api/5.10.2/junit-jupiter-api-5.10.2-sources.jar
2024-05-11 16:07:54,075 [Worker-31: Download sources and javadoc] INFO  o.e.m.j.internal.DownloadSourcesJob - Downloaded sources for org.junit.jupiter:junit-jupiter-api:5.10.2
2024-05-11 16:07:54,390 [Worker-31: Download sources and javadoc] INFO  o.e.m.c.i.e.AbstractTransferListenerAdapter - Downloading https://repo.maven.apache.org/maven2/org/opentest4j/opentest4j/1.3.0/opentest4j-1.3.0-sources.jar
2024-05-11 16:07:54,564 [Worker-31: Download sources and javadoc] INFO  o.e.m.c.i.e.AbstractTransferListenerAdapter - Downloaded https://repo.maven.apache.org/maven2/org/opentest4j/opentest4j/1.3.0/opentest4j-1.3.0-sources.jar
2024-05-11 16:07:54,572 [Worker-31: Download sources and javadoc] INFO  o.e.m.j.internal.DownloadSourcesJob - Downloaded sources for org.opentest4j:opentest4j:1.3.0
2024-05-11 16:07:54,748 [Worker-31: Download sources and javadoc] INFO  o.e.m.c.i.e.AbstractTransferListenerAdapter - Downloading https://repo.maven.apache.org/maven2/org/junit/platform/junit-platform-commons/1.10.2/junit-platform-commons-1.10.2-sources.jar
2024-05-11 16:07:54,970 [Worker-31: Download sources and javadoc] INFO  o.e.m.c.i.e.AbstractTransferListenerAdapter - Downloaded https://repo.maven.apache.org/maven2/org/junit/platform/junit-platform-commons/1.10.2/junit-platform-commons-1.10.2-sources.jar
2024-05-11 16:07:54,974 [Worker-31: Download sources and javadoc] INFO  o.e.m.j.internal.DownloadSourcesJob - Downloaded sources for org.junit.platform:junit-platform-commons:1.10.2
2024-05-11 16:07:55,140 [Worker-31: Download sources and javadoc] INFO  o.e.m.c.i.e.AbstractTransferListenerAdapter - Downloading https://repo.maven.apache.org/maven2/org/apiguardian/apiguardian-api/1.1.2/apiguardian-api-1.1.2-sources.jar
2024-05-11 16:07:55,309 [Worker-31: Download sources and javadoc] INFO  o.e.m.c.i.e.AbstractTransferListenerAdapter - Downloaded https://repo.maven.apache.org/maven2/org/apiguardian/apiguardian-api/1.1.2/apiguardian-api-1.1.2-sources.jar
2024-05-11 16:07:55,313 [Worker-31: Download sources and javadoc] INFO  o.e.m.j.internal.DownloadSourcesJob - Downloaded sources for org.apiguardian:apiguardian-api:1.1.2
2024-05-11 16:07:55,512 [Worker-31: Download sources and javadoc] INFO  o.e.m.c.i.e.AbstractTransferListenerAdapter - Downloading https://repo.maven.apache.org/maven2/org/junit/jupiter/junit-jupiter-params/5.10.2/junit-jupiter-params-5.10.2-sources.jar
2024-05-11 16:07:55,831 [Worker-31: Download sources and javadoc] INFO  o.e.m.c.i.e.AbstractTransferListenerAdapter - Downloaded https://repo.maven.apache.org/maven2/org/junit/jupiter/junit-jupiter-params/5.10.2/junit-jupiter-params-5.10.2-sources.jar
2024-05-11 16:07:55,836 [Worker-31: Download sources and javadoc] INFO  o.e.m.j.internal.DownloadSourcesJob - Downloaded sources for org.junit.jupiter:junit-jupiter-params:5.10.2
2024-05-11 16:07:56,072 [Worker-31: Download sources and javadoc] INFO  o.e.m.c.i.e.AbstractTransferListenerAdapter - Downloading https://repo.maven.apache.org/maven2/org/junit/jupiter/junit-jupiter-engine/5.10.2/junit-jupiter-engine-5.10.2-sources.jar
2024-05-11 16:07:56,379 [Worker-31: Download sources and javadoc] INFO  o.e.m.c.i.e.AbstractTransferListenerAdapter - Downloaded https://repo.maven.apache.org/maven2/org/junit/jupiter/junit-jupiter-engine/5.10.2/junit-jupiter-engine-5.10.2-sources.jar
2024-05-11 16:07:56,385 [Worker-31: Download sources and javadoc] INFO  o.e.m.j.internal.DownloadSourcesJob - Downloaded sources for org.junit.jupiter:junit-jupiter-engine:5.10.2
2024-05-11 16:07:56,560 [Worker-31: Download sources and javadoc] INFO  o.e.m.c.i.e.AbstractTransferListenerAdapter - Downloading https://repo.maven.apache.org/maven2/org/junit/platform/junit-platform-engine/1.10.2/junit-platform-engine-1.10.2-sources.jar
2024-05-11 16:07:57,136 [Worker-31: Download sources and javadoc] INFO  o.e.m.c.i.e.AbstractTransferListenerAdapter - Downloaded https://repo.maven.apache.org/maven2/org/junit/platform/junit-platform-engine/1.10.2/junit-platform-engine-1.10.2-sources.jar
2024-05-11 16:07:57,140 [Worker-31: Download sources and javadoc] INFO  o.e.m.j.internal.DownloadSourcesJob - Downloaded sources for org.junit.platform:junit-platform-engine:1.10.2
2024-05-11 16:07:57,324 [Worker-31: Download sources and javadoc] INFO  o.e.m.c.i.e.AbstractTransferListenerAdapter - Downloading https://repo.maven.apache.org/maven2/org/mockito/mockito-core/5.7.0/mockito-core-5.7.0-sources.jar
2024-05-11 16:07:59,601 [Worker-31: Download sources and javadoc] INFO  o.e.m.c.i.e.AbstractTransferListenerAdapter - Downloaded https://repo.maven.apache.org/maven2/org/mockito/mockito-core/5.7.0/mockito-core-5.7.0-sources.jar
2024-05-11 16:07:59,604 [Worker-31: Download sources and javadoc] INFO  o.e.m.j.internal.DownloadSourcesJob - Downloaded sources for org.mockito:mockito-core:5.7.0
2024-05-11 16:07:59,792 [Worker-31: Download sources and javadoc] INFO  o.e.m.c.i.e.AbstractTransferListenerAdapter - Downloading https://repo.maven.apache.org/maven2/net/bytebuddy/byte-buddy-agent/1.14.13/byte-buddy-agent-1.14.13-sources.jar
2024-05-11 16:08:00,391 [Worker-31: Download sources and javadoc] INFO  o.e.m.c.i.e.AbstractTransferListenerAdapter - Downloaded https://repo.maven.apache.org/maven2/net/bytebuddy/byte-buddy-agent/1.14.13/byte-buddy-agent-1.14.13-sources.jar
2024-05-11 16:08:00,396 [Worker-31: Download sources and javadoc] INFO  o.e.m.j.internal.DownloadSourcesJob - Downloaded sources for net.bytebuddy:byte-buddy-agent:1.14.13
2024-05-11 16:08:00,568 [Worker-31: Download sources and javadoc] INFO  o.e.m.c.i.e.AbstractTransferListenerAdapter - Downloading https://repo.maven.apache.org/maven2/org/objenesis/objenesis/3.3/objenesis-3.3-sources.jar
2024-05-11 16:08:00,720 [Worker-31: Download sources and javadoc] INFO  o.e.m.c.i.e.AbstractTransferListenerAdapter - Downloaded https://repo.maven.apache.org/maven2/org/objenesis/objenesis/3.3/objenesis-3.3-sources.jar
2024-05-11 16:08:00,724 [Worker-31: Download sources and javadoc] INFO  o.e.m.j.internal.DownloadSourcesJob - Downloaded sources for org.objenesis:objenesis:3.3
2024-05-11 16:08:00,907 [Worker-31: Download sources and javadoc] INFO  o.e.m.c.i.e.AbstractTransferListenerAdapter - Downloading https://repo.maven.apache.org/maven2/org/mockito/mockito-junit-jupiter/5.7.0/mockito-junit-jupiter-5.7.0-sources.jar
2024-05-11 16:08:01,054 [Worker-31: Download sources and javadoc] INFO  o.e.m.c.i.e.AbstractTransferListenerAdapter - Downloaded https://repo.maven.apache.org/maven2/org/mockito/mockito-junit-jupiter/5.7.0/mockito-junit-jupiter-5.7.0-sources.jar
2024-05-11 16:08:01,059 [Worker-31: Download sources and javadoc] INFO  o.e.m.j.internal.DownloadSourcesJob - Downloaded sources for org.mockito:mockito-junit-jupiter:5.7.0
2024-05-11 16:08:01,269 [Worker-31: Download sources and javadoc] INFO  o.e.m.c.i.e.AbstractTransferListenerAdapter - Downloading https://repo.maven.apache.org/maven2/org/skyscreamer/jsonassert/1.5.1/jsonassert-1.5.1-sources.jar
2024-05-11 16:08:02,053 [Worker-31: Download sources and javadoc] INFO  o.e.m.c.i.e.AbstractTransferListenerAdapter - Downloaded https://repo.maven.apache.org/maven2/org/skyscreamer/jsonassert/1.5.1/jsonassert-1.5.1-sources.jar
2024-05-11 16:08:02,057 [Worker-31: Download sources and javadoc] INFO  o.e.m.j.internal.DownloadSourcesJob - Downloaded sources for org.skyscreamer:jsonassert:1.5.1
2024-05-11 16:08:02,229 [Worker-31: Download sources and javadoc] INFO  o.e.m.c.i.e.AbstractTransferListenerAdapter - Downloading https://repo.maven.apache.org/maven2/com/vaadin/external/google/android-json/0.0.20131108.vaadin1/android-json-0.0.20131108.vaadin1-sources.jar
2024-05-11 16:08:02,348 [Worker-31: Download sources and javadoc] INFO  o.e.m.c.i.e.AbstractTransferListenerAdapter - Downloaded https://repo.maven.apache.org/maven2/com/vaadin/external/google/android-json/0.0.20131108.vaadin1/android-json-0.0.20131108.vaadin1-sources.jar
2024-05-11 16:08:02,352 [Worker-31: Download sources and javadoc] INFO  o.e.m.j.internal.DownloadSourcesJob - Downloaded sources for com.vaadin.external.google:android-json:0.0.20131108.vaadin1
2024-05-11 16:08:02,518 [Worker-31: Download sources and javadoc] INFO  o.e.m.c.i.e.AbstractTransferListenerAdapter - Downloading https://repo.maven.apache.org/maven2/org/springframework/spring-core/6.1.6/spring-core-6.1.6-sources.jar
2024-05-11 16:08:06,372 [Worker-31: Download sources and javadoc] INFO  o.e.m.c.i.e.AbstractTransferListenerAdapter - Downloaded https://repo.maven.apache.org/maven2/org/springframework/spring-core/6.1.6/spring-core-6.1.6-sources.jar
2024-05-11 16:08:06,376 [Worker-31: Download sources and javadoc] INFO  o.e.m.j.internal.DownloadSourcesJob - Downloaded sources for org.springframework:spring-core:6.1.6
2024-05-11 16:08:06,568 [Worker-31: Download sources and javadoc] INFO  o.e.m.c.i.e.AbstractTransferListenerAdapter - Downloading https://repo.maven.apache.org/maven2/org/springframework/spring-jcl/6.1.6/spring-jcl-6.1.6-sources.jar
2024-05-11 16:08:06,752 [Worker-31: Download sources and javadoc] INFO  o.e.m.c.i.e.AbstractTransferListenerAdapter - Downloaded https://repo.maven.apache.org/maven2/org/springframework/spring-jcl/6.1.6/spring-jcl-6.1.6-sources.jar
2024-05-11 16:08:06,756 [Worker-31: Download sources and javadoc] INFO  o.e.m.j.internal.DownloadSourcesJob - Downloaded sources for org.springframework:spring-jcl:6.1.6
2024-05-11 16:08:07,068 [Worker-31: Download sources and javadoc] INFO  o.e.m.c.i.e.AbstractTransferListenerAdapter - Downloading https://repo.maven.apache.org/maven2/org/springframework/spring-test/6.1.6/spring-test-6.1.6-sources.jar
2024-05-11 16:08:09,970 [Worker-31: Download sources and javadoc] INFO  o.e.m.c.i.e.AbstractTransferListenerAdapter - Downloaded https://repo.maven.apache.org/maven2/org/springframework/spring-test/6.1.6/spring-test-6.1.6-sources.jar
2024-05-11 16:08:09,974 [Worker-31: Download sources and javadoc] INFO  o.e.m.j.internal.DownloadSourcesJob - Downloaded sources for org.springframework:spring-test:6.1.6
2024-05-11 16:08:10,159 [Worker-31: Download sources and javadoc] INFO  o.e.m.c.i.e.AbstractTransferListenerAdapter - Downloading https://repo.maven.apache.org/maven2/org/xmlunit/xmlunit-core/2.9.1/xmlunit-core-2.9.1-sources.jar
2024-05-11 16:08:11,171 [Worker-31: Download sources and javadoc] INFO  o.e.m.c.i.e.AbstractTransferListenerAdapter - Downloaded https://repo.maven.apache.org/maven2/org/xmlunit/xmlunit-core/2.9.1/xmlunit-core-2.9.1-sources.jar
2024-05-11 16:08:11,175 [Worker-31: Download sources and javadoc] INFO  o.e.m.j.internal.DownloadSourcesJob - Downloaded sources for org.xmlunit:xmlunit-core:2.9.1
2024-05-11 16:10:27,609 [Worker-28: Updating Maven Project] INFO  o.e.m.c.i.p.ProjectConfigurationManager - Update started
2024-05-11 16:10:28,046 [Worker-28: Updating Maven Project] INFO  o.e.m.c.i.l.LifecycleMappingFactory - Using org.eclipse.m2e.jdt.JarLifecycleMapping lifecycle mapping for MavenProject: com.demo:student:0.0.1-SNAPSHOT @ C:\Teck Giri\Java Fullstack Developer\Spring Framework\FirstSpringProject\student\pom.xml.
2024-05-11 16:10:28,698 [Worker-28: Updating Maven Project] INFO  o.e.m.j.i.AbstractJavaProjectConfigurator - Adding source folder /student/src/main/java
2024-05-11 16:10:28,698 [Worker-28: Updating Maven Project] INFO  o.e.m.j.i.AbstractJavaProjectConfigurator - Adding resource folder /student/src/main/resources
2024-05-11 16:10:28,698 [Worker-28: Updating Maven Project] INFO  o.e.m.j.i.AbstractJavaProjectConfigurator - Adding resource folder /student/src/main/resources
2024-05-11 16:10:28,699 [Worker-28: Updating Maven Project] INFO  o.e.m.j.i.AbstractJavaProjectConfigurator - Adding source folder /student/src/test/java
2024-05-11 16:10:28,699 [Worker-28: Updating Maven Project] INFO  o.e.m.j.i.AbstractJavaProjectConfigurator - Adding resource folder /student/src/test/resources
2024-05-11 16:10:28,979 [Worker-28: Updating Maven Project] INFO  o.e.m.c.i.p.ProjectConfigurationManager - Update completed for 1 poms: local refresh takes 0.00 sec, refresh facades takes 1.00 sec, update config takes 0.00 sec 
2024-05-11 16:10:29,312 [Worker-32: Building] INFO  o.a.m.s.f.DefaultMavenResourcesFiltering - Copying 1 resource from src\main\resources to target\classes
2024-05-11 16:10:29,329 [Worker-32: Building] INFO  o.a.m.s.f.DefaultMavenResourcesFiltering - Copying 0 resource from src\main\resources to target\classes
2024-05-11 16:10:29,334 [Worker-32: Building] INFO  o.a.m.s.f.DefaultMavenResourcesFiltering - skip non existing resourceDirectory C:\Teck Giri\Java Fullstack Developer\Spring Framework\FirstSpringProject\student\src\test\resources
2024-05-11 16:19:29,349 [Worker-35: Building] INFO  o.e.m.c.i.l.LifecycleMappingFactory - Using org.eclipse.m2e.jdt.JarLifecycleMapping lifecycle mapping for MavenProject: com.demo:student:0.0.1-SNAPSHOT @ C:\Teck Giri\Java Fullstack Developer\Spring Framework\FirstSpringProject\student\pom.xml.
2024-05-11 16:19:29,893 [Worker-35: Building] INFO  o.e.m.c.i.e.AbstractTransferListenerAdapter - Downloading https://repo.maven.apache.org/maven2/com/h2database/h2/2.2.224/h2-2.2.224.pom
2024-05-11 16:19:30,002 [Worker-35: Building] INFO  o.e.m.c.i.e.AbstractTransferListenerAdapter - Downloaded https://repo.maven.apache.org/maven2/com/h2database/h2/2.2.224/h2-2.2.224.pom
2024-05-11 16:19:30,219 [Worker-35: Building] INFO  o.e.m.c.i.e.AbstractTransferListenerAdapter - Downloading https://repo.maven.apache.org/maven2/com/h2database/h2/2.2.224/h2-2.2.224.jar
2024-05-11 16:19:47,058 [Worker-35: Building] INFO  o.e.m.c.i.e.AbstractTransferListenerAdapter - Downloaded https://repo.maven.apache.org/maven2/com/h2database/h2/2.2.224/h2-2.2.224.jar
2024-05-11 16:19:47,511 [Worker-35: Building] INFO  o.a.m.s.f.DefaultMavenResourcesFiltering - Copying 0 resource from src\main\resources to target\classes
2024-05-11 16:19:47,512 [Worker-35: Building] INFO  o.a.m.s.f.DefaultMavenResourcesFiltering - Copying 0 resource from src\main\resources to target\classes
2024-05-11 16:19:47,517 [Worker-35: Building] INFO  o.a.m.s.f.DefaultMavenResourcesFiltering - skip non existing resourceDirectory C:\Teck Giri\Java Fullstack Developer\Spring Framework\FirstSpringProject\student\src\test\resources
2024-05-11 16:19:48,528 [Worker-32: Download sources and javadoc] INFO  o.e.m.c.i.e.AbstractTransferListenerAdapter - Downloading https://repo.maven.apache.org/maven2/com/h2database/h2/2.2.224/h2-2.2.224-sources.jar
2024-05-11 16:19:57,638 [Worker-32: Download sources and javadoc] INFO  o.e.m.c.i.e.AbstractTransferListenerAdapter - Downloaded https://repo.maven.apache.org/maven2/com/h2database/h2/2.2.224/h2-2.2.224-sources.jar
2024-05-11 16:19:57,642 [Worker-32: Download sources and javadoc] INFO  o.e.m.j.internal.DownloadSourcesJob - Downloaded sources for com.h2database:h2:2.2.224
2024-05-11 16:20:59,651 [Worker-32: Building] INFO  o.a.m.s.f.DefaultMavenResourcesFiltering - Copying 1 resource from src\main\resources to target\classes
2024-05-11 16:20:59,670 [Worker-32: Building] INFO  o.a.m.s.f.DefaultMavenResourcesFiltering - Copying 0 resource from src\main\resources to target\classes
2024-05-11 16:20:59,672 [Worker-32: Building] INFO  o.a.m.s.f.DefaultMavenResourcesFiltering - skip non existing resourceDirectory C:\Teck Giri\Java Fullstack Developer\Spring Framework\FirstSpringProject\student\src\test\resources
2024-05-11 16:44:56,833 [Worker-47: Building] INFO  o.a.m.s.f.DefaultMavenResourcesFiltering - Copying 1 resource from src\main\resources to target\classes
2024-05-11 16:44:56,852 [Worker-47: Building] INFO  o.a.m.s.f.DefaultMavenResourcesFiltering - Copying 0 resource from src\main\resources to target\classes
2024-05-11 16:44:56,861 [Worker-47: Building] INFO  o.a.m.s.f.DefaultMavenResourcesFiltering - skip non existing resourceDirectory C:\Teck Giri\Java Fullstack Developer\Spring Framework\FirstSpringProject\student\src\test\resources
2024-05-11 16:47:04,391 [Worker-46: Building] INFO  o.a.m.s.f.DefaultMavenResourcesFiltering - Copying 1 resource from src\main\resources to target\classes
2024-05-11 16:47:04,405 [Worker-46: Building] INFO  o.a.m.s.f.DefaultMavenResourcesFiltering - Copying 0 resource from src\main\resources to target\classes
2024-05-11 16:47:04,409 [Worker-46: Building] INFO  o.a.m.s.f.DefaultMavenResourcesFiltering - skip non existing resourceDirectory C:\Teck Giri\Java Fullstack Developer\Spring Framework\FirstSpringProject\student\src\test\resources
2024-05-11 16:48:37,522 [Worker-44: Building] INFO  o.a.m.s.f.DefaultMavenResourcesFiltering - Copying 1 resource from src\main\resources to target\classes
2024-05-11 16:48:37,529 [Worker-44: Building] INFO  o.a.m.s.f.DefaultMavenResourcesFiltering - Copying 0 resource from src\main\resources to target\classes
2024-05-11 16:48:37,534 [Worker-44: Building] INFO  o.a.m.s.f.DefaultMavenResourcesFiltering - skip non existing resourceDirectory C:\Teck Giri\Java Fullstack Developer\Spring Framework\FirstSpringProject\student\src\test\resources
2024-05-11 16:50:19,744 [Worker-49: Building] INFO  o.a.m.s.f.DefaultMavenResourcesFiltering - Copying 1 resource from src\main\resources to target\classes
2024-05-11 16:50:19,753 [Worker-49: Building] INFO  o.a.m.s.f.DefaultMavenResourcesFiltering - Copying 0 resource from src\main\resources to target\classes
2024-05-11 16:50:19,757 [Worker-49: Building] INFO  o.a.m.s.f.DefaultMavenResourcesFiltering - skip non existing resourceDirectory C:\Teck Giri\Java Fullstack Developer\Spring Framework\FirstSpringProject\student\src\test\resources
2024-05-11 17:01:06,130 [Worker-51: Building] INFO  o.a.m.s.f.DefaultMavenResourcesFiltering - Copying 1 resource from src\main\resources to target\classes
2024-05-11 17:01:06,139 [Worker-51: Building] INFO  o.a.m.s.f.DefaultMavenResourcesFiltering - Copying 0 resource from src\main\resources to target\classes
2024-05-11 17:01:06,144 [Worker-51: Building] INFO  o.a.m.s.f.DefaultMavenResourcesFiltering - skip non existing resourceDirectory C:\Teck Giri\Java Fullstack Developer\Spring Framework\FirstSpringProject\student\src\test\resources
2024-05-11 17:08:50,434 [Worker-54: Building] INFO  o.a.m.s.f.DefaultMavenResourcesFiltering - Copying 1 resource from src\main\resources to target\classes
2024-05-11 17:08:50,441 [Worker-54: Building] INFO  o.a.m.s.f.DefaultMavenResourcesFiltering - Copying 0 resource from src\main\resources to target\classes
2024-05-11 17:08:50,446 [Worker-54: Building] INFO  o.a.m.s.f.DefaultMavenResourcesFiltering - skip non existing resourceDirectory C:\Teck Giri\Java Fullstack Developer\Spring Framework\FirstSpringProject\student\src\test\resources
2024-05-11 17:22:02,450 [Worker-59: Building] INFO  o.e.m.c.i.l.LifecycleMappingFactory - Using org.eclipse.m2e.jdt.JarLifecycleMapping lifecycle mapping for MavenProject: com.demo:student:0.0.1-SNAPSHOT @ C:\Teck Giri\Java Fullstack Developer\Spring Framework\FirstSpringProject\student\pom.xml.
2024-05-11 17:22:03,150 [Worker-59: Building] INFO  o.e.m.c.i.e.AbstractTransferListenerAdapter - Downloading https://repo.maven.apache.org/maven2/io/springfox/springfox-swagger2/2.7.0/springfox-swagger2-2.7.0.pom
2024-05-11 17:22:03,387 [Worker-59: Building] INFO  o.e.m.c.i.e.AbstractTransferListenerAdapter - Downloaded https://repo.maven.apache.org/maven2/io/springfox/springfox-swagger2/2.7.0/springfox-swagger2-2.7.0.pom
2024-05-11 17:22:03,440 [Worker-59: Building] INFO  o.e.m.c.i.e.AbstractTransferListenerAdapter - Downloading https://repo.maven.apache.org/maven2/io/swagger/swagger-annotations/1.5.13/swagger-annotations-1.5.13.pom
2024-05-11 17:22:03,540 [Worker-59: Building] INFO  o.e.m.c.i.e.AbstractTransferListenerAdapter - Downloaded https://repo.maven.apache.org/maven2/io/swagger/swagger-annotations/1.5.13/swagger-annotations-1.5.13.pom
2024-05-11 17:22:03,604 [Worker-59: Building] INFO  o.e.m.c.i.e.AbstractTransferListenerAdapter - Downloading https://repo.maven.apache.org/maven2/io/swagger/swagger-project/1.5.13/swagger-project-1.5.13.pom
2024-05-11 17:22:03,798 [Worker-59: Building] INFO  o.e.m.c.i.e.AbstractTransferListenerAdapter - Downloaded https://repo.maven.apache.org/maven2/io/swagger/swagger-project/1.5.13/swagger-project-1.5.13.pom
2024-05-11 17:22:03,855 [Worker-59: Building] INFO  o.e.m.c.i.e.AbstractTransferListenerAdapter - Downloading https://repo.maven.apache.org/maven2/org/sonatype/oss/oss-parent/5/oss-parent-5.pom
2024-05-11 17:22:04,289 [Worker-59: Building] INFO  o.e.m.c.i.e.AbstractTransferListenerAdapter - Downloaded https://repo.maven.apache.org/maven2/org/sonatype/oss/oss-parent/5/oss-parent-5.pom
2024-05-11 17:22:04,372 [Worker-59: Building] INFO  o.e.m.c.i.e.AbstractTransferListenerAdapter - Downloading https://repo.maven.apache.org/maven2/io/swagger/swagger-models/1.5.13/swagger-models-1.5.13.pom
2024-05-11 17:22:04,729 [Worker-59: Building] INFO  o.e.m.c.i.e.AbstractTransferListenerAdapter - Downloaded https://repo.maven.apache.org/maven2/io/swagger/swagger-models/1.5.13/swagger-models-1.5.13.pom
2024-05-11 17:22:04,794 [Worker-59: Building] INFO  o.e.m.c.i.e.AbstractTransferListenerAdapter - Downloading https://repo.maven.apache.org/maven2/io/springfox/springfox-spi/2.7.0/springfox-spi-2.7.0.pom
2024-05-11 17:22:05,153 [Worker-59: Building] INFO  o.e.m.c.i.e.AbstractTransferListenerAdapter - Downloaded https://repo.maven.apache.org/maven2/io/springfox/springfox-spi/2.7.0/springfox-spi-2.7.0.pom
2024-05-11 17:22:05,220 [Worker-59: Building] INFO  o.e.m.c.i.e.AbstractTransferListenerAdapter - Downloading https://repo.maven.apache.org/maven2/io/springfox/springfox-core/2.7.0/springfox-core-2.7.0.pom
2024-05-11 17:22:05,420 [Worker-59: Building] INFO  o.e.m.c.i.e.AbstractTransferListenerAdapter - Downloaded https://repo.maven.apache.org/maven2/io/springfox/springfox-core/2.7.0/springfox-core-2.7.0.pom
2024-05-11 17:22:05,515 [Worker-59: Building] INFO  o.e.m.c.i.e.AbstractTransferListenerAdapter - Downloading https://repo.maven.apache.org/maven2/com/google/guava/guava/18.0/guava-18.0.pom
2024-05-11 17:22:05,630 [Worker-59: Building] INFO  o.e.m.c.i.e.AbstractTransferListenerAdapter - Downloaded https://repo.maven.apache.org/maven2/com/google/guava/guava/18.0/guava-18.0.pom
2024-05-11 17:22:05,864 [Worker-59: Building] INFO  o.e.m.c.i.e.AbstractTransferListenerAdapter - Downloading https://repo.maven.apache.org/maven2/com/google/guava/guava-parent/18.0/guava-parent-18.0.pom
2024-05-11 17:22:05,942 [Worker-59: Building] INFO  o.e.m.c.i.e.AbstractTransferListenerAdapter - Downloaded https://repo.maven.apache.org/maven2/com/google/guava/guava-parent/18.0/guava-parent-18.0.pom
2024-05-11 17:22:06,000 [Worker-59: Building] INFO  o.e.m.c.i.e.AbstractTransferListenerAdapter - Downloading https://repo.maven.apache.org/maven2/org/springframework/plugin/spring-plugin-core/1.2.0.RELEASE/spring-plugin-core-1.2.0.RELEASE.pom
2024-05-11 17:22:06,063 [Worker-59: Building] INFO  o.e.m.c.i.e.AbstractTransferListenerAdapter - Downloaded https://repo.maven.apache.org/maven2/org/springframework/plugin/spring-plugin-core/1.2.0.RELEASE/spring-plugin-core-1.2.0.RELEASE.pom
2024-05-11 17:22:06,162 [Worker-59: Building] INFO  o.e.m.c.i.e.AbstractTransferListenerAdapter - Downloading https://repo.maven.apache.org/maven2/org/springframework/plugin/spring-plugin/1.2.0.RELEASE/spring-plugin-1.2.0.RELEASE.pom
2024-05-11 17:22:06,220 [Worker-59: Building] INFO  o.e.m.c.i.e.AbstractTransferListenerAdapter - Downloaded https://repo.maven.apache.org/maven2/org/springframework/plugin/spring-plugin/1.2.0.RELEASE/spring-plugin-1.2.0.RELEASE.pom
2024-05-11 17:22:06,270 [Worker-59: Building] INFO  o.e.m.c.i.e.AbstractTransferListenerAdapter - Downloading https://repo.maven.apache.org/maven2/org/springframework/plugin/spring-plugin-metadata/1.2.0.RELEASE/spring-plugin-metadata-1.2.0.RELEASE.pom
2024-05-11 17:22:06,335 [Worker-59: Building] INFO  o.e.m.c.i.e.AbstractTransferListenerAdapter - Downloaded https://repo.maven.apache.org/maven2/org/springframework/plugin/spring-plugin-metadata/1.2.0.RELEASE/spring-plugin-metadata-1.2.0.RELEASE.pom
2024-05-11 17:22:06,383 [Worker-59: Building] INFO  o.e.m.c.i.e.AbstractTransferListenerAdapter - Downloading https://repo.maven.apache.org/maven2/io/springfox/springfox-schema/2.7.0/springfox-schema-2.7.0.pom
2024-05-11 17:22:06,438 [Worker-59: Building] INFO  o.e.m.c.i.e.AbstractTransferListenerAdapter - Downloaded https://repo.maven.apache.org/maven2/io/springfox/springfox-schema/2.7.0/springfox-schema-2.7.0.pom
2024-05-11 17:22:06,476 [Worker-59: Building] INFO  o.e.m.c.i.e.AbstractTransferListenerAdapter - Downloading https://repo.maven.apache.org/maven2/io/springfox/springfox-swagger-common/2.7.0/springfox-swagger-common-2.7.0.pom
2024-05-11 17:22:06,822 [Worker-59: Building] INFO  o.e.m.c.i.e.AbstractTransferListenerAdapter - Downloaded https://repo.maven.apache.org/maven2/io/springfox/springfox-swagger-common/2.7.0/springfox-swagger-common-2.7.0.pom
2024-05-11 17:22:06,860 [Worker-59: Building] INFO  o.e.m.c.i.e.AbstractTransferListenerAdapter - Downloading https://repo.maven.apache.org/maven2/io/springfox/springfox-spring-web/2.7.0/springfox-spring-web-2.7.0.pom
2024-05-11 17:22:06,952 [Worker-59: Building] INFO  o.e.m.c.i.e.AbstractTransferListenerAdapter - Downloaded https://repo.maven.apache.org/maven2/io/springfox/springfox-spring-web/2.7.0/springfox-spring-web-2.7.0.pom
2024-05-11 17:22:06,991 [Worker-59: Building] INFO  o.e.m.c.i.e.AbstractTransferListenerAdapter - Downloading https://repo.maven.apache.org/maven2/org/reflections/reflections/0.9.11/reflections-0.9.11.pom
2024-05-11 17:22:07,380 [Worker-59: Building] INFO  o.e.m.c.i.e.AbstractTransferListenerAdapter - Downloaded https://repo.maven.apache.org/maven2/org/reflections/reflections/0.9.11/reflections-0.9.11.pom
2024-05-11 17:22:07,446 [Worker-59: Building] INFO  o.e.m.c.i.e.AbstractTransferListenerAdapter - Downloading https://repo.maven.apache.org/maven2/com/google/guava/guava/20.0/guava-20.0.pom
2024-05-11 17:22:07,624 [Worker-59: Building] INFO  o.e.m.c.i.e.AbstractTransferListenerAdapter - Downloaded https://repo.maven.apache.org/maven2/com/google/guava/guava/20.0/guava-20.0.pom
2024-05-11 17:22:07,686 [Worker-59: Building] INFO  o.e.m.c.i.e.AbstractTransferListenerAdapter - Downloading https://repo.maven.apache.org/maven2/com/google/guava/guava-parent/20.0/guava-parent-20.0.pom
2024-05-11 17:22:07,902 [Worker-59: Building] INFO  o.e.m.c.i.e.AbstractTransferListenerAdapter - Downloaded https://repo.maven.apache.org/maven2/com/google/guava/guava-parent/20.0/guava-parent-20.0.pom
2024-05-11 17:22:07,980 [Worker-59: Building] INFO  o.e.m.c.i.e.AbstractTransferListenerAdapter - Downloading https://repo.maven.apache.org/maven2/org/javassist/javassist/3.21.0-GA/javassist-3.21.0-GA.pom
2024-05-11 17:22:08,199 [Worker-59: Building] INFO  o.e.m.c.i.e.AbstractTransferListenerAdapter - Downloaded https://repo.maven.apache.org/maven2/org/javassist/javassist/3.21.0-GA/javassist-3.21.0-GA.pom
2024-05-11 17:22:08,538 [Worker-59: Building] INFO  o.e.m.c.i.e.AbstractTransferListenerAdapter - Downloading https://repo.maven.apache.org/maven2/org/mapstruct/mapstruct/1.1.0.Final/mapstruct-1.1.0.Final.pom
2024-05-11 17:22:08,658 [Worker-59: Building] INFO  o.e.m.c.i.e.AbstractTransferListenerAdapter - Downloaded https://repo.maven.apache.org/maven2/org/mapstruct/mapstruct/1.1.0.Final/mapstruct-1.1.0.Final.pom
2024-05-11 17:22:08,730 [Worker-59: Building] INFO  o.e.m.c.i.e.AbstractTransferListenerAdapter - Downloading https://repo.maven.apache.org/maven2/org/mapstruct/mapstruct-parent/1.1.0.Final/mapstruct-parent-1.1.0.Final.pom
2024-05-11 17:22:09,150 [Worker-59: Building] INFO  o.e.m.c.i.e.AbstractTransferListenerAdapter - Downloaded https://repo.maven.apache.org/maven2/org/mapstruct/mapstruct-parent/1.1.0.Final/mapstruct-parent-1.1.0.Final.pom
2024-05-11 17:22:09,194 [Worker-59: Building] INFO  o.e.m.c.i.e.AbstractTransferListenerAdapter - Downloading https://repo.maven.apache.org/maven2/org/jboss/arquillian/arquillian-bom/1.0.2.Final/arquillian-bom-1.0.2.Final.pom
2024-05-11 17:22:09,405 [Worker-59: Building] INFO  o.e.m.c.i.e.AbstractTransferListenerAdapter - Downloaded https://repo.maven.apache.org/maven2/org/jboss/arquillian/arquillian-bom/1.0.2.Final/arquillian-bom-1.0.2.Final.pom
2024-05-11 17:22:09,461 [Worker-59: Building] INFO  o.e.m.c.i.e.AbstractTransferListenerAdapter - Downloading https://repo.maven.apache.org/maven2/org/jboss/shrinkwrap/shrinkwrap-bom/1.0.1/shrinkwrap-bom-1.0.1.pom
2024-05-11 17:22:09,568 [Worker-59: Building] INFO  o.e.m.c.i.e.AbstractTransferListenerAdapter - Downloaded https://repo.maven.apache.org/maven2/org/jboss/shrinkwrap/shrinkwrap-bom/1.0.1/shrinkwrap-bom-1.0.1.pom
2024-05-11 17:22:09,629 [Worker-59: Building] INFO  o.e.m.c.i.e.AbstractTransferListenerAdapter - Downloading https://repo.maven.apache.org/maven2/org/jboss/shrinkwrap/resolver/shrinkwrap-resolver-bom/1.0.0-beta-7/shrinkwrap-resolver-bom-1.0.0-beta-7.pom
2024-05-11 17:22:09,852 [Worker-59: Building] INFO  o.e.m.c.i.e.AbstractTransferListenerAdapter - Downloaded https://repo.maven.apache.org/maven2/org/jboss/shrinkwrap/resolver/shrinkwrap-resolver-bom/1.0.0-beta-7/shrinkwrap-resolver-bom-1.0.0-beta-7.pom
2024-05-11 17:22:09,919 [Worker-59: Building] INFO  o.e.m.c.i.e.AbstractTransferListenerAdapter - Downloading https://repo.maven.apache.org/maven2/org/jboss/shrinkwrap/descriptors/shrinkwrap-descriptors-bom/2.0.0-alpha-3/shrinkwrap-descriptors-bom-2.0.0-alpha-3.pom
2024-05-11 17:22:10,039 [Worker-59: Building] INFO  o.e.m.c.i.e.AbstractTransferListenerAdapter - Downloaded https://repo.maven.apache.org/maven2/org/jboss/shrinkwrap/descriptors/shrinkwrap-descriptors-bom/2.0.0-alpha-3/shrinkwrap-descriptors-bom-2.0.0-alpha-3.pom
2024-05-11 17:22:10,106 [Worker-59: Building] INFO  o.e.m.c.i.e.AbstractTransferListenerAdapter - Downloading https://repo.maven.apache.org/maven2/io/springfox/springfox-swagger-ui/2.7.0/springfox-swagger-ui-2.7.0.pom
2024-05-11 17:22:10,163 [Worker-59: Building] INFO  o.e.m.c.i.e.AbstractTransferListenerAdapter - Downloaded https://repo.maven.apache.org/maven2/io/springfox/springfox-swagger-ui/2.7.0/springfox-swagger-ui-2.7.0.pom
2024-05-11 17:22:10,336 [AetherRepositoryConnector-repo.maven.apache.org-3-0] INFO  o.e.m.c.i.e.AbstractTransferListenerAdapter - Downloading https://repo.maven.apache.org/maven2/io/springfox/springfox-swagger2/2.7.0/springfox-swagger2-2.7.0.jar
2024-05-11 17:22:11,490 [AetherRepositoryConnector-repo.maven.apache.org-3-2] INFO  o.e.m.c.i.e.AbstractTransferListenerAdapter - Downloading https://repo.maven.apache.org/maven2/io/swagger/swagger-models/1.5.13/swagger-models-1.5.13.jar
2024-05-11 17:22:12,670 [AetherRepositoryConnector-repo.maven.apache.org-3-1] INFO  o.e.m.c.i.e.AbstractTransferListenerAdapter - Downloading https://repo.maven.apache.org/maven2/io/swagger/swagger-annotations/1.5.13/swagger-annotations-1.5.13.jar
2024-05-11 17:22:12,670 [AetherRepositoryConnector-repo.maven.apache.org-3-3] INFO  o.e.m.c.i.e.AbstractTransferListenerAdapter - Downloading https://repo.maven.apache.org/maven2/io/springfox/springfox-spi/2.7.0/springfox-spi-2.7.0.jar
2024-05-11 17:22:12,670 [AetherRepositoryConnector-repo.maven.apache.org-3-4] INFO  o.e.m.c.i.e.AbstractTransferListenerAdapter - Downloading https://repo.maven.apache.org/maven2/io/springfox/springfox-core/2.7.0/springfox-core-2.7.0.jar
2024-05-11 17:22:13,559 [AetherRepositoryConnector-repo.maven.apache.org-3-0] INFO  o.e.m.c.i.e.AbstractTransferListenerAdapter - Downloaded https://repo.maven.apache.org/maven2/io/springfox/springfox-swagger2/2.7.0/springfox-swagger2-2.7.0.jar
2024-05-11 17:22:15,106 [AetherRepositoryConnector-repo.maven.apache.org-3-0] INFO  o.e.m.c.i.e.AbstractTransferListenerAdapter - Downloading https://repo.maven.apache.org/maven2/io/springfox/springfox-schema/2.7.0/springfox-schema-2.7.0.jar
2024-05-11 17:22:15,573 [AetherRepositoryConnector-repo.maven.apache.org-3-1] INFO  o.e.m.c.i.e.AbstractTransferListenerAdapter - Downloaded https://repo.maven.apache.org/maven2/io/swagger/swagger-annotations/1.5.13/swagger-annotations-1.5.13.jar
2024-05-11 17:22:18,211 [AetherRepositoryConnector-repo.maven.apache.org-3-1] INFO  o.e.m.c.i.e.AbstractTransferListenerAdapter - Downloading https://repo.maven.apache.org/maven2/io/springfox/springfox-swagger-common/2.7.0/springfox-swagger-common-2.7.0.jar
2024-05-11 17:22:18,232 [AetherRepositoryConnector-repo.maven.apache.org-3-2] INFO  o.e.m.c.i.e.AbstractTransferListenerAdapter - Downloaded https://repo.maven.apache.org/maven2/io/swagger/swagger-models/1.5.13/swagger-models-1.5.13.jar
2024-05-11 17:22:18,234 [AetherRepositoryConnector-repo.maven.apache.org-3-3] INFO  o.e.m.c.i.e.AbstractTransferListenerAdapter - Downloaded https://repo.maven.apache.org/maven2/io/springfox/springfox-spi/2.7.0/springfox-spi-2.7.0.jar
2024-05-11 17:22:19,736 [AetherRepositoryConnector-repo.maven.apache.org-3-4] INFO  o.e.m.c.i.e.AbstractTransferListenerAdapter - Downloaded https://repo.maven.apache.org/maven2/io/springfox/springfox-core/2.7.0/springfox-core-2.7.0.jar
2024-05-11 17:22:19,804 [AetherRepositoryConnector-repo.maven.apache.org-3-0] INFO  o.e.m.c.i.e.AbstractTransferListenerAdapter - Downloaded https://repo.maven.apache.org/maven2/io/springfox/springfox-schema/2.7.0/springfox-schema-2.7.0.jar
2024-05-11 17:22:19,895 [AetherRepositoryConnector-repo.maven.apache.org-3-3] INFO  o.e.m.c.i.e.AbstractTransferListenerAdapter - Downloading https://repo.maven.apache.org/maven2/org/reflections/reflections/0.9.11/reflections-0.9.11.jar
2024-05-11 17:22:20,123 [AetherRepositoryConnector-repo.maven.apache.org-3-2] INFO  o.e.m.c.i.e.AbstractTransferListenerAdapter - Downloading https://repo.maven.apache.org/maven2/io/springfox/springfox-spring-web/2.7.0/springfox-spring-web-2.7.0.jar
2024-05-11 17:22:21,681 [AetherRepositoryConnector-repo.maven.apache.org-3-4] INFO  o.e.m.c.i.e.AbstractTransferListenerAdapter - Downloading https://repo.maven.apache.org/maven2/org/javassist/javassist/3.21.0-GA/javassist-3.21.0-GA.jar
2024-05-11 17:22:21,681 [AetherRepositoryConnector-repo.maven.apache.org-3-0] INFO  o.e.m.c.i.e.AbstractTransferListenerAdapter - Downloading https://repo.maven.apache.org/maven2/com/google/guava/guava/18.0/guava-18.0.jar
2024-05-11 17:22:21,697 [AetherRepositoryConnector-repo.maven.apache.org-3-1] INFO  o.e.m.c.i.e.AbstractTransferListenerAdapter - Downloaded https://repo.maven.apache.org/maven2/io/springfox/springfox-swagger-common/2.7.0/springfox-swagger-common-2.7.0.jar
2024-05-11 17:22:24,237 [AetherRepositoryConnector-repo.maven.apache.org-3-1] INFO  o.e.m.c.i.e.AbstractTransferListenerAdapter - Downloading https://repo.maven.apache.org/maven2/org/springframework/plugin/spring-plugin-core/1.2.0.RELEASE/spring-plugin-core-1.2.0.RELEASE.jar
2024-05-11 17:22:26,433 [AetherRepositoryConnector-repo.maven.apache.org-3-3] INFO  o.e.m.c.i.e.AbstractTransferListenerAdapter - Downloaded https://repo.maven.apache.org/maven2/org/reflections/reflections/0.9.11/reflections-0.9.11.jar
2024-05-11 17:22:29,242 [AetherRepositoryConnector-repo.maven.apache.org-3-3] INFO  o.e.m.c.i.e.AbstractTransferListenerAdapter - Downloading https://repo.maven.apache.org/maven2/org/springframework/plugin/spring-plugin-metadata/1.2.0.RELEASE/spring-plugin-metadata-1.2.0.RELEASE.jar
2024-05-11 17:22:29,731 [AetherRepositoryConnector-repo.maven.apache.org-3-1] INFO  o.e.m.c.i.e.AbstractTransferListenerAdapter - Downloaded https://repo.maven.apache.org/maven2/org/springframework/plugin/spring-plugin-core/1.2.0.RELEASE/spring-plugin-core-1.2.0.RELEASE.jar
2024-05-11 17:22:31,985 [AetherRepositoryConnector-repo.maven.apache.org-3-1] INFO  o.e.m.c.i.e.AbstractTransferListenerAdapter - Downloading https://repo.maven.apache.org/maven2/org/mapstruct/mapstruct/1.1.0.Final/mapstruct-1.1.0.Final.jar
2024-05-11 17:22:32,016 [AetherRepositoryConnector-repo.maven.apache.org-3-2] INFO  o.e.m.c.i.e.AbstractTransferListenerAdapter - Downloaded https://repo.maven.apache.org/maven2/io/springfox/springfox-spring-web/2.7.0/springfox-spring-web-2.7.0.jar
2024-05-11 17:22:32,016 [AetherRepositoryConnector-repo.maven.apache.org-3-3] INFO  o.e.m.c.i.e.AbstractTransferListenerAdapter - Downloaded https://repo.maven.apache.org/maven2/org/springframework/plugin/spring-plugin-metadata/1.2.0.RELEASE/spring-plugin-metadata-1.2.0.RELEASE.jar
2024-05-11 17:22:35,965 [AetherRepositoryConnector-repo.maven.apache.org-3-2] INFO  o.e.m.c.i.e.AbstractTransferListenerAdapter - Downloading https://repo.maven.apache.org/maven2/io/springfox/springfox-swagger-ui/2.7.0/springfox-swagger-ui-2.7.0.jar
2024-05-11 17:22:38,062 [AetherRepositoryConnector-repo.maven.apache.org-3-1] INFO  o.e.m.c.i.e.AbstractTransferListenerAdapter - Downloaded https://repo.maven.apache.org/maven2/org/mapstruct/mapstruct/1.1.0.Final/mapstruct-1.1.0.Final.jar
2024-05-11 17:22:59,678 [AetherRepositoryConnector-repo.maven.apache.org-3-2] INFO  o.e.m.c.i.e.AbstractTransferListenerAdapter - Downloaded https://repo.maven.apache.org/maven2/io/springfox/springfox-swagger-ui/2.7.0/springfox-swagger-ui-2.7.0.jar
2024-05-11 17:23:01,779 [AetherRepositoryConnector-repo.maven.apache.org-3-4] INFO  o.e.m.c.i.e.AbstractTransferListenerAdapter - Downloaded https://repo.maven.apache.org/maven2/org/javassist/javassist/3.21.0-GA/javassist-3.21.0-GA.jar
2024-05-11 17:23:19,947 [AetherRepositoryConnector-repo.maven.apache.org-3-0] INFO  o.e.m.c.i.e.AbstractTransferListenerAdapter - Downloaded https://repo.maven.apache.org/maven2/com/google/guava/guava/18.0/guava-18.0.jar
2024-05-11 17:23:20,672 [Worker-59: Building] INFO  o.a.m.s.f.DefaultMavenResourcesFiltering - Copying 0 resource from src\main\resources to target\classes
2024-05-11 17:23:20,673 [Worker-59: Building] INFO  o.a.m.s.f.DefaultMavenResourcesFiltering - Copying 0 resource from src\main\resources to target\classes
2024-05-11 17:23:20,677 [Worker-59: Building] INFO  o.a.m.s.f.DefaultMavenResourcesFiltering - skip non existing resourceDirectory C:\Teck Giri\Java Fullstack Developer\Spring Framework\FirstSpringProject\student\src\test\resources
2024-05-11 17:23:21,737 [Worker-59: Download sources and javadoc] INFO  o.e.m.c.i.e.AbstractTransferListenerAdapter - Downloading https://repo.maven.apache.org/maven2/io/springfox/springfox-swagger2/2.7.0/springfox-swagger2-2.7.0-sources.jar
2024-05-11 17:23:22,739 [Worker-59: Download sources and javadoc] INFO  o.e.m.c.i.e.AbstractTransferListenerAdapter - Downloaded https://repo.maven.apache.org/maven2/io/springfox/springfox-swagger2/2.7.0/springfox-swagger2-2.7.0-sources.jar
2024-05-11 17:23:22,743 [Worker-59: Download sources and javadoc] INFO  o.e.m.j.internal.DownloadSourcesJob - Downloaded sources for io.springfox:springfox-swagger2:2.7.0
2024-05-11 17:23:22,937 [Worker-59: Download sources and javadoc] INFO  o.e.m.c.i.e.AbstractTransferListenerAdapter - Downloading https://repo.maven.apache.org/maven2/io/swagger/swagger-annotations/1.5.13/swagger-annotations-1.5.13-sources.jar
2024-05-11 17:23:23,327 [Worker-59: Download sources and javadoc] INFO  o.e.m.c.i.e.AbstractTransferListenerAdapter - Downloaded https://repo.maven.apache.org/maven2/io/swagger/swagger-annotations/1.5.13/swagger-annotations-1.5.13-sources.jar
2024-05-11 17:23:23,330 [Worker-59: Download sources and javadoc] INFO  o.e.m.j.internal.DownloadSourcesJob - Downloaded sources for io.swagger:swagger-annotations:1.5.13
2024-05-11 17:23:23,508 [Worker-59: Download sources and javadoc] INFO  o.e.m.c.i.e.AbstractTransferListenerAdapter - Downloading https://repo.maven.apache.org/maven2/io/swagger/swagger-models/1.5.13/swagger-models-1.5.13-sources.jar
2024-05-11 17:23:24,063 [Worker-59: Download sources and javadoc] INFO  o.e.m.c.i.e.AbstractTransferListenerAdapter - Downloaded https://repo.maven.apache.org/maven2/io/swagger/swagger-models/1.5.13/swagger-models-1.5.13-sources.jar
2024-05-11 17:23:24,068 [Worker-59: Download sources and javadoc] INFO  o.e.m.j.internal.DownloadSourcesJob - Downloaded sources for io.swagger:swagger-models:1.5.13
2024-05-11 17:23:24,341 [Worker-59: Download sources and javadoc] INFO  o.e.m.c.i.e.AbstractTransferListenerAdapter - Downloading https://repo.maven.apache.org/maven2/io/springfox/springfox-spi/2.7.0/springfox-spi-2.7.0-sources.jar
2024-05-11 17:23:24,725 [Worker-59: Download sources and javadoc] INFO  o.e.m.c.i.e.AbstractTransferListenerAdapter - Downloaded https://repo.maven.apache.org/maven2/io/springfox/springfox-spi/2.7.0/springfox-spi-2.7.0-sources.jar
2024-05-11 17:23:24,728 [Worker-59: Download sources and javadoc] INFO  o.e.m.j.internal.DownloadSourcesJob - Downloaded sources for io.springfox:springfox-spi:2.7.0
2024-05-11 17:23:24,897 [Worker-59: Download sources and javadoc] INFO  o.e.m.c.i.e.AbstractTransferListenerAdapter - Downloading https://repo.maven.apache.org/maven2/io/springfox/springfox-core/2.7.0/springfox-core-2.7.0-sources.jar
2024-05-11 17:23:25,166 [Worker-59: Download sources and javadoc] INFO  o.e.m.c.i.e.AbstractTransferListenerAdapter - Downloaded https://repo.maven.apache.org/maven2/io/springfox/springfox-core/2.7.0/springfox-core-2.7.0-sources.jar
2024-05-11 17:23:25,179 [Worker-59: Download sources and javadoc] INFO  o.e.m.j.internal.DownloadSourcesJob - Downloaded sources for io.springfox:springfox-core:2.7.0
2024-05-11 17:23:25,497 [Worker-59: Download sources and javadoc] INFO  o.e.m.c.i.e.AbstractTransferListenerAdapter - Downloading https://repo.maven.apache.org/maven2/io/springfox/springfox-schema/2.7.0/springfox-schema-2.7.0-sources.jar
2024-05-11 17:23:26,015 [Worker-59: Download sources and javadoc] INFO  o.e.m.c.i.e.AbstractTransferListenerAdapter - Downloaded https://repo.maven.apache.org/maven2/io/springfox/springfox-schema/2.7.0/springfox-schema-2.7.0-sources.jar
2024-05-11 17:23:26,020 [Worker-59: Download sources and javadoc] INFO  o.e.m.j.internal.DownloadSourcesJob - Downloaded sources for io.springfox:springfox-schema:2.7.0
2024-05-11 17:23:26,218 [Worker-59: Download sources and javadoc] INFO  o.e.m.c.i.e.AbstractTransferListenerAdapter - Downloading https://repo.maven.apache.org/maven2/io/springfox/springfox-swagger-common/2.7.0/springfox-swagger-common-2.7.0-sources.jar
2024-05-11 17:23:26,661 [Worker-59: Download sources and javadoc] INFO  o.e.m.c.i.e.AbstractTransferListenerAdapter - Downloaded https://repo.maven.apache.org/maven2/io/springfox/springfox-swagger-common/2.7.0/springfox-swagger-common-2.7.0-sources.jar
2024-05-11 17:23:26,664 [Worker-59: Download sources and javadoc] INFO  o.e.m.j.internal.DownloadSourcesJob - Downloaded sources for io.springfox:springfox-swagger-common:2.7.0
2024-05-11 17:23:26,836 [Worker-59: Download sources and javadoc] INFO  o.e.m.c.i.e.AbstractTransferListenerAdapter - Downloading https://repo.maven.apache.org/maven2/io/springfox/springfox-spring-web/2.7.0/springfox-spring-web-2.7.0-sources.jar
2024-05-11 17:23:27,286 [Worker-59: Download sources and javadoc] INFO  o.e.m.c.i.e.AbstractTransferListenerAdapter - Downloaded https://repo.maven.apache.org/maven2/io/springfox/springfox-spring-web/2.7.0/springfox-spring-web-2.7.0-sources.jar
2024-05-11 17:23:27,290 [Worker-59: Download sources and javadoc] INFO  o.e.m.j.internal.DownloadSourcesJob - Downloaded sources for io.springfox:springfox-spring-web:2.7.0
2024-05-11 17:23:27,469 [Worker-59: Download sources and javadoc] INFO  o.e.m.c.i.e.AbstractTransferListenerAdapter - Downloading https://repo.maven.apache.org/maven2/org/reflections/reflections/0.9.11/reflections-0.9.11-sources.jar
2024-05-11 17:23:27,586 [Worker-59: Download sources and javadoc] INFO  o.e.m.c.i.e.AbstractTransferListenerAdapter - Downloaded https://repo.maven.apache.org/maven2/org/reflections/reflections/0.9.11/reflections-0.9.11-sources.jar
2024-05-11 17:23:27,590 [Worker-59: Download sources and javadoc] INFO  o.e.m.j.internal.DownloadSourcesJob - Downloaded sources for org.reflections:reflections:0.9.11
2024-05-11 17:23:27,815 [Worker-59: Download sources and javadoc] INFO  o.e.m.c.i.e.AbstractTransferListenerAdapter - Downloading https://repo.maven.apache.org/maven2/org/javassist/javassist/3.21.0-GA/javassist-3.21.0-GA-sources.jar
2024-05-11 17:23:29,631 [Worker-59: Download sources and javadoc] INFO  o.e.m.c.i.e.AbstractTransferListenerAdapter - Downloaded https://repo.maven.apache.org/maven2/org/javassist/javassist/3.21.0-GA/javassist-3.21.0-GA-sources.jar
2024-05-11 17:23:29,635 [Worker-59: Download sources and javadoc] INFO  o.e.m.j.internal.DownloadSourcesJob - Downloaded sources for org.javassist:javassist:3.21.0-GA
2024-05-11 17:23:29,811 [Worker-59: Download sources and javadoc] INFO  o.e.m.c.i.e.AbstractTransferListenerAdapter - Downloading https://repo.maven.apache.org/maven2/com/google/guava/guava/18.0/guava-18.0-sources.jar
2024-05-11 17:23:36,353 [Worker-59: Download sources and javadoc] INFO  o.e.m.c.i.e.AbstractTransferListenerAdapter - Downloaded https://repo.maven.apache.org/maven2/com/google/guava/guava/18.0/guava-18.0-sources.jar
2024-05-11 17:23:36,360 [Worker-59: Download sources and javadoc] INFO  o.e.m.j.internal.DownloadSourcesJob - Downloaded sources for com.google.guava:guava:18.0
2024-05-11 17:23:36,577 [Worker-59: Download sources and javadoc] INFO  o.e.m.c.i.e.AbstractTransferListenerAdapter - Downloading https://repo.maven.apache.org/maven2/org/springframework/plugin/spring-plugin-core/1.2.0.RELEASE/spring-plugin-core-1.2.0.RELEASE-sources.jar
2024-05-11 17:23:36,875 [Worker-59: Download sources and javadoc] INFO  o.e.m.c.i.e.AbstractTransferListenerAdapter - Downloaded https://repo.maven.apache.org/maven2/org/springframework/plugin/spring-plugin-core/1.2.0.RELEASE/spring-plugin-core-1.2.0.RELEASE-sources.jar
2024-05-11 17:23:36,879 [Worker-59: Download sources and javadoc] INFO  o.e.m.j.internal.DownloadSourcesJob - Downloaded sources for org.springframework.plugin:spring-plugin-core:1.2.0.RELEASE
2024-05-11 17:23:37,055 [Worker-59: Download sources and javadoc] INFO  o.e.m.c.i.e.AbstractTransferListenerAdapter - Downloading https://repo.maven.apache.org/maven2/org/springframework/plugin/spring-plugin-metadata/1.2.0.RELEASE/spring-plugin-metadata-1.2.0.RELEASE-sources.jar
2024-05-11 17:23:37,176 [Worker-59: Download sources and javadoc] INFO  o.e.m.c.i.e.AbstractTransferListenerAdapter - Downloaded https://repo.maven.apache.org/maven2/org/springframework/plugin/spring-plugin-metadata/1.2.0.RELEASE/spring-plugin-metadata-1.2.0.RELEASE-sources.jar
2024-05-11 17:23:37,184 [Worker-59: Download sources and javadoc] INFO  o.e.m.j.internal.DownloadSourcesJob - Downloaded sources for org.springframework.plugin:spring-plugin-metadata:1.2.0.RELEASE
2024-05-11 17:23:37,357 [Worker-59: Download sources and javadoc] INFO  o.e.m.c.i.e.AbstractTransferListenerAdapter - Downloading https://repo.maven.apache.org/maven2/org/mapstruct/mapstruct/1.1.0.Final/mapstruct-1.1.0.Final-sources.jar
2024-05-11 17:23:37,746 [Worker-59: Download sources and javadoc] INFO  o.e.m.c.i.e.AbstractTransferListenerAdapter - Downloaded https://repo.maven.apache.org/maven2/org/mapstruct/mapstruct/1.1.0.Final/mapstruct-1.1.0.Final-sources.jar
2024-05-11 17:23:37,753 [Worker-59: Download sources and javadoc] INFO  o.e.m.j.internal.DownloadSourcesJob - Downloaded sources for org.mapstruct:mapstruct:1.1.0.Final
2024-05-11 17:23:37,927 [Worker-59: Download sources and javadoc] INFO  o.e.m.c.i.e.AbstractTransferListenerAdapter - Downloading https://repo.maven.apache.org/maven2/io/springfox/springfox-swagger-ui/2.7.0/springfox-swagger-ui-2.7.0-sources.jar
2024-05-11 17:23:38,022 [Worker-59: Download sources and javadoc] INFO  o.e.m.c.i.e.AbstractTransferListenerAdapter - Downloaded https://repo.maven.apache.org/maven2/io/springfox/springfox-swagger-ui/2.7.0/springfox-swagger-ui-2.7.0-sources.jar
2024-05-11 17:23:38,039 [Worker-59: Download sources and javadoc] INFO  o.e.m.j.internal.DownloadSourcesJob - Downloaded sources for io.springfox:springfox-swagger-ui:2.7.0
2024-05-11 17:24:08,923 [Worker-61: Building] INFO  o.a.m.s.f.DefaultMavenResourcesFiltering - Copying 1 resource from src\main\resources to target\classes
2024-05-11 17:24:08,937 [Worker-61: Building] INFO  o.a.m.s.f.DefaultMavenResourcesFiltering - Copying 0 resource from src\main\resources to target\classes
2024-05-11 17:24:08,947 [Worker-61: Building] INFO  o.a.m.s.f.DefaultMavenResourcesFiltering - skip non existing resourceDirectory C:\Teck Giri\Java Fullstack Developer\Spring Framework\FirstSpringProject\student\src\test\resources
2024-05-11 17:25:33,714 [Worker-61: Building] INFO  o.a.m.s.f.DefaultMavenResourcesFiltering - Copying 1 resource from src\main\resources to target\classes
2024-05-11 17:25:33,725 [Worker-61: Building] INFO  o.a.m.s.f.DefaultMavenResourcesFiltering - Copying 0 resource from src\main\resources to target\classes
2024-05-11 17:25:33,729 [Worker-61: Building] INFO  o.a.m.s.f.DefaultMavenResourcesFiltering - skip non existing resourceDirectory C:\Teck Giri\Java Fullstack Developer\Spring Framework\FirstSpringProject\student\src\test\resources
2024-05-11 17:25:55,357 [Worker-55: Building] INFO  o.a.m.s.f.DefaultMavenResourcesFiltering - Copying 1 resource from src\main\resources to target\classes
2024-05-11 17:25:55,365 [Worker-55: Building] INFO  o.a.m.s.f.DefaultMavenResourcesFiltering - Copying 0 resource from src\main\resources to target\classes
2024-05-11 17:25:55,368 [Worker-55: Building] INFO  o.a.m.s.f.DefaultMavenResourcesFiltering - skip non existing resourceDirectory C:\Teck Giri\Java Fullstack Developer\Spring Framework\FirstSpringProject\student\src\test\resources
2024-05-11 17:26:09,099 [Worker-63: Building] INFO  o.a.m.s.f.DefaultMavenResourcesFiltering - Copying 1 resource from src\main\resources to target\classes
2024-05-11 17:26:09,104 [Worker-63: Building] INFO  o.a.m.s.f.DefaultMavenResourcesFiltering - Copying 0 resource from src\main\resources to target\classes
2024-05-11 17:26:09,106 [Worker-63: Building] INFO  o.a.m.s.f.DefaultMavenResourcesFiltering - skip non existing resourceDirectory C:\Teck Giri\Java Fullstack Developer\Spring Framework\FirstSpringProject\student\src\test\resources
2024-05-11 17:28:47,731 [Worker-62: Building] INFO  o.a.m.s.f.DefaultMavenResourcesFiltering - Copying 1 resource from src\main\resources to target\classes
2024-05-11 17:28:47,737 [Worker-62: Building] INFO  o.a.m.s.f.DefaultMavenResourcesFiltering - Copying 0 resource from src\main\resources to target\classes
2024-05-11 17:28:47,740 [Worker-62: Building] INFO  o.a.m.s.f.DefaultMavenResourcesFiltering - skip non existing resourceDirectory C:\Teck Giri\Java Fullstack Developer\Spring Framework\FirstSpringProject\student\src\test\resources
2024-05-11 17:37:40,205 [Worker-62: Building] INFO  o.a.m.s.f.DefaultMavenResourcesFiltering - Copying 1 resource from src\main\resources to target\classes
2024-05-11 17:37:40,212 [Worker-62: Building] INFO  o.a.m.s.f.DefaultMavenResourcesFiltering - Copying 0 resource from src\main\resources to target\classes
2024-05-11 17:37:40,215 [Worker-62: Building] INFO  o.a.m.s.f.DefaultMavenResourcesFiltering - skip non existing resourceDirectory C:\Teck Giri\Java Fullstack Developer\Spring Framework\FirstSpringProject\student\src\test\resources
2024-05-11 17:42:53,799 [Worker-66: Building] INFO  o.a.m.s.f.DefaultMavenResourcesFiltering - Copying 1 resource from src\main\resources to target\classes
2024-05-11 17:42:53,810 [Worker-66: Building] INFO  o.a.m.s.f.DefaultMavenResourcesFiltering - Copying 0 resource from src\main\resources to target\classes
2024-05-11 17:42:53,814 [Worker-66: Building] INFO  o.a.m.s.f.DefaultMavenResourcesFiltering - skip non existing resourceDirectory C:\Teck Giri\Java Fullstack Developer\Spring Framework\FirstSpringProject\student\src\test\resources
2024-05-11 17:50:43,028 [Worker-70: Building] INFO  o.e.m.c.i.l.LifecycleMappingFactory - Using org.eclipse.m2e.jdt.JarLifecycleMapping lifecycle mapping for MavenProject: com.demo:student:0.0.1-SNAPSHOT @ C:\Teck Giri\Java Fullstack Developer\Spring Framework\FirstSpringProject\student\pom.xml.
2024-05-11 17:50:43,699 [Worker-70: Building] INFO  o.e.m.c.i.e.AbstractTransferListenerAdapter - Downloading https://repo.maven.apache.org/maven2/org/springdoc/springdoc-openapi-starter-webmvc-ui/2.0.0/springdoc-openapi-starter-webmvc-ui-2.0.0.pom
2024-05-11 17:50:43,807 [Worker-70: Building] INFO  o.e.m.c.i.e.AbstractTransferListenerAdapter - Downloaded https://repo.maven.apache.org/maven2/org/springdoc/springdoc-openapi-starter-webmvc-ui/2.0.0/springdoc-openapi-starter-webmvc-ui-2.0.0.pom
2024-05-11 17:50:43,901 [Worker-70: Building] INFO  o.e.m.c.i.e.AbstractTransferListenerAdapter - Downloading https://repo.maven.apache.org/maven2/org/springdoc/springdoc-openapi/2.0.0/springdoc-openapi-2.0.0.pom
2024-05-11 17:50:43,995 [Worker-70: Building] INFO  o.e.m.c.i.e.AbstractTransferListenerAdapter - Downloaded https://repo.maven.apache.org/maven2/org/springdoc/springdoc-openapi/2.0.0/springdoc-openapi-2.0.0.pom
2024-05-11 17:50:44,048 [Worker-70: Building] INFO  o.e.m.c.i.e.AbstractTransferListenerAdapter - Downloading https://repo.maven.apache.org/maven2/org/springframework/boot/spring-boot-starter-parent/3.0.0/spring-boot-starter-parent-3.0.0.pom
2024-05-11 17:50:44,501 [Worker-70: Building] INFO  o.e.m.c.i.e.AbstractTransferListenerAdapter - Downloaded https://repo.maven.apache.org/maven2/org/springframework/boot/spring-boot-starter-parent/3.0.0/spring-boot-starter-parent-3.0.0.pom
2024-05-11 17:50:44,562 [Worker-70: Building] INFO  o.e.m.c.i.e.AbstractTransferListenerAdapter - Downloading https://repo.maven.apache.org/maven2/org/springframework/boot/spring-boot-dependencies/3.0.0/spring-boot-dependencies-3.0.0.pom
2024-05-11 17:50:45,057 [Worker-70: Building] INFO  o.e.m.c.i.e.AbstractTransferListenerAdapter - Downloaded https://repo.maven.apache.org/maven2/org/springframework/boot/spring-boot-dependencies/3.0.0/spring-boot-dependencies-3.0.0.pom
2024-05-11 17:50:45,113 [Worker-70: Building] INFO  o.e.m.c.i.e.AbstractTransferListenerAdapter - Downloading https://repo.maven.apache.org/maven2/io/zipkin/brave/brave-bom/5.14.1/brave-bom-5.14.1.pom
2024-05-11 17:50:45,237 [Worker-70: Building] INFO  o.e.m.c.i.e.AbstractTransferListenerAdapter - Downloaded https://repo.maven.apache.org/maven2/io/zipkin/brave/brave-bom/5.14.1/brave-bom-5.14.1.pom
2024-05-11 17:50:45,303 [Worker-70: Building] INFO  o.e.m.c.i.e.AbstractTransferListenerAdapter - Downloading https://repo.maven.apache.org/maven2/com/datastax/oss/java-driver-bom/4.15.0/java-driver-bom-4.15.0.pom
2024-05-11 17:50:45,445 [Worker-70: Building] INFO  o.e.m.c.i.e.AbstractTransferListenerAdapter - Downloaded https://repo.maven.apache.org/maven2/com/datastax/oss/java-driver-bom/4.15.0/java-driver-bom-4.15.0.pom
2024-05-11 17:50:45,512 [Worker-70: Building] INFO  o.e.m.c.i.e.AbstractTransferListenerAdapter - Downloading https://repo.maven.apache.org/maven2/io/dropwizard/metrics/metrics-bom/4.2.13/metrics-bom-4.2.13.pom
2024-05-11 17:50:45,592 [Worker-70: Building] INFO  o.e.m.c.i.e.AbstractTransferListenerAdapter - Downloaded https://repo.maven.apache.org/maven2/io/dropwizard/metrics/metrics-bom/4.2.13/metrics-bom-4.2.13.pom
2024-05-11 17:50:45,641 [Worker-70: Building] INFO  o.e.m.c.i.e.AbstractTransferListenerAdapter - Downloading https://repo.maven.apache.org/maven2/io/dropwizard/metrics/metrics-parent/4.2.13/metrics-parent-4.2.13.pom
2024-05-11 17:50:46,149 [Worker-70: Building] INFO  o.e.m.c.i.e.AbstractTransferListenerAdapter - Downloaded https://repo.maven.apache.org/maven2/io/dropwizard/metrics/metrics-parent/4.2.13/metrics-parent-4.2.13.pom
2024-05-11 17:50:46,195 [Worker-70: Building] INFO  o.e.m.c.i.e.AbstractTransferListenerAdapter - Downloading https://repo.maven.apache.org/maven2/org/glassfish/jaxb/jaxb-bom/4.0.1/jaxb-bom-4.0.1.pom
2024-05-11 17:50:46,429 [Worker-70: Building] INFO  o.e.m.c.i.e.AbstractTransferListenerAdapter - Downloaded https://repo.maven.apache.org/maven2/org/glassfish/jaxb/jaxb-bom/4.0.1/jaxb-bom-4.0.1.pom
2024-05-11 17:50:46,477 [Worker-70: Building] INFO  o.e.m.c.i.e.AbstractTransferListenerAdapter - Downloading https://repo.maven.apache.org/maven2/org/apache/groovy/groovy-bom/4.0.6/groovy-bom-4.0.6.pom
2024-05-11 17:50:47,058 [Worker-70: Building] INFO  o.e.m.c.i.e.AbstractTransferListenerAdapter - Downloaded https://repo.maven.apache.org/maven2/org/apache/groovy/groovy-bom/4.0.6/groovy-bom-4.0.6.pom
2024-05-11 17:50:47,101 [Worker-70: Building] INFO  o.e.m.c.i.e.AbstractTransferListenerAdapter - Downloading https://repo.maven.apache.org/maven2/org/infinispan/infinispan-bom/14.0.2.Final/infinispan-bom-14.0.2.Final.pom
2024-05-11 17:50:47,367 [Worker-70: Building] INFO  o.e.m.c.i.e.AbstractTransferListenerAdapter - Downloaded https://repo.maven.apache.org/maven2/org/infinispan/infinispan-bom/14.0.2.Final/infinispan-bom-14.0.2.Final.pom
2024-05-11 17:50:47,552 [Worker-70: Building] INFO  o.e.m.c.i.e.AbstractTransferListenerAdapter - Downloading https://repo.maven.apache.org/maven2/org/infinispan/infinispan-build-configuration-parent/14.0.2.Final/infinispan-build-configuration-parent-14.0.2.Final.pom
2024-05-11 17:50:47,670 [Worker-70: Building] INFO  o.e.m.c.i.e.AbstractTransferListenerAdapter - Downloaded https://repo.maven.apache.org/maven2/org/infinispan/infinispan-build-configuration-parent/14.0.2.Final/infinispan-build-configuration-parent-14.0.2.Final.pom
2024-05-11 17:50:47,812 [Worker-70: Building] INFO  o.e.m.c.i.e.AbstractTransferListenerAdapter - Downloading https://repo.maven.apache.org/maven2/com/fasterxml/jackson/jackson-bom/2.13.4/jackson-bom-2.13.4.pom
2024-05-11 17:50:47,877 [Worker-70: Building] INFO  o.e.m.c.i.e.AbstractTransferListenerAdapter - Downloaded https://repo.maven.apache.org/maven2/com/fasterxml/jackson/jackson-bom/2.13.4/jackson-bom-2.13.4.pom
2024-05-11 17:50:47,934 [Worker-70: Building] INFO  o.e.m.c.i.e.AbstractTransferListenerAdapter - Downloading https://repo.maven.apache.org/maven2/com/fasterxml/jackson/jackson-parent/2.13/jackson-parent-2.13.pom
2024-05-11 17:50:48,291 [Worker-70: Building] INFO  o.e.m.c.i.e.AbstractTransferListenerAdapter - Downloaded https://repo.maven.apache.org/maven2/com/fasterxml/jackson/jackson-parent/2.13/jackson-parent-2.13.pom
2024-05-11 17:50:48,337 [Worker-70: Building] INFO  o.e.m.c.i.e.AbstractTransferListenerAdapter - Downloading https://repo.maven.apache.org/maven2/com/fasterxml/oss-parent/43/oss-parent-43.pom
2024-05-11 17:50:48,814 [Worker-70: Building] INFO  o.e.m.c.i.e.AbstractTransferListenerAdapter - Downloaded https://repo.maven.apache.org/maven2/com/fasterxml/oss-parent/43/oss-parent-43.pom
2024-05-11 17:50:48,855 [Worker-70: Building] INFO  o.e.m.c.i.e.AbstractTransferListenerAdapter - Downloading https://repo.maven.apache.org/maven2/org/glassfish/jersey/jersey-bom/3.1.0/jersey-bom-3.1.0.pom
2024-05-11 17:50:49,215 [Worker-70: Building] INFO  o.e.m.c.i.e.AbstractTransferListenerAdapter - Downloaded https://repo.maven.apache.org/maven2/org/glassfish/jersey/jersey-bom/3.1.0/jersey-bom-3.1.0.pom
2024-05-11 17:50:49,274 [Worker-70: Building] INFO  o.e.m.c.i.e.AbstractTransferListenerAdapter - Downloading https://repo.maven.apache.org/maven2/org/eclipse/jetty/jetty-bom/11.0.12/jetty-bom-11.0.12.pom
2024-05-11 17:50:49,699 [Worker-70: Building] INFO  o.e.m.c.i.e.AbstractTransferListenerAdapter - Downloaded https://repo.maven.apache.org/maven2/org/eclipse/jetty/jetty-bom/11.0.12/jetty-bom-11.0.12.pom
2024-05-11 17:50:49,762 [Worker-70: Building] INFO  o.e.m.c.i.e.AbstractTransferListenerAdapter - Downloading https://repo.maven.apache.org/maven2/org/jetbrains/kotlin/kotlin-bom/1.7.21/kotlin-bom-1.7.21.pom
2024-05-11 17:50:49,959 [Worker-70: Building] INFO  o.e.m.c.i.e.AbstractTransferListenerAdapter - Downloaded https://repo.maven.apache.org/maven2/org/jetbrains/kotlin/kotlin-bom/1.7.21/kotlin-bom-1.7.21.pom
2024-05-11 17:50:50,023 [Worker-70: Building] INFO  o.e.m.c.i.e.AbstractTransferListenerAdapter - Downloading https://repo.maven.apache.org/maven2/org/jetbrains/kotlinx/kotlinx-coroutines-bom/1.6.4/kotlinx-coroutines-bom-1.6.4.pom
2024-05-11 17:50:50,141 [Worker-70: Building] INFO  o.e.m.c.i.e.AbstractTransferListenerAdapter - Downloaded https://repo.maven.apache.org/maven2/org/jetbrains/kotlinx/kotlinx-coroutines-bom/1.6.4/kotlinx-coroutines-bom-1.6.4.pom
2024-05-11 17:50:50,209 [Worker-70: Building] INFO  o.e.m.c.i.e.AbstractTransferListenerAdapter - Downloading https://repo.maven.apache.org/maven2/org/apache/logging/log4j/log4j-bom/2.19.0/log4j-bom-2.19.0.pom
2024-05-11 17:50:50,448 [Worker-70: Building] INFO  o.e.m.c.i.e.AbstractTransferListenerAdapter - Downloaded https://repo.maven.apache.org/maven2/org/apache/logging/log4j/log4j-bom/2.19.0/log4j-bom-2.19.0.pom
2024-05-11 17:50:50,493 [Worker-70: Building] INFO  o.e.m.c.i.e.AbstractTransferListenerAdapter - Downloading https://repo.maven.apache.org/maven2/org/apache/logging/logging-parent/5/logging-parent-5.pom
2024-05-11 17:50:50,594 [Worker-70: Building] INFO  o.e.m.c.i.e.AbstractTransferListenerAdapter - Downloaded https://repo.maven.apache.org/maven2/org/apache/logging/logging-parent/5/logging-parent-5.pom
2024-05-11 17:50:50,632 [Worker-70: Building] INFO  o.e.m.c.i.e.AbstractTransferListenerAdapter - Downloading https://repo.maven.apache.org/maven2/org/apache/apache/24/apache-24.pom
2024-05-11 17:50:50,859 [Worker-70: Building] INFO  o.e.m.c.i.e.AbstractTransferListenerAdapter - Downloaded https://repo.maven.apache.org/maven2/org/apache/apache/24/apache-24.pom
2024-05-11 17:50:50,913 [Worker-70: Building] INFO  o.e.m.c.i.e.AbstractTransferListenerAdapter - Downloading https://repo.maven.apache.org/maven2/io/micrometer/micrometer-bom/1.10.2/micrometer-bom-1.10.2.pom
2024-05-11 17:50:51,040 [Worker-70: Building] INFO  o.e.m.c.i.e.AbstractTransferListenerAdapter - Downloaded https://repo.maven.apache.org/maven2/io/micrometer/micrometer-bom/1.10.2/micrometer-bom-1.10.2.pom
2024-05-11 17:50:51,122 [Worker-70: Building] INFO  o.e.m.c.i.e.AbstractTransferListenerAdapter - Downloading https://repo.maven.apache.org/maven2/io/micrometer/micrometer-tracing-bom/1.0.0/micrometer-tracing-bom-1.0.0.pom
2024-05-11 17:50:51,310 [Worker-70: Building] INFO  o.e.m.c.i.e.AbstractTransferListenerAdapter - Downloaded https://repo.maven.apache.org/maven2/io/micrometer/micrometer-tracing-bom/1.0.0/micrometer-tracing-bom-1.0.0.pom
2024-05-11 17:50:52,784 [Worker-70: Building] INFO  o.e.m.c.i.e.AbstractTransferListenerAdapter - Downloaded https://repo.spring.io/release/io/micrometer/micrometer-bom/1.10.0/micrometer-bom-1.10.0.pom
2024-05-11 17:50:54,104 [Worker-70: Building] INFO  o.e.m.c.i.e.AbstractTransferListenerAdapter - Downloaded https://repo.spring.io/snapshot/io/micrometer/micrometer-bom/1.10.0/micrometer-bom-1.10.0.pom
2024-05-11 17:50:55,506 [Worker-70: Building] INFO  o.e.m.c.i.e.AbstractTransferListenerAdapter - Downloaded https://repo.spring.io/milestone/io/micrometer/micrometer-bom/1.10.0/micrometer-bom-1.10.0.pom
2024-05-11 17:50:55,565 [Worker-70: Building] INFO  o.e.m.c.i.e.AbstractTransferListenerAdapter - Downloading https://repo.maven.apache.org/maven2/io/micrometer/micrometer-bom/1.10.0/micrometer-bom-1.10.0.pom
2024-05-11 17:50:55,812 [Worker-70: Building] INFO  o.e.m.c.i.e.AbstractTransferListenerAdapter - Downloaded https://repo.maven.apache.org/maven2/io/micrometer/micrometer-bom/1.10.0/micrometer-bom-1.10.0.pom
2024-05-11 17:50:55,863 [Worker-70: Building] INFO  o.e.m.c.i.e.AbstractTransferListenerAdapter - Downloading https://repo.maven.apache.org/maven2/org/mockito/mockito-bom/4.8.1/mockito-bom-4.8.1.pom
2024-05-11 17:50:55,994 [Worker-70: Building] INFO  o.e.m.c.i.e.AbstractTransferListenerAdapter - Downloaded https://repo.maven.apache.org/maven2/org/mockito/mockito-bom/4.8.1/mockito-bom-4.8.1.pom
2024-05-11 17:50:56,044 [Worker-70: Building] INFO  o.e.m.c.i.e.AbstractTransferListenerAdapter - Downloading https://repo.maven.apache.org/maven2/io/netty/netty-bom/4.1.85.Final/netty-bom-4.1.85.Final.pom
2024-05-11 17:50:56,247 [Worker-70: Building] INFO  o.e.m.c.i.e.AbstractTransferListenerAdapter - Downloaded https://repo.maven.apache.org/maven2/io/netty/netty-bom/4.1.85.Final/netty-bom-4.1.85.Final.pom
2024-05-11 17:50:56,293 [Worker-70: Building] INFO  o.e.m.c.i.e.AbstractTransferListenerAdapter - Downloading https://repo.maven.apache.org/maven2/com/squareup/okhttp3/okhttp-bom/4.10.0/okhttp-bom-4.10.0.pom
2024-05-11 17:50:56,396 [Worker-70: Building] INFO  o.e.m.c.i.e.AbstractTransferListenerAdapter - Downloaded https://repo.maven.apache.org/maven2/com/squareup/okhttp3/okhttp-bom/4.10.0/okhttp-bom-4.10.0.pom
2024-05-11 17:50:56,453 [Worker-70: Building] INFO  o.e.m.c.i.e.AbstractTransferListenerAdapter - Downloading https://repo.maven.apache.org/maven2/io/opentelemetry/opentelemetry-bom/1.19.0/opentelemetry-bom-1.19.0.pom
2024-05-11 17:50:56,571 [Worker-70: Building] INFO  o.e.m.c.i.e.AbstractTransferListenerAdapter - Downloaded https://repo.maven.apache.org/maven2/io/opentelemetry/opentelemetry-bom/1.19.0/opentelemetry-bom-1.19.0.pom
2024-05-11 17:50:56,624 [Worker-70: Building] INFO  o.e.m.c.i.e.AbstractTransferListenerAdapter - Downloading https://repo.maven.apache.org/maven2/com/oracle/database/jdbc/ojdbc-bom/21.7.0.0/ojdbc-bom-21.7.0.0.pom
2024-05-11 17:50:56,795 [Worker-70: Building] INFO  o.e.m.c.i.e.AbstractTransferListenerAdapter - Downloaded https://repo.maven.apache.org/maven2/com/oracle/database/jdbc/ojdbc-bom/21.7.0.0/ojdbc-bom-21.7.0.0.pom
2024-05-11 17:50:56,856 [Worker-70: Building] INFO  o.e.m.c.i.e.AbstractTransferListenerAdapter - Downloading https://repo.maven.apache.org/maven2/io/projectreactor/reactor-bom/2022.0.0/reactor-bom-2022.0.0.pom
2024-05-11 17:50:56,937 [Worker-70: Building] INFO  o.e.m.c.i.e.AbstractTransferListenerAdapter - Downloaded https://repo.maven.apache.org/maven2/io/projectreactor/reactor-bom/2022.0.0/reactor-bom-2022.0.0.pom
2024-05-11 17:50:57,001 [Worker-70: Building] INFO  o.e.m.c.i.e.AbstractTransferListenerAdapter - Downloading https://repo.maven.apache.org/maven2/io/rest-assured/rest-assured-bom/5.2.1/rest-assured-bom-5.2.1.pom
2024-05-11 17:50:57,058 [Worker-70: Building] INFO  o.e.m.c.i.e.AbstractTransferListenerAdapter - Downloaded https://repo.maven.apache.org/maven2/io/rest-assured/rest-assured-bom/5.2.1/rest-assured-bom-5.2.1.pom
2024-05-11 17:50:57,104 [Worker-70: Building] INFO  o.e.m.c.i.e.AbstractTransferListenerAdapter - Downloading https://repo.maven.apache.org/maven2/org/springframework/batch/spring-batch-bom/5.0.0/spring-batch-bom-5.0.0.pom
2024-05-11 17:50:57,210 [Worker-70: Building] INFO  o.e.m.c.i.e.AbstractTransferListenerAdapter - Downloaded https://repo.maven.apache.org/maven2/org/springframework/batch/spring-batch-bom/5.0.0/spring-batch-bom-5.0.0.pom
2024-05-11 17:50:57,264 [Worker-70: Building] INFO  o.e.m.c.i.e.AbstractTransferListenerAdapter - Downloading https://repo.maven.apache.org/maven2/org/springframework/data/spring-data-bom/2022.0.0/spring-data-bom-2022.0.0.pom
2024-05-11 17:50:57,365 [Worker-70: Building] INFO  o.e.m.c.i.e.AbstractTransferListenerAdapter - Downloaded https://repo.maven.apache.org/maven2/org/springframework/data/spring-data-bom/2022.0.0/spring-data-bom-2022.0.0.pom
2024-05-11 17:50:57,413 [Worker-70: Building] INFO  o.e.m.c.i.e.AbstractTransferListenerAdapter - Downloading https://repo.maven.apache.org/maven2/org/springframework/spring-framework-bom/6.0.2/spring-framework-bom-6.0.2.pom
2024-05-11 17:50:57,563 [Worker-70: Building] INFO  o.e.m.c.i.e.AbstractTransferListenerAdapter - Downloaded https://repo.maven.apache.org/maven2/org/springframework/spring-framework-bom/6.0.2/spring-framework-bom-6.0.2.pom
2024-05-11 17:50:57,614 [Worker-70: Building] INFO  o.e.m.c.i.e.AbstractTransferListenerAdapter - Downloading https://repo.maven.apache.org/maven2/org/springframework/integration/spring-integration-bom/6.0.0/spring-integration-bom-6.0.0.pom
2024-05-11 17:50:57,765 [Worker-70: Building] INFO  o.e.m.c.i.e.AbstractTransferListenerAdapter - Downloaded https://repo.maven.apache.org/maven2/org/springframework/integration/spring-integration-bom/6.0.0/spring-integration-bom-6.0.0.pom
2024-05-11 17:50:57,801 [Worker-70: Building] INFO  o.e.m.c.i.e.AbstractTransferListenerAdapter - Downloading https://repo.maven.apache.org/maven2/org/springframework/restdocs/spring-restdocs-bom/3.0.0/spring-restdocs-bom-3.0.0.pom
2024-05-11 17:50:57,862 [Worker-70: Building] INFO  o.e.m.c.i.e.AbstractTransferListenerAdapter - Downloaded https://repo.maven.apache.org/maven2/org/springframework/restdocs/spring-restdocs-bom/3.0.0/spring-restdocs-bom-3.0.0.pom
2024-05-11 17:50:57,922 [Worker-70: Building] INFO  o.e.m.c.i.e.AbstractTransferListenerAdapter - Downloading https://repo.maven.apache.org/maven2/org/springframework/security/spring-security-bom/6.0.0/spring-security-bom-6.0.0.pom
2024-05-11 17:50:58,032 [Worker-70: Building] INFO  o.e.m.c.i.e.AbstractTransferListenerAdapter - Downloaded https://repo.maven.apache.org/maven2/org/springframework/security/spring-security-bom/6.0.0/spring-security-bom-6.0.0.pom
2024-05-11 17:50:58,093 [Worker-70: Building] INFO  o.e.m.c.i.e.AbstractTransferListenerAdapter - Downloading https://repo.maven.apache.org/maven2/org/springframework/session/spring-session-bom/3.0.0/spring-session-bom-3.0.0.pom
2024-05-11 17:50:58,179 [Worker-70: Building] INFO  o.e.m.c.i.e.AbstractTransferListenerAdapter - Downloaded https://repo.maven.apache.org/maven2/org/springframework/session/spring-session-bom/3.0.0/spring-session-bom-3.0.0.pom
2024-05-11 17:50:58,238 [Worker-70: Building] INFO  o.e.m.c.i.e.AbstractTransferListenerAdapter - Downloading https://repo.maven.apache.org/maven2/org/springdoc/springdoc-openapi-starter-webmvc-api/2.0.0/springdoc-openapi-starter-webmvc-api-2.0.0.pom
2024-05-11 17:50:58,300 [Worker-70: Building] INFO  o.e.m.c.i.e.AbstractTransferListenerAdapter - Downloaded https://repo.maven.apache.org/maven2/org/springdoc/springdoc-openapi-starter-webmvc-api/2.0.0/springdoc-openapi-starter-webmvc-api-2.0.0.pom
2024-05-11 17:50:58,379 [Worker-70: Building] INFO  o.e.m.c.i.e.AbstractTransferListenerAdapter - Downloading https://repo.maven.apache.org/maven2/org/springdoc/springdoc-openapi-starter-common/2.0.0/springdoc-openapi-starter-common-2.0.0.pom
2024-05-11 17:50:58,485 [Worker-70: Building] INFO  o.e.m.c.i.e.AbstractTransferListenerAdapter - Downloaded https://repo.maven.apache.org/maven2/org/springdoc/springdoc-openapi-starter-common/2.0.0/springdoc-openapi-starter-common-2.0.0.pom
2024-05-11 17:50:58,565 [Worker-70: Building] INFO  o.e.m.c.i.e.AbstractTransferListenerAdapter - Downloading https://repo.maven.apache.org/maven2/io/swagger/core/v3/swagger-core-jakarta/2.2.7/swagger-core-jakarta-2.2.7.pom
2024-05-11 17:50:58,695 [Worker-70: Building] INFO  o.e.m.c.i.e.AbstractTransferListenerAdapter - Downloaded https://repo.maven.apache.org/maven2/io/swagger/core/v3/swagger-core-jakarta/2.2.7/swagger-core-jakarta-2.2.7.pom
2024-05-11 17:50:58,779 [Worker-70: Building] INFO  o.e.m.c.i.e.AbstractTransferListenerAdapter - Downloading https://repo.maven.apache.org/maven2/io/swagger/core/v3/swagger-project-jakarta/2.2.7/swagger-project-jakarta-2.2.7.pom
2024-05-11 17:50:59,150 [Worker-70: Building] INFO  o.e.m.c.i.e.AbstractTransferListenerAdapter - Downloaded https://repo.maven.apache.org/maven2/io/swagger/core/v3/swagger-project-jakarta/2.2.7/swagger-project-jakarta-2.2.7.pom
2024-05-11 17:50:59,192 [Worker-70: Building] INFO  o.e.m.c.i.e.AbstractTransferListenerAdapter - Downloading https://repo.maven.apache.org/maven2/org/apache/commons/commons-lang3/3.13.0/commons-lang3-3.13.0.pom
2024-05-11 17:50:59,472 [Worker-70: Building] INFO  o.e.m.c.i.e.AbstractTransferListenerAdapter - Downloaded https://repo.maven.apache.org/maven2/org/apache/commons/commons-lang3/3.13.0/commons-lang3-3.13.0.pom
2024-05-11 17:50:59,512 [Worker-70: Building] INFO  o.e.m.c.i.e.AbstractTransferListenerAdapter - Downloading https://repo.maven.apache.org/maven2/org/apache/commons/commons-parent/58/commons-parent-58.pom
2024-05-11 17:51:00,136 [Worker-70: Building] INFO  o.e.m.c.i.e.AbstractTransferListenerAdapter - Downloaded https://repo.maven.apache.org/maven2/org/apache/commons/commons-parent/58/commons-parent-58.pom
2024-05-11 17:51:00,195 [Worker-70: Building] INFO  o.e.m.c.i.e.AbstractTransferListenerAdapter - Downloading https://repo.maven.apache.org/maven2/io/swagger/core/v3/swagger-annotations-jakarta/2.2.7/swagger-annotations-jakarta-2.2.7.pom
2024-05-11 17:51:00,268 [Worker-70: Building] INFO  o.e.m.c.i.e.AbstractTransferListenerAdapter - Downloaded https://repo.maven.apache.org/maven2/io/swagger/core/v3/swagger-annotations-jakarta/2.2.7/swagger-annotations-jakarta-2.2.7.pom
2024-05-11 17:51:00,325 [Worker-70: Building] INFO  o.e.m.c.i.e.AbstractTransferListenerAdapter - Downloading https://repo.maven.apache.org/maven2/io/swagger/core/v3/swagger-models-jakarta/2.2.7/swagger-models-jakarta-2.2.7.pom
2024-05-11 17:51:00,382 [Worker-70: Building] INFO  o.e.m.c.i.e.AbstractTransferListenerAdapter - Downloaded https://repo.maven.apache.org/maven2/io/swagger/core/v3/swagger-models-jakarta/2.2.7/swagger-models-jakarta-2.2.7.pom
2024-05-11 17:51:00,444 [Worker-70: Building] INFO  o.e.m.c.i.e.AbstractTransferListenerAdapter - Downloading https://repo.maven.apache.org/maven2/jakarta/validation/jakarta.validation-api/3.0.2/jakarta.validation-api-3.0.2.pom
2024-05-11 17:51:00,639 [Worker-70: Building] INFO  o.e.m.c.i.e.AbstractTransferListenerAdapter - Downloaded https://repo.maven.apache.org/maven2/jakarta/validation/jakarta.validation-api/3.0.2/jakarta.validation-api-3.0.2.pom
2024-05-11 17:51:00,719 [Worker-70: Building] INFO  o.e.m.c.i.e.AbstractTransferListenerAdapter - Downloading https://repo.maven.apache.org/maven2/com/fasterxml/jackson/dataformat/jackson-dataformat-yaml/2.15.4/jackson-dataformat-yaml-2.15.4.pom
2024-05-11 17:51:00,819 [Worker-70: Building] INFO  o.e.m.c.i.e.AbstractTransferListenerAdapter - Downloaded https://repo.maven.apache.org/maven2/com/fasterxml/jackson/dataformat/jackson-dataformat-yaml/2.15.4/jackson-dataformat-yaml-2.15.4.pom
2024-05-11 17:51:00,943 [Worker-70: Building] INFO  o.e.m.c.i.e.AbstractTransferListenerAdapter - Downloading https://repo.maven.apache.org/maven2/com/fasterxml/jackson/dataformat/jackson-dataformats-text/2.15.4/jackson-dataformats-text-2.15.4.pom
2024-05-11 17:51:01,028 [Worker-70: Building] INFO  o.e.m.c.i.e.AbstractTransferListenerAdapter - Downloaded https://repo.maven.apache.org/maven2/com/fasterxml/jackson/dataformat/jackson-dataformats-text/2.15.4/jackson-dataformats-text-2.15.4.pom
2024-05-11 17:51:01,088 [Worker-70: Building] INFO  o.e.m.c.i.e.AbstractTransferListenerAdapter - Downloading https://repo.maven.apache.org/maven2/org/webjars/swagger-ui/4.15.5/swagger-ui-4.15.5.pom
2024-05-11 17:51:01,225 [Worker-70: Building] INFO  o.e.m.c.i.e.AbstractTransferListenerAdapter - Downloaded https://repo.maven.apache.org/maven2/org/webjars/swagger-ui/4.15.5/swagger-ui-4.15.5.pom
2024-05-11 17:51:01,295 [Worker-70: Building] INFO  o.e.m.c.i.e.AbstractTransferListenerAdapter - Downloading https://repo.maven.apache.org/maven2/org/webjars/webjars-locator-core/0.55/webjars-locator-core-0.55.pom
2024-05-11 17:51:01,450 [Worker-70: Building] INFO  o.e.m.c.i.e.AbstractTransferListenerAdapter - Downloaded https://repo.maven.apache.org/maven2/org/webjars/webjars-locator-core/0.55/webjars-locator-core-0.55.pom
2024-05-11 17:51:01,496 [Worker-70: Building] INFO  o.e.m.c.i.e.AbstractTransferListenerAdapter - Downloading https://repo.maven.apache.org/maven2/io/github/classgraph/classgraph/4.8.149/classgraph-4.8.149.pom
2024-05-11 17:51:01,716 [Worker-70: Building] INFO  o.e.m.c.i.e.AbstractTransferListenerAdapter - Downloaded https://repo.maven.apache.org/maven2/io/github/classgraph/classgraph/4.8.149/classgraph-4.8.149.pom
2024-05-11 17:51:01,884 [AetherRepositoryConnector-repo.maven.apache.org-4-0] INFO  o.e.m.c.i.e.AbstractTransferListenerAdapter - Downloading https://repo.maven.apache.org/maven2/org/springdoc/springdoc-openapi-starter-webmvc-ui/2.0.0/springdoc-openapi-starter-webmvc-ui-2.0.0.jar
2024-05-11 17:51:02,001 [AetherRepositoryConnector-repo.maven.apache.org-4-2] INFO  o.e.m.c.i.e.AbstractTransferListenerAdapter - Downloading https://repo.maven.apache.org/maven2/org/springdoc/springdoc-openapi-starter-common/2.0.0/springdoc-openapi-starter-common-2.0.0.jar
2024-05-11 17:51:02,838 [AetherRepositoryConnector-repo.maven.apache.org-4-3] INFO  o.e.m.c.i.e.AbstractTransferListenerAdapter - Downloading https://repo.maven.apache.org/maven2/io/swagger/core/v3/swagger-core-jakarta/2.2.7/swagger-core-jakarta-2.2.7.jar
2024-05-11 17:51:02,838 [AetherRepositoryConnector-repo.maven.apache.org-4-1] INFO  o.e.m.c.i.e.AbstractTransferListenerAdapter - Downloading https://repo.maven.apache.org/maven2/org/springdoc/springdoc-openapi-starter-webmvc-api/2.0.0/springdoc-openapi-starter-webmvc-api-2.0.0.jar
2024-05-11 17:51:02,838 [AetherRepositoryConnector-repo.maven.apache.org-4-4] INFO  o.e.m.c.i.e.AbstractTransferListenerAdapter - Downloading https://repo.maven.apache.org/maven2/org/apache/commons/commons-lang3/3.13.0/commons-lang3-3.13.0.jar
2024-05-11 17:51:03,269 [AetherRepositoryConnector-repo.maven.apache.org-4-0] INFO  o.e.m.c.i.e.AbstractTransferListenerAdapter - Downloaded https://repo.maven.apache.org/maven2/org/springdoc/springdoc-openapi-starter-webmvc-ui/2.0.0/springdoc-openapi-starter-webmvc-ui-2.0.0.jar
2024-05-11 17:51:03,787 [AetherRepositoryConnector-repo.maven.apache.org-4-0] INFO  o.e.m.c.i.e.AbstractTransferListenerAdapter - Downloading https://repo.maven.apache.org/maven2/io/swagger/core/v3/swagger-annotations-jakarta/2.2.7/swagger-annotations-jakarta-2.2.7.jar
2024-05-11 17:51:05,370 [AetherRepositoryConnector-repo.maven.apache.org-4-1] INFO  o.e.m.c.i.e.AbstractTransferListenerAdapter - Downloaded https://repo.maven.apache.org/maven2/org/springdoc/springdoc-openapi-starter-webmvc-api/2.0.0/springdoc-openapi-starter-webmvc-api-2.0.0.jar
2024-05-11 17:51:06,253 [AetherRepositoryConnector-repo.maven.apache.org-4-1] INFO  o.e.m.c.i.e.AbstractTransferListenerAdapter - Downloading https://repo.maven.apache.org/maven2/io/swagger/core/v3/swagger-models-jakarta/2.2.7/swagger-models-jakarta-2.2.7.jar
2024-05-11 17:51:06,277 [AetherRepositoryConnector-repo.maven.apache.org-4-0] INFO  o.e.m.c.i.e.AbstractTransferListenerAdapter - Downloaded https://repo.maven.apache.org/maven2/io/swagger/core/v3/swagger-annotations-jakarta/2.2.7/swagger-annotations-jakarta-2.2.7.jar
2024-05-11 17:51:07,103 [AetherRepositoryConnector-repo.maven.apache.org-4-0] INFO  o.e.m.c.i.e.AbstractTransferListenerAdapter - Downloading https://repo.maven.apache.org/maven2/jakarta/validation/jakarta.validation-api/3.0.2/jakarta.validation-api-3.0.2.jar
2024-05-11 17:51:08,931 [AetherRepositoryConnector-repo.maven.apache.org-4-3] INFO  o.e.m.c.i.e.AbstractTransferListenerAdapter - Downloaded https://repo.maven.apache.org/maven2/io/swagger/core/v3/swagger-core-jakarta/2.2.7/swagger-core-jakarta-2.2.7.jar
2024-05-11 17:51:10,045 [AetherRepositoryConnector-repo.maven.apache.org-4-3] INFO  o.e.m.c.i.e.AbstractTransferListenerAdapter - Downloading https://repo.maven.apache.org/maven2/com/fasterxml/jackson/dataformat/jackson-dataformat-yaml/2.15.4/jackson-dataformat-yaml-2.15.4.jar
2024-05-11 17:51:10,179 [AetherRepositoryConnector-repo.maven.apache.org-4-1] INFO  o.e.m.c.i.e.AbstractTransferListenerAdapter - Downloaded https://repo.maven.apache.org/maven2/io/swagger/core/v3/swagger-models-jakarta/2.2.7/swagger-models-jakarta-2.2.7.jar
2024-05-11 17:51:10,806 [AetherRepositoryConnector-repo.maven.apache.org-4-1] INFO  o.e.m.c.i.e.AbstractTransferListenerAdapter - Downloading https://repo.maven.apache.org/maven2/org/webjars/swagger-ui/4.15.5/swagger-ui-4.15.5.jar
2024-05-11 17:51:10,821 [AetherRepositoryConnector-repo.maven.apache.org-4-0] INFO  o.e.m.c.i.e.AbstractTransferListenerAdapter - Downloaded https://repo.maven.apache.org/maven2/jakarta/validation/jakarta.validation-api/3.0.2/jakarta.validation-api-3.0.2.jar
2024-05-11 17:51:10,821 [AetherRepositoryConnector-repo.maven.apache.org-4-2] INFO  o.e.m.c.i.e.AbstractTransferListenerAdapter - Downloaded https://repo.maven.apache.org/maven2/org/springdoc/springdoc-openapi-starter-common/2.0.0/springdoc-openapi-starter-common-2.0.0.jar
2024-05-11 17:51:11,693 [AetherRepositoryConnector-repo.maven.apache.org-4-2] INFO  o.e.m.c.i.e.AbstractTransferListenerAdapter - Downloading https://repo.maven.apache.org/maven2/io/github/classgraph/classgraph/4.8.149/classgraph-4.8.149.jar
2024-05-11 17:51:11,693 [AetherRepositoryConnector-repo.maven.apache.org-4-0] INFO  o.e.m.c.i.e.AbstractTransferListenerAdapter - Downloading https://repo.maven.apache.org/maven2/org/webjars/webjars-locator-core/0.55/webjars-locator-core-0.55.jar
2024-05-11 17:51:11,715 [AetherRepositoryConnector-repo.maven.apache.org-4-3] INFO  o.e.m.c.i.e.AbstractTransferListenerAdapter - Downloaded https://repo.maven.apache.org/maven2/com/fasterxml/jackson/dataformat/jackson-dataformat-yaml/2.15.4/jackson-dataformat-yaml-2.15.4.jar
2024-05-11 17:51:13,507 [AetherRepositoryConnector-repo.maven.apache.org-4-0] INFO  o.e.m.c.i.e.AbstractTransferListenerAdapter - Downloaded https://repo.maven.apache.org/maven2/org/webjars/webjars-locator-core/0.55/webjars-locator-core-0.55.jar
2024-05-11 17:51:16,782 [AetherRepositoryConnector-repo.maven.apache.org-4-4] INFO  o.e.m.c.i.e.AbstractTransferListenerAdapter - Downloaded https://repo.maven.apache.org/maven2/org/apache/commons/commons-lang3/3.13.0/commons-lang3-3.13.0.jar
2024-05-11 17:51:21,149 [AetherRepositoryConnector-repo.maven.apache.org-4-2] INFO  o.e.m.c.i.e.AbstractTransferListenerAdapter - Downloaded https://repo.maven.apache.org/maven2/io/github/classgraph/classgraph/4.8.149/classgraph-4.8.149.jar
2024-05-11 17:51:38,324 [AetherRepositoryConnector-repo.maven.apache.org-4-1] INFO  o.e.m.c.i.e.AbstractTransferListenerAdapter - Downloaded https://repo.maven.apache.org/maven2/org/webjars/swagger-ui/4.15.5/swagger-ui-4.15.5.jar
2024-05-11 17:51:39,019 [Worker-70: Building] INFO  o.a.m.s.f.DefaultMavenResourcesFiltering - Copying 0 resource from src\main\resources to target\classes
2024-05-11 17:51:39,020 [Worker-70: Building] INFO  o.a.m.s.f.DefaultMavenResourcesFiltering - Copying 0 resource from src\main\resources to target\classes
2024-05-11 17:51:39,024 [Worker-70: Building] INFO  o.a.m.s.f.DefaultMavenResourcesFiltering - skip non existing resourceDirectory C:\Teck Giri\Java Fullstack Developer\Spring Framework\FirstSpringProject\student\src\test\resources
2024-05-11 17:51:40,211 [Worker-66: Building] INFO  o.a.m.s.f.DefaultMavenResourcesFiltering - Copying 1 resource from src\main\resources to target\classes
2024-05-11 17:51:40,243 [Worker-66: Building] INFO  o.a.m.s.f.DefaultMavenResourcesFiltering - Copying 0 resource from src\main\resources to target\classes
2024-05-11 17:51:40,243 [Worker-66: Building] INFO  o.a.m.s.f.DefaultMavenResourcesFiltering - skip non existing resourceDirectory C:\Teck Giri\Java Fullstack Developer\Spring Framework\FirstSpringProject\student\src\test\resources
2024-05-11 17:51:40,392 [Worker-73: Download sources and javadoc] INFO  o.e.m.c.i.e.AbstractTransferListenerAdapter - Downloading https://repo.maven.apache.org/maven2/org/springdoc/springdoc-openapi-starter-webmvc-ui/2.0.0/springdoc-openapi-starter-webmvc-ui-2.0.0-sources.jar
2024-05-11 17:51:40,747 [Worker-73: Download sources and javadoc] INFO  o.e.m.c.i.e.AbstractTransferListenerAdapter - Downloaded https://repo.maven.apache.org/maven2/org/springdoc/springdoc-openapi-starter-webmvc-ui/2.0.0/springdoc-openapi-starter-webmvc-ui-2.0.0-sources.jar
2024-05-11 17:51:40,747 [Worker-73: Download sources and javadoc] INFO  o.e.m.j.internal.DownloadSourcesJob - Downloaded sources for org.springdoc:springdoc-openapi-starter-webmvc-ui:2.0.0
2024-05-11 17:51:41,174 [Worker-73: Download sources and javadoc] INFO  o.e.m.c.i.e.AbstractTransferListenerAdapter - Downloading https://repo.maven.apache.org/maven2/org/springdoc/springdoc-openapi-starter-webmvc-api/2.0.0/springdoc-openapi-starter-webmvc-api-2.0.0-sources.jar
2024-05-11 17:51:41,840 [Worker-73: Download sources and javadoc] INFO  o.e.m.c.i.e.AbstractTransferListenerAdapter - Downloaded https://repo.maven.apache.org/maven2/org/springdoc/springdoc-openapi-starter-webmvc-api/2.0.0/springdoc-openapi-starter-webmvc-api-2.0.0-sources.jar
2024-05-11 17:51:41,843 [Worker-73: Download sources and javadoc] INFO  o.e.m.j.internal.DownloadSourcesJob - Downloaded sources for org.springdoc:springdoc-openapi-starter-webmvc-api:2.0.0
2024-05-11 17:51:42,017 [Worker-73: Download sources and javadoc] INFO  o.e.m.c.i.e.AbstractTransferListenerAdapter - Downloading https://repo.maven.apache.org/maven2/org/springdoc/springdoc-openapi-starter-common/2.0.0/springdoc-openapi-starter-common-2.0.0-sources.jar
2024-05-11 17:51:43,310 [Worker-73: Download sources and javadoc] INFO  o.e.m.c.i.e.AbstractTransferListenerAdapter - Downloaded https://repo.maven.apache.org/maven2/org/springdoc/springdoc-openapi-starter-common/2.0.0/springdoc-openapi-starter-common-2.0.0-sources.jar
2024-05-11 17:51:43,314 [Worker-73: Download sources and javadoc] INFO  o.e.m.j.internal.DownloadSourcesJob - Downloaded sources for org.springdoc:springdoc-openapi-starter-common:2.0.0
2024-05-11 17:51:43,494 [Worker-73: Download sources and javadoc] INFO  o.e.m.c.i.e.AbstractTransferListenerAdapter - Downloading https://repo.maven.apache.org/maven2/io/swagger/core/v3/swagger-core-jakarta/2.2.7/swagger-core-jakarta-2.2.7-sources.jar
2024-05-11 17:51:43,702 [Worker-73: Download sources and javadoc] INFO  o.e.m.c.i.e.AbstractTransferListenerAdapter - Downloaded https://repo.maven.apache.org/maven2/io/swagger/core/v3/swagger-core-jakarta/2.2.7/swagger-core-jakarta-2.2.7-sources.jar
2024-05-11 17:51:43,714 [Worker-73: Download sources and javadoc] INFO  o.e.m.j.internal.DownloadSourcesJob - Downloaded sources for io.swagger.core.v3:swagger-core-jakarta:2.2.7
2024-05-11 17:51:43,924 [Worker-73: Download sources and javadoc] INFO  o.e.m.c.i.e.AbstractTransferListenerAdapter - Downloading https://repo.maven.apache.org/maven2/org/apache/commons/commons-lang3/3.13.0/commons-lang3-3.13.0-sources.jar
2024-05-11 17:51:45,764 [Worker-73: Download sources and javadoc] INFO  o.e.m.c.i.e.AbstractTransferListenerAdapter - Downloaded https://repo.maven.apache.org/maven2/org/apache/commons/commons-lang3/3.13.0/commons-lang3-3.13.0-sources.jar
2024-05-11 17:51:45,785 [Worker-73: Download sources and javadoc] INFO  o.e.m.j.internal.DownloadSourcesJob - Downloaded sources for org.apache.commons:commons-lang3:3.13.0
2024-05-11 17:51:45,953 [Worker-73: Download sources and javadoc] INFO  o.e.m.c.i.e.AbstractTransferListenerAdapter - Downloading https://repo.maven.apache.org/maven2/io/swagger/core/v3/swagger-annotations-jakarta/2.2.7/swagger-annotations-jakarta-2.2.7-sources.jar
2024-05-11 17:51:46,229 [Worker-73: Download sources and javadoc] INFO  o.e.m.c.i.e.AbstractTransferListenerAdapter - Downloaded https://repo.maven.apache.org/maven2/io/swagger/core/v3/swagger-annotations-jakarta/2.2.7/swagger-annotations-jakarta-2.2.7-sources.jar
2024-05-11 17:51:46,229 [Worker-73: Download sources and javadoc] INFO  o.e.m.j.internal.DownloadSourcesJob - Downloaded sources for io.swagger.core.v3:swagger-annotations-jakarta:2.2.7
2024-05-11 17:51:46,420 [Worker-73: Download sources and javadoc] INFO  o.e.m.c.i.e.AbstractTransferListenerAdapter - Downloading https://repo.maven.apache.org/maven2/io/swagger/core/v3/swagger-models-jakarta/2.2.7/swagger-models-jakarta-2.2.7-sources.jar
2024-05-11 17:51:46,664 [Worker-73: Download sources and javadoc] INFO  o.e.m.c.i.e.AbstractTransferListenerAdapter - Downloaded https://repo.maven.apache.org/maven2/io/swagger/core/v3/swagger-models-jakarta/2.2.7/swagger-models-jakarta-2.2.7-sources.jar
2024-05-11 17:51:46,672 [Worker-73: Download sources and javadoc] INFO  o.e.m.j.internal.DownloadSourcesJob - Downloaded sources for io.swagger.core.v3:swagger-models-jakarta:2.2.7
2024-05-11 17:51:46,855 [Worker-73: Download sources and javadoc] INFO  o.e.m.c.i.e.AbstractTransferListenerAdapter - Downloading https://repo.maven.apache.org/maven2/jakarta/validation/jakarta.validation-api/3.0.2/jakarta.validation-api-3.0.2-sources.jar
2024-05-11 17:51:47,142 [Worker-73: Download sources and javadoc] INFO  o.e.m.c.i.e.AbstractTransferListenerAdapter - Downloaded https://repo.maven.apache.org/maven2/jakarta/validation/jakarta.validation-api/3.0.2/jakarta.validation-api-3.0.2-sources.jar
2024-05-11 17:51:47,147 [Worker-73: Download sources and javadoc] INFO  o.e.m.j.internal.DownloadSourcesJob - Downloaded sources for jakarta.validation:jakarta.validation-api:3.0.2
2024-05-11 17:51:47,323 [Worker-73: Download sources and javadoc] INFO  o.e.m.c.i.e.AbstractTransferListenerAdapter - Downloading https://repo.maven.apache.org/maven2/com/fasterxml/jackson/dataformat/jackson-dataformat-yaml/2.15.4/jackson-dataformat-yaml-2.15.4-sources.jar
2024-05-11 17:51:47,694 [Worker-73: Download sources and javadoc] INFO  o.e.m.c.i.e.AbstractTransferListenerAdapter - Downloaded https://repo.maven.apache.org/maven2/com/fasterxml/jackson/dataformat/jackson-dataformat-yaml/2.15.4/jackson-dataformat-yaml-2.15.4-sources.jar
2024-05-11 17:51:47,698 [Worker-73: Download sources and javadoc] INFO  o.e.m.j.internal.DownloadSourcesJob - Downloaded sources for com.fasterxml.jackson.dataformat:jackson-dataformat-yaml:2.15.4
2024-05-11 17:51:48,127 [Worker-73: Download sources and javadoc] INFO  o.e.m.c.i.e.AbstractTransferListenerAdapter - Downloaded https://repo.maven.apache.org/maven2/org/webjars/swagger-ui/4.15.5/swagger-ui-4.15.5-sources.jar
2024-05-11 17:51:48,132 [Worker-73: Download sources and javadoc] ERROR o.e.m.j.internal.DownloadSourcesJob - Could not download sources for org.webjars:swagger-ui:4.15.5
org.eclipse.core.runtime.CoreException: Could not resolve artifact org.webjars:swagger-ui:jar:sources:4.15.5
	at org.eclipse.m2e.core.internal.embedder.MavenImpl.lambda$6(MavenImpl.java:584)
	at org.eclipse.m2e.core.internal.embedder.MavenExecutionContext.executeBare(MavenExecutionContext.java:394)
	at org.eclipse.m2e.core.internal.embedder.MavenExecutionContext.execute(MavenExecutionContext.java:228)
	at org.eclipse.m2e.core.internal.embedder.MavenExecutionContext.execute(MavenExecutionContext.java:214)
	at org.eclipse.m2e.core.internal.embedder.MavenImpl.resolve(MavenImpl.java:553)
	at org.eclipse.m2e.core.internal.embedder.MavenImpl.resolve(MavenImpl.java:538)
	at org.eclipse.m2e.jdt.internal.DownloadSourcesJob.download(DownloadSourcesJob.java:308)
	at org.eclipse.m2e.jdt.internal.DownloadSourcesJob.downloadAttachments(DownloadSourcesJob.java:282)
	at org.eclipse.m2e.jdt.internal.DownloadSourcesJob.downloadMaven(DownloadSourcesJob.java:252)
	at org.eclipse.m2e.jdt.internal.DownloadSourcesJob.downloadFilesAndPopulateToUpdate(DownloadSourcesJob.java:220)
	at org.eclipse.m2e.jdt.internal.DownloadSourcesJob.lambda$0(DownloadSourcesJob.java:149)
	at org.eclipse.m2e.core.internal.embedder.MavenExecutionContext.executeBare(MavenExecutionContext.java:394)
	at org.eclipse.m2e.core.internal.embedder.MavenExecutionContext.execute(MavenExecutionContext.java:275)
	at org.eclipse.m2e.core.internal.embedder.MavenExecutionContext.execute(MavenExecutionContext.java:214)
	at org.eclipse.m2e.core.embedder.IMaven.execute(IMaven.java:294)
	at org.eclipse.m2e.jdt.internal.DownloadSourcesJob.run(DownloadSourcesJob.java:149)
	at org.eclipse.core.internal.jobs.Worker.run(Worker.java:63)
2024-05-11 17:51:48,323 [Worker-73: Download sources and javadoc] INFO  o.e.m.c.i.e.AbstractTransferListenerAdapter - Downloading https://repo.maven.apache.org/maven2/org/webjars/webjars-locator-core/0.55/webjars-locator-core-0.55-sources.jar
2024-05-11 17:51:48,503 [Worker-73: Download sources and javadoc] INFO  o.e.m.c.i.e.AbstractTransferListenerAdapter - Downloaded https://repo.maven.apache.org/maven2/org/webjars/webjars-locator-core/0.55/webjars-locator-core-0.55-sources.jar
2024-05-11 17:51:48,507 [Worker-73: Download sources and javadoc] INFO  o.e.m.j.internal.DownloadSourcesJob - Downloaded sources for org.webjars:webjars-locator-core:0.55
2024-05-11 17:51:48,714 [Worker-73: Download sources and javadoc] INFO  o.e.m.c.i.e.AbstractTransferListenerAdapter - Downloading https://repo.maven.apache.org/maven2/io/github/classgraph/classgraph/4.8.149/classgraph-4.8.149-sources.jar
2024-05-11 17:51:50,425 [Worker-73: Download sources and javadoc] INFO  o.e.m.c.i.e.AbstractTransferListenerAdapter - Downloaded https://repo.maven.apache.org/maven2/io/github/classgraph/classgraph/4.8.149/classgraph-4.8.149-sources.jar
2024-05-11 17:51:50,429 [Worker-73: Download sources and javadoc] INFO  o.e.m.j.internal.DownloadSourcesJob - Downloaded sources for io.github.classgraph:classgraph:4.8.149
2024-05-11 17:52:41,267 [Worker-66: Building] INFO  o.a.m.s.f.DefaultMavenResourcesFiltering - Copying 1 resource from src\main\resources to target\classes
2024-05-11 17:52:41,273 [Worker-66: Building] INFO  o.a.m.s.f.DefaultMavenResourcesFiltering - Copying 0 resource from src\main\resources to target\classes
2024-05-11 17:52:41,276 [Worker-66: Building] INFO  o.a.m.s.f.DefaultMavenResourcesFiltering - skip non existing resourceDirectory C:\Teck Giri\Java Fullstack Developer\Spring Framework\FirstSpringProject\student\src\test\resources
2024-05-11 17:53:17,366 [Worker-72: Download sources and javadoc] INFO  o.e.m.c.i.e.AbstractTransferListenerAdapter - Downloading https://repo.maven.apache.org/maven2/org/webjars/swagger-ui/4.15.5/swagger-ui-4.15.5-javadoc.jar
2024-05-11 17:53:35,365 [Worker-72: Download sources and javadoc] INFO  o.e.m.c.i.e.AbstractTransferListenerAdapter - Downloaded https://repo.maven.apache.org/maven2/org/webjars/swagger-ui/4.15.5/swagger-ui-4.15.5-javadoc.jar
2024-05-11 17:53:35,379 [Worker-72: Download sources and javadoc] INFO  o.e.m.j.internal.DownloadSourcesJob - Downloaded javadoc for org.webjars:swagger-ui:4.15.5
2024-05-11 17:54:44,500 [Worker-70: Building] INFO  o.e.m.c.i.l.LifecycleMappingFactory - Using org.eclipse.m2e.jdt.JarLifecycleMapping lifecycle mapping for MavenProject: com.demo:student:0.0.1-SNAPSHOT @ C:\Teck Giri\Java Fullstack Developer\Spring Framework\FirstSpringProject\student\pom.xml.
2024-05-11 17:54:45,109 [Worker-70: Building] INFO  o.e.m.c.i.e.AbstractTransferListenerAdapter - Downloading https://repo.maven.apache.org/maven2/org/springdoc/springdoc-openapi-ui/1.6.4/springdoc-openapi-ui-1.6.4.pom
2024-05-11 17:54:45,203 [Worker-70: Building] INFO  o.e.m.c.i.e.AbstractTransferListenerAdapter - Downloaded https://repo.maven.apache.org/maven2/org/springdoc/springdoc-openapi-ui/1.6.4/springdoc-openapi-ui-1.6.4.pom
2024-05-11 17:54:45,306 [Worker-70: Building] INFO  o.e.m.c.i.e.AbstractTransferListenerAdapter - Downloading https://repo.maven.apache.org/maven2/org/springdoc/springdoc-openapi/1.6.4/springdoc-openapi-1.6.4.pom
2024-05-11 17:54:45,408 [Worker-70: Building] INFO  o.e.m.c.i.e.AbstractTransferListenerAdapter - Downloaded https://repo.maven.apache.org/maven2/org/springdoc/springdoc-openapi/1.6.4/springdoc-openapi-1.6.4.pom
2024-05-11 17:54:45,498 [Worker-70: Building] INFO  o.e.m.c.i.e.AbstractTransferListenerAdapter - Downloading https://repo.maven.apache.org/maven2/org/springframework/boot/spring-boot-starter-parent/2.6.2/spring-boot-starter-parent-2.6.2.pom
2024-05-11 17:54:45,620 [Worker-70: Building] INFO  o.e.m.c.i.e.AbstractTransferListenerAdapter - Downloaded https://repo.maven.apache.org/maven2/org/springframework/boot/spring-boot-starter-parent/2.6.2/spring-boot-starter-parent-2.6.2.pom
2024-05-11 17:54:45,686 [Worker-70: Building] INFO  o.e.m.c.i.e.AbstractTransferListenerAdapter - Downloading https://repo.maven.apache.org/maven2/org/springframework/boot/spring-boot-dependencies/2.6.2/spring-boot-dependencies-2.6.2.pom
2024-05-11 17:54:46,344 [Worker-70: Building] INFO  o.e.m.c.i.e.AbstractTransferListenerAdapter - Downloaded https://repo.maven.apache.org/maven2/org/springframework/boot/spring-boot-dependencies/2.6.2/spring-boot-dependencies-2.6.2.pom
2024-05-11 17:54:46,392 [Worker-70: Building] INFO  o.e.m.c.i.e.AbstractTransferListenerAdapter - Downloading https://repo.maven.apache.org/maven2/org/springframework/cloud/spring-cloud-dependencies/2021.0.0/spring-cloud-dependencies-2021.0.0.pom
2024-05-11 17:54:46,552 [Worker-70: Building] INFO  o.e.m.c.i.e.AbstractTransferListenerAdapter - Downloaded https://repo.maven.apache.org/maven2/org/springframework/cloud/spring-cloud-dependencies/2021.0.0/spring-cloud-dependencies-2021.0.0.pom
2024-05-11 17:54:46,653 [Worker-70: Building] INFO  o.e.m.c.i.e.AbstractTransferListenerAdapter - Downloading https://repo.maven.apache.org/maven2/org/springframework/cloud/spring-cloud-dependencies-parent/3.1.0/spring-cloud-dependencies-parent-3.1.0.pom
2024-05-11 17:54:46,771 [Worker-70: Building] INFO  o.e.m.c.i.e.AbstractTransferListenerAdapter - Downloaded https://repo.maven.apache.org/maven2/org/springframework/cloud/spring-cloud-dependencies-parent/3.1.0/spring-cloud-dependencies-parent-3.1.0.pom
2024-05-11 17:54:48,752 [Worker-70: Building] INFO  o.e.m.c.i.e.AbstractTransferListenerAdapter - Downloaded https://repo.spring.io/release/org/springframework/cloud/spring-cloud-commons-dependencies/3.1.0/spring-cloud-commons-dependencies-3.1.0.pom
2024-05-11 17:54:50,146 [Worker-70: Building] INFO  o.e.m.c.i.e.AbstractTransferListenerAdapter - Downloaded https://repo.spring.io/snapshot/org/springframework/cloud/spring-cloud-commons-dependencies/3.1.0/spring-cloud-commons-dependencies-3.1.0.pom
2024-05-11 17:54:51,478 [Worker-70: Building] INFO  o.e.m.c.i.e.AbstractTransferListenerAdapter - Downloaded https://repo.spring.io/milestone/org/springframework/cloud/spring-cloud-commons-dependencies/3.1.0/spring-cloud-commons-dependencies-3.1.0.pom
2024-05-11 17:54:51,555 [Worker-70: Building] INFO  o.e.m.c.i.e.AbstractTransferListenerAdapter - Downloading https://repo.maven.apache.org/maven2/org/springframework/cloud/spring-cloud-commons-dependencies/3.1.0/spring-cloud-commons-dependencies-3.1.0.pom
2024-05-11 17:54:51,723 [Worker-70: Building] INFO  o.e.m.c.i.e.AbstractTransferListenerAdapter - Downloaded https://repo.maven.apache.org/maven2/org/springframework/cloud/spring-cloud-commons-dependencies/3.1.0/spring-cloud-commons-dependencies-3.1.0.pom
2024-05-11 17:54:52,020 [Worker-70: Building] INFO  o.e.m.c.i.e.AbstractTransferListenerAdapter - Downloaded https://repo.spring.io/release/org/springframework/cloud/spring-cloud-netflix-dependencies/3.1.0/spring-cloud-netflix-dependencies-3.1.0.pom
2024-05-11 17:54:52,299 [Worker-70: Building] INFO  o.e.m.c.i.e.AbstractTransferListenerAdapter - Downloaded https://repo.spring.io/snapshot/org/springframework/cloud/spring-cloud-netflix-dependencies/3.1.0/spring-cloud-netflix-dependencies-3.1.0.pom
2024-05-11 17:54:52,589 [Worker-70: Building] INFO  o.e.m.c.i.e.AbstractTransferListenerAdapter - Downloaded https://repo.spring.io/milestone/org/springframework/cloud/spring-cloud-netflix-dependencies/3.1.0/spring-cloud-netflix-dependencies-3.1.0.pom
2024-05-11 17:54:52,655 [Worker-70: Building] INFO  o.e.m.c.i.e.AbstractTransferListenerAdapter - Downloading https://repo.maven.apache.org/maven2/org/springframework/cloud/spring-cloud-netflix-dependencies/3.1.0/spring-cloud-netflix-dependencies-3.1.0.pom
2024-05-11 17:54:52,887 [Worker-70: Building] INFO  o.e.m.c.i.e.AbstractTransferListenerAdapter - Downloaded https://repo.maven.apache.org/maven2/org/springframework/cloud/spring-cloud-netflix-dependencies/3.1.0/spring-cloud-netflix-dependencies-3.1.0.pom
2024-05-11 17:54:53,190 [Worker-70: Building] INFO  o.e.m.c.i.e.AbstractTransferListenerAdapter - Downloaded https://repo.spring.io/release/org/springframework/cloud/spring-cloud-stream-dependencies/3.2.1/spring-cloud-stream-dependencies-3.2.1.pom
2024-05-11 17:54:53,461 [Worker-70: Building] INFO  o.e.m.c.i.e.AbstractTransferListenerAdapter - Downloaded https://repo.spring.io/snapshot/org/springframework/cloud/spring-cloud-stream-dependencies/3.2.1/spring-cloud-stream-dependencies-3.2.1.pom
2024-05-11 17:54:53,720 [Worker-70: Building] INFO  o.e.m.c.i.e.AbstractTransferListenerAdapter - Downloaded https://repo.spring.io/milestone/org/springframework/cloud/spring-cloud-stream-dependencies/3.2.1/spring-cloud-stream-dependencies-3.2.1.pom
2024-05-11 17:54:53,778 [Worker-70: Building] INFO  o.e.m.c.i.e.AbstractTransferListenerAdapter - Downloading https://repo.maven.apache.org/maven2/org/springframework/cloud/spring-cloud-stream-dependencies/3.2.1/spring-cloud-stream-dependencies-3.2.1.pom
2024-05-11 17:54:53,951 [Worker-70: Building] INFO  o.e.m.c.i.e.AbstractTransferListenerAdapter - Downloaded https://repo.maven.apache.org/maven2/org/springframework/cloud/spring-cloud-stream-dependencies/3.2.1/spring-cloud-stream-dependencies-3.2.1.pom
2024-05-11 17:54:54,240 [Worker-70: Building] INFO  o.e.m.c.i.e.AbstractTransferListenerAdapter - Downloaded https://repo.spring.io/release/org/springframework/cloud/spring-cloud-task-dependencies/2.4.0/spring-cloud-task-dependencies-2.4.0.pom
2024-05-11 17:54:54,487 [Worker-70: Building] INFO  o.e.m.c.i.e.AbstractTransferListenerAdapter - Downloaded https://repo.spring.io/snapshot/org/springframework/cloud/spring-cloud-task-dependencies/2.4.0/spring-cloud-task-dependencies-2.4.0.pom
2024-05-11 17:54:54,768 [Worker-70: Building] INFO  o.e.m.c.i.e.AbstractTransferListenerAdapter - Downloaded https://repo.spring.io/milestone/org/springframework/cloud/spring-cloud-task-dependencies/2.4.0/spring-cloud-task-dependencies-2.4.0.pom
2024-05-11 17:54:54,853 [Worker-70: Building] INFO  o.e.m.c.i.e.AbstractTransferListenerAdapter - Downloading https://repo.maven.apache.org/maven2/org/springframework/cloud/spring-cloud-task-dependencies/2.4.0/spring-cloud-task-dependencies-2.4.0.pom
2024-05-11 17:54:54,993 [Worker-70: Building] INFO  o.e.m.c.i.e.AbstractTransferListenerAdapter - Downloaded https://repo.maven.apache.org/maven2/org/springframework/cloud/spring-cloud-task-dependencies/2.4.0/spring-cloud-task-dependencies-2.4.0.pom
2024-05-11 17:54:55,270 [Worker-70: Building] INFO  o.e.m.c.i.e.AbstractTransferListenerAdapter - Downloaded https://repo.spring.io/release/org/springframework/cloud/spring-cloud-circuitbreaker-dependencies/2.1.0/spring-cloud-circuitbreaker-dependencies-2.1.0.pom
2024-05-11 17:54:55,556 [Worker-70: Building] INFO  o.e.m.c.i.e.AbstractTransferListenerAdapter - Downloaded https://repo.spring.io/snapshot/org/springframework/cloud/spring-cloud-circuitbreaker-dependencies/2.1.0/spring-cloud-circuitbreaker-dependencies-2.1.0.pom
2024-05-11 17:54:55,856 [Worker-70: Building] INFO  o.e.m.c.i.e.AbstractTransferListenerAdapter - Downloaded https://repo.spring.io/milestone/org/springframework/cloud/spring-cloud-circuitbreaker-dependencies/2.1.0/spring-cloud-circuitbreaker-dependencies-2.1.0.pom
2024-05-11 17:54:55,943 [Worker-70: Building] INFO  o.e.m.c.i.e.AbstractTransferListenerAdapter - Downloading https://repo.maven.apache.org/maven2/org/springframework/cloud/spring-cloud-circuitbreaker-dependencies/2.1.0/spring-cloud-circuitbreaker-dependencies-2.1.0.pom
2024-05-11 17:54:56,096 [Worker-70: Building] INFO  o.e.m.c.i.e.AbstractTransferListenerAdapter - Downloaded https://repo.maven.apache.org/maven2/org/springframework/cloud/spring-cloud-circuitbreaker-dependencies/2.1.0/spring-cloud-circuitbreaker-dependencies-2.1.0.pom
2024-05-11 17:54:56,389 [Worker-70: Building] INFO  o.e.m.c.i.e.AbstractTransferListenerAdapter - Downloaded https://repo.spring.io/release/io/github/resilience4j/resilience4j-bom/1.7.0/resilience4j-bom-1.7.0.pom
2024-05-11 17:54:56,675 [Worker-70: Building] INFO  o.e.m.c.i.e.AbstractTransferListenerAdapter - Downloaded https://repo.spring.io/snapshot/io/github/resilience4j/resilience4j-bom/1.7.0/resilience4j-bom-1.7.0.pom
2024-05-11 17:54:56,956 [Worker-70: Building] INFO  o.e.m.c.i.e.AbstractTransferListenerAdapter - Downloaded https://repo.spring.io/milestone/io/github/resilience4j/resilience4j-bom/1.7.0/resilience4j-bom-1.7.0.pom
2024-05-11 17:54:57,002 [Worker-70: Building] INFO  o.e.m.c.i.e.AbstractTransferListenerAdapter - Downloading https://repo.maven.apache.org/maven2/io/github/resilience4j/resilience4j-bom/1.7.0/resilience4j-bom-1.7.0.pom
2024-05-11 17:54:57,134 [Worker-70: Building] INFO  o.e.m.c.i.e.AbstractTransferListenerAdapter - Downloaded https://repo.maven.apache.org/maven2/io/github/resilience4j/resilience4j-bom/1.7.0/resilience4j-bom-1.7.0.pom
2024-05-11 17:54:57,425 [Worker-70: Building] INFO  o.e.m.c.i.e.AbstractTransferListenerAdapter - Downloaded https://repo.spring.io/release/org/springframework/cloud/spring-cloud-config-dependencies/3.1.0/spring-cloud-config-dependencies-3.1.0.pom
2024-05-11 17:54:57,684 [Worker-70: Building] INFO  o.e.m.c.i.e.AbstractTransferListenerAdapter - Downloaded https://repo.spring.io/snapshot/org/springframework/cloud/spring-cloud-config-dependencies/3.1.0/spring-cloud-config-dependencies-3.1.0.pom
2024-05-11 17:54:57,958 [Worker-70: Building] INFO  o.e.m.c.i.e.AbstractTransferListenerAdapter - Downloaded https://repo.spring.io/milestone/org/springframework/cloud/spring-cloud-config-dependencies/3.1.0/spring-cloud-config-dependencies-3.1.0.pom
2024-05-11 17:54:58,057 [Worker-70: Building] INFO  o.e.m.c.i.e.AbstractTransferListenerAdapter - Downloading https://repo.maven.apache.org/maven2/org/springframework/cloud/spring-cloud-config-dependencies/3.1.0/spring-cloud-config-dependencies-3.1.0.pom
2024-05-11 17:54:58,133 [Worker-70: Building] INFO  o.e.m.c.i.e.AbstractTransferListenerAdapter - Downloaded https://repo.maven.apache.org/maven2/org/springframework/cloud/spring-cloud-config-dependencies/3.1.0/spring-cloud-config-dependencies-3.1.0.pom
2024-05-11 17:54:58,410 [Worker-70: Building] INFO  o.e.m.c.i.e.AbstractTransferListenerAdapter - Downloaded https://repo.spring.io/release/org/springframework/cloud/spring-cloud-function-dependencies/3.2.1/spring-cloud-function-dependencies-3.2.1.pom
2024-05-11 17:54:58,671 [Worker-70: Building] INFO  o.e.m.c.i.e.AbstractTransferListenerAdapter - Downloaded https://repo.spring.io/snapshot/org/springframework/cloud/spring-cloud-function-dependencies/3.2.1/spring-cloud-function-dependencies-3.2.1.pom
2024-05-11 17:54:58,946 [Worker-70: Building] INFO  o.e.m.c.i.e.AbstractTransferListenerAdapter - Downloaded https://repo.spring.io/milestone/org/springframework/cloud/spring-cloud-function-dependencies/3.2.1/spring-cloud-function-dependencies-3.2.1.pom
2024-05-11 17:54:59,017 [Worker-70: Building] INFO  o.e.m.c.i.e.AbstractTransferListenerAdapter - Downloading https://repo.maven.apache.org/maven2/org/springframework/cloud/spring-cloud-function-dependencies/3.2.1/spring-cloud-function-dependencies-3.2.1.pom
2024-05-11 17:54:59,149 [Worker-70: Building] INFO  o.e.m.c.i.e.AbstractTransferListenerAdapter - Downloaded https://repo.maven.apache.org/maven2/org/springframework/cloud/spring-cloud-function-dependencies/3.2.1/spring-cloud-function-dependencies-3.2.1.pom
2024-05-11 17:54:59,447 [Worker-70: Building] INFO  o.e.m.c.i.e.AbstractTransferListenerAdapter - Downloaded https://repo.spring.io/release/org/springframework/cloud/spring-cloud-gateway-dependencies/3.1.0/spring-cloud-gateway-dependencies-3.1.0.pom
2024-05-11 17:54:59,726 [Worker-70: Building] INFO  o.e.m.c.i.e.AbstractTransferListenerAdapter - Downloaded https://repo.spring.io/snapshot/org/springframework/cloud/spring-cloud-gateway-dependencies/3.1.0/spring-cloud-gateway-dependencies-3.1.0.pom
2024-05-11 17:55:00,000 [Worker-70: Building] INFO  o.e.m.c.i.e.AbstractTransferListenerAdapter - Downloaded https://repo.spring.io/milestone/org/springframework/cloud/spring-cloud-gateway-dependencies/3.1.0/spring-cloud-gateway-dependencies-3.1.0.pom
2024-05-11 17:55:00,072 [Worker-70: Building] INFO  o.e.m.c.i.e.AbstractTransferListenerAdapter - Downloading https://repo.maven.apache.org/maven2/org/springframework/cloud/spring-cloud-gateway-dependencies/3.1.0/spring-cloud-gateway-dependencies-3.1.0.pom
2024-05-11 17:55:00,157 [Worker-70: Building] INFO  o.e.m.c.i.e.AbstractTransferListenerAdapter - Downloaded https://repo.maven.apache.org/maven2/org/springframework/cloud/spring-cloud-gateway-dependencies/3.1.0/spring-cloud-gateway-dependencies-3.1.0.pom
2024-05-11 17:55:00,463 [Worker-70: Building] INFO  o.e.m.c.i.e.AbstractTransferListenerAdapter - Downloaded https://repo.spring.io/release/org/springframework/cloud/spring-cloud-consul-dependencies/3.1.0/spring-cloud-consul-dependencies-3.1.0.pom
2024-05-11 17:55:00,741 [Worker-70: Building] INFO  o.e.m.c.i.e.AbstractTransferListenerAdapter - Downloaded https://repo.spring.io/snapshot/org/springframework/cloud/spring-cloud-consul-dependencies/3.1.0/spring-cloud-consul-dependencies-3.1.0.pom
2024-05-11 17:55:01,018 [Worker-70: Building] INFO  o.e.m.c.i.e.AbstractTransferListenerAdapter - Downloaded https://repo.spring.io/milestone/org/springframework/cloud/spring-cloud-consul-dependencies/3.1.0/spring-cloud-consul-dependencies-3.1.0.pom
2024-05-11 17:55:01,197 [Worker-70: Building] INFO  o.e.m.c.i.e.AbstractTransferListenerAdapter - Downloading https://repo.maven.apache.org/maven2/org/springframework/cloud/spring-cloud-consul-dependencies/3.1.0/spring-cloud-consul-dependencies-3.1.0.pom
2024-05-11 17:55:01,271 [Worker-70: Building] INFO  o.e.m.c.i.e.AbstractTransferListenerAdapter - Downloaded https://repo.maven.apache.org/maven2/org/springframework/cloud/spring-cloud-consul-dependencies/3.1.0/spring-cloud-consul-dependencies-3.1.0.pom
2024-05-11 17:55:01,559 [Worker-70: Building] INFO  o.e.m.c.i.e.AbstractTransferListenerAdapter - Downloaded https://repo.spring.io/release/org/springframework/cloud/spring-cloud-sleuth-dependencies/3.1.0/spring-cloud-sleuth-dependencies-3.1.0.pom
2024-05-11 17:55:01,833 [Worker-70: Building] INFO  o.e.m.c.i.e.AbstractTransferListenerAdapter - Downloaded https://repo.spring.io/snapshot/org/springframework/cloud/spring-cloud-sleuth-dependencies/3.1.0/spring-cloud-sleuth-dependencies-3.1.0.pom
2024-05-11 17:55:02,130 [Worker-70: Building] INFO  o.e.m.c.i.e.AbstractTransferListenerAdapter - Downloaded https://repo.spring.io/milestone/org/springframework/cloud/spring-cloud-sleuth-dependencies/3.1.0/spring-cloud-sleuth-dependencies-3.1.0.pom
2024-05-11 17:55:02,194 [Worker-70: Building] INFO  o.e.m.c.i.e.AbstractTransferListenerAdapter - Downloading https://repo.maven.apache.org/maven2/org/springframework/cloud/spring-cloud-sleuth-dependencies/3.1.0/spring-cloud-sleuth-dependencies-3.1.0.pom
2024-05-11 17:55:02,332 [Worker-70: Building] INFO  o.e.m.c.i.e.AbstractTransferListenerAdapter - Downloaded https://repo.maven.apache.org/maven2/org/springframework/cloud/spring-cloud-sleuth-dependencies/3.1.0/spring-cloud-sleuth-dependencies-3.1.0.pom
2024-05-11 17:55:02,624 [Worker-70: Building] INFO  o.e.m.c.i.e.AbstractTransferListenerAdapter - Downloaded https://repo.spring.io/release/io/zipkin/brave/brave-bom/5.13.2/brave-bom-5.13.2.pom
2024-05-11 17:55:02,912 [Worker-70: Building] INFO  o.e.m.c.i.e.AbstractTransferListenerAdapter - Downloaded https://repo.spring.io/snapshot/io/zipkin/brave/brave-bom/5.13.2/brave-bom-5.13.2.pom
2024-05-11 17:55:03,185 [Worker-70: Building] INFO  o.e.m.c.i.e.AbstractTransferListenerAdapter - Downloaded https://repo.spring.io/milestone/io/zipkin/brave/brave-bom/5.13.2/brave-bom-5.13.2.pom
2024-05-11 17:55:03,303 [Worker-70: Building] INFO  o.e.m.c.i.e.AbstractTransferListenerAdapter - Downloading https://repo.maven.apache.org/maven2/io/zipkin/brave/brave-bom/5.13.2/brave-bom-5.13.2.pom
2024-05-11 17:55:03,364 [Worker-70: Building] INFO  o.e.m.c.i.e.AbstractTransferListenerAdapter - Downloaded https://repo.maven.apache.org/maven2/io/zipkin/brave/brave-bom/5.13.2/brave-bom-5.13.2.pom
2024-05-11 17:55:03,639 [Worker-70: Building] INFO  o.e.m.c.i.e.AbstractTransferListenerAdapter - Downloaded https://repo.spring.io/release/io/zipkin/reporter2/zipkin-reporter-bom/2.16.1/zipkin-reporter-bom-2.16.1.pom
2024-05-11 17:55:03,929 [Worker-70: Building] INFO  o.e.m.c.i.e.AbstractTransferListenerAdapter - Downloaded https://repo.spring.io/snapshot/io/zipkin/reporter2/zipkin-reporter-bom/2.16.1/zipkin-reporter-bom-2.16.1.pom
2024-05-11 17:55:04,229 [Worker-70: Building] INFO  o.e.m.c.i.e.AbstractTransferListenerAdapter - Downloaded https://repo.spring.io/milestone/io/zipkin/reporter2/zipkin-reporter-bom/2.16.1/zipkin-reporter-bom-2.16.1.pom
2024-05-11 17:55:04,273 [Worker-70: Building] INFO  o.e.m.c.i.e.AbstractTransferListenerAdapter - Downloading https://repo.maven.apache.org/maven2/io/zipkin/reporter2/zipkin-reporter-bom/2.16.1/zipkin-reporter-bom-2.16.1.pom
2024-05-11 17:55:04,416 [Worker-70: Building] INFO  o.e.m.c.i.e.AbstractTransferListenerAdapter - Downloaded https://repo.maven.apache.org/maven2/io/zipkin/reporter2/zipkin-reporter-bom/2.16.1/zipkin-reporter-bom-2.16.1.pom
2024-05-11 17:55:04,722 [Worker-70: Building] INFO  o.e.m.c.i.e.AbstractTransferListenerAdapter - Downloaded https://repo.spring.io/release/org/springframework/cloud/spring-cloud-vault-dependencies/3.1.0/spring-cloud-vault-dependencies-3.1.0.pom
2024-05-11 17:55:05,030 [Worker-70: Building] INFO  o.e.m.c.i.e.AbstractTransferListenerAdapter - Downloaded https://repo.spring.io/snapshot/org/springframework/cloud/spring-cloud-vault-dependencies/3.1.0/spring-cloud-vault-dependencies-3.1.0.pom
2024-05-11 17:55:05,365 [Worker-70: Building] INFO  o.e.m.c.i.e.AbstractTransferListenerAdapter - Downloaded https://repo.spring.io/milestone/org/springframework/cloud/spring-cloud-vault-dependencies/3.1.0/spring-cloud-vault-dependencies-3.1.0.pom
2024-05-11 17:55:05,529 [Worker-70: Building] INFO  o.e.m.c.i.e.AbstractTransferListenerAdapter - Downloading https://repo.maven.apache.org/maven2/org/springframework/cloud/spring-cloud-vault-dependencies/3.1.0/spring-cloud-vault-dependencies-3.1.0.pom
2024-05-11 17:55:05,817 [Worker-70: Building] INFO  o.e.m.c.i.e.AbstractTransferListenerAdapter - Downloaded https://repo.maven.apache.org/maven2/org/springframework/cloud/spring-cloud-vault-dependencies/3.1.0/spring-cloud-vault-dependencies-3.1.0.pom
2024-05-11 17:55:06,187 [Worker-70: Building] INFO  o.e.m.c.i.e.AbstractTransferListenerAdapter - Downloaded https://repo.spring.io/release/org/springframework/cloud/spring-cloud-zookeeper-dependencies/3.1.0/spring-cloud-zookeeper-dependencies-3.1.0.pom
2024-05-11 17:55:06,580 [Worker-70: Building] INFO  o.e.m.c.i.e.AbstractTransferListenerAdapter - Downloaded https://repo.spring.io/snapshot/org/springframework/cloud/spring-cloud-zookeeper-dependencies/3.1.0/spring-cloud-zookeeper-dependencies-3.1.0.pom
2024-05-11 17:55:06,904 [Worker-70: Building] INFO  o.e.m.c.i.e.AbstractTransferListenerAdapter - Downloaded https://repo.spring.io/milestone/org/springframework/cloud/spring-cloud-zookeeper-dependencies/3.1.0/spring-cloud-zookeeper-dependencies-3.1.0.pom
2024-05-11 17:55:07,005 [Worker-70: Building] INFO  o.e.m.c.i.e.AbstractTransferListenerAdapter - Downloading https://repo.maven.apache.org/maven2/org/springframework/cloud/spring-cloud-zookeeper-dependencies/3.1.0/spring-cloud-zookeeper-dependencies-3.1.0.pom
2024-05-11 17:55:07,185 [Worker-70: Building] INFO  o.e.m.c.i.e.AbstractTransferListenerAdapter - Downloaded https://repo.maven.apache.org/maven2/org/springframework/cloud/spring-cloud-zookeeper-dependencies/3.1.0/spring-cloud-zookeeper-dependencies-3.1.0.pom
2024-05-11 17:55:07,507 [Worker-70: Building] INFO  o.e.m.c.i.e.AbstractTransferListenerAdapter - Downloaded https://repo.spring.io/release/org/springframework/cloud/spring-cloud-cloudfoundry-dependencies/3.1.0/spring-cloud-cloudfoundry-dependencies-3.1.0.pom
2024-05-11 17:55:07,794 [Worker-70: Building] INFO  o.e.m.c.i.e.AbstractTransferListenerAdapter - Downloaded https://repo.spring.io/snapshot/org/springframework/cloud/spring-cloud-cloudfoundry-dependencies/3.1.0/spring-cloud-cloudfoundry-dependencies-3.1.0.pom
2024-05-11 17:55:08,059 [Worker-70: Building] INFO  o.e.m.c.i.e.AbstractTransferListenerAdapter - Downloaded https://repo.spring.io/milestone/org/springframework/cloud/spring-cloud-cloudfoundry-dependencies/3.1.0/spring-cloud-cloudfoundry-dependencies-3.1.0.pom
2024-05-11 17:55:08,123 [Worker-70: Building] INFO  o.e.m.c.i.e.AbstractTransferListenerAdapter - Downloading https://repo.maven.apache.org/maven2/org/springframework/cloud/spring-cloud-cloudfoundry-dependencies/3.1.0/spring-cloud-cloudfoundry-dependencies-3.1.0.pom
2024-05-11 17:55:08,214 [Worker-70: Building] INFO  o.e.m.c.i.e.AbstractTransferListenerAdapter - Downloaded https://repo.maven.apache.org/maven2/org/springframework/cloud/spring-cloud-cloudfoundry-dependencies/3.1.0/spring-cloud-cloudfoundry-dependencies-3.1.0.pom
2024-05-11 17:55:08,494 [Worker-70: Building] INFO  o.e.m.c.i.e.AbstractTransferListenerAdapter - Downloaded https://repo.spring.io/release/org/springframework/cloud/spring-cloud-bus-dependencies/3.1.0/spring-cloud-bus-dependencies-3.1.0.pom
2024-05-11 17:55:08,753 [Worker-70: Building] INFO  o.e.m.c.i.e.AbstractTransferListenerAdapter - Downloaded https://repo.spring.io/snapshot/org/springframework/cloud/spring-cloud-bus-dependencies/3.1.0/spring-cloud-bus-dependencies-3.1.0.pom
2024-05-11 17:55:09,018 [Worker-70: Building] INFO  o.e.m.c.i.e.AbstractTransferListenerAdapter - Downloaded https://repo.spring.io/milestone/org/springframework/cloud/spring-cloud-bus-dependencies/3.1.0/spring-cloud-bus-dependencies-3.1.0.pom
2024-05-11 17:55:09,211 [Worker-70: Building] INFO  o.e.m.c.i.e.AbstractTransferListenerAdapter - Downloading https://repo.maven.apache.org/maven2/org/springframework/cloud/spring-cloud-bus-dependencies/3.1.0/spring-cloud-bus-dependencies-3.1.0.pom
2024-05-11 17:55:09,283 [Worker-70: Building] INFO  o.e.m.c.i.e.AbstractTransferListenerAdapter - Downloaded https://repo.maven.apache.org/maven2/org/springframework/cloud/spring-cloud-bus-dependencies/3.1.0/spring-cloud-bus-dependencies-3.1.0.pom
2024-05-11 17:55:09,565 [Worker-70: Building] INFO  o.e.m.c.i.e.AbstractTransferListenerAdapter - Downloaded https://repo.spring.io/release/org/springframework/cloud/spring-cloud-contract-dependencies/3.1.0/spring-cloud-contract-dependencies-3.1.0.pom
2024-05-11 17:55:09,826 [Worker-70: Building] INFO  o.e.m.c.i.e.AbstractTransferListenerAdapter - Downloaded https://repo.spring.io/snapshot/org/springframework/cloud/spring-cloud-contract-dependencies/3.1.0/spring-cloud-contract-dependencies-3.1.0.pom
2024-05-11 17:55:10,106 [Worker-70: Building] INFO  o.e.m.c.i.e.AbstractTransferListenerAdapter - Downloaded https://repo.spring.io/milestone/org/springframework/cloud/spring-cloud-contract-dependencies/3.1.0/spring-cloud-contract-dependencies-3.1.0.pom
2024-05-11 17:55:10,160 [Worker-70: Building] INFO  o.e.m.c.i.e.AbstractTransferListenerAdapter - Downloading https://repo.maven.apache.org/maven2/org/springframework/cloud/spring-cloud-contract-dependencies/3.1.0/spring-cloud-contract-dependencies-3.1.0.pom
2024-05-11 17:55:10,274 [Worker-70: Building] INFO  o.e.m.c.i.e.AbstractTransferListenerAdapter - Downloaded https://repo.maven.apache.org/maven2/org/springframework/cloud/spring-cloud-contract-dependencies/3.1.0/spring-cloud-contract-dependencies-3.1.0.pom
2024-05-11 17:55:10,554 [Worker-70: Building] INFO  o.e.m.c.i.e.AbstractTransferListenerAdapter - Downloaded https://repo.spring.io/release/org/springframework/cloud/spring-cloud-openfeign-dependencies/3.1.0/spring-cloud-openfeign-dependencies-3.1.0.pom
2024-05-11 17:55:10,814 [Worker-70: Building] INFO  o.e.m.c.i.e.AbstractTransferListenerAdapter - Downloaded https://repo.spring.io/snapshot/org/springframework/cloud/spring-cloud-openfeign-dependencies/3.1.0/spring-cloud-openfeign-dependencies-3.1.0.pom
2024-05-11 17:55:11,095 [Worker-70: Building] INFO  o.e.m.c.i.e.AbstractTransferListenerAdapter - Downloaded https://repo.spring.io/milestone/org/springframework/cloud/spring-cloud-openfeign-dependencies/3.1.0/spring-cloud-openfeign-dependencies-3.1.0.pom
2024-05-11 17:55:11,147 [Worker-70: Building] INFO  o.e.m.c.i.e.AbstractTransferListenerAdapter - Downloading https://repo.maven.apache.org/maven2/org/springframework/cloud/spring-cloud-openfeign-dependencies/3.1.0/spring-cloud-openfeign-dependencies-3.1.0.pom
2024-05-11 17:55:11,270 [Worker-70: Building] INFO  o.e.m.c.i.e.AbstractTransferListenerAdapter - Downloaded https://repo.maven.apache.org/maven2/org/springframework/cloud/spring-cloud-openfeign-dependencies/3.1.0/spring-cloud-openfeign-dependencies-3.1.0.pom
2024-05-11 17:55:11,560 [Worker-70: Building] INFO  o.e.m.c.i.e.AbstractTransferListenerAdapter - Downloaded https://repo.spring.io/release/io/github/openfeign/feign-bom/11.7/feign-bom-11.7.pom
2024-05-11 17:55:11,830 [Worker-70: Building] INFO  o.e.m.c.i.e.AbstractTransferListenerAdapter - Downloaded https://repo.spring.io/snapshot/io/github/openfeign/feign-bom/11.7/feign-bom-11.7.pom
2024-05-11 17:55:12,106 [Worker-70: Building] INFO  o.e.m.c.i.e.AbstractTransferListenerAdapter - Downloaded https://repo.spring.io/milestone/io/github/openfeign/feign-bom/11.7/feign-bom-11.7.pom
2024-05-11 17:55:12,172 [Worker-70: Building] INFO  o.e.m.c.i.e.AbstractTransferListenerAdapter - Downloading https://repo.maven.apache.org/maven2/io/github/openfeign/feign-bom/11.7/feign-bom-11.7.pom
2024-05-11 17:55:12,264 [Worker-70: Building] INFO  o.e.m.c.i.e.AbstractTransferListenerAdapter - Downloaded https://repo.maven.apache.org/maven2/io/github/openfeign/feign-bom/11.7/feign-bom-11.7.pom
2024-05-11 17:55:12,548 [Worker-70: Building] INFO  o.e.m.c.i.e.AbstractTransferListenerAdapter - Downloaded https://repo.spring.io/release/org/springframework/cloud/spring-cloud-kubernetes-dependencies/2.1.0/spring-cloud-kubernetes-dependencies-2.1.0.pom
2024-05-11 17:55:12,824 [Worker-70: Building] INFO  o.e.m.c.i.e.AbstractTransferListenerAdapter - Downloaded https://repo.spring.io/snapshot/org/springframework/cloud/spring-cloud-kubernetes-dependencies/2.1.0/spring-cloud-kubernetes-dependencies-2.1.0.pom
2024-05-11 17:55:13,132 [Worker-70: Building] INFO  o.e.m.c.i.e.AbstractTransferListenerAdapter - Downloaded https://repo.spring.io/milestone/org/springframework/cloud/spring-cloud-kubernetes-dependencies/2.1.0/spring-cloud-kubernetes-dependencies-2.1.0.pom
2024-05-11 17:55:13,352 [Worker-70: Building] INFO  o.e.m.c.i.e.AbstractTransferListenerAdapter - Downloading https://repo.maven.apache.org/maven2/org/springframework/cloud/spring-cloud-kubernetes-dependencies/2.1.0/spring-cloud-kubernetes-dependencies-2.1.0.pom
2024-05-11 17:55:13,432 [Worker-70: Building] INFO  o.e.m.c.i.e.AbstractTransferListenerAdapter - Downloaded https://repo.maven.apache.org/maven2/org/springframework/cloud/spring-cloud-kubernetes-dependencies/2.1.0/spring-cloud-kubernetes-dependencies-2.1.0.pom
2024-05-11 17:55:13,724 [Worker-70: Building] INFO  o.e.m.c.i.e.AbstractTransferListenerAdapter - Downloaded https://repo.spring.io/release/io/fabric8/kubernetes-client-bom/5.9.0/kubernetes-client-bom-5.9.0.pom
2024-05-11 17:55:13,987 [Worker-70: Building] INFO  o.e.m.c.i.e.AbstractTransferListenerAdapter - Downloaded https://repo.spring.io/snapshot/io/fabric8/kubernetes-client-bom/5.9.0/kubernetes-client-bom-5.9.0.pom
2024-05-11 17:55:14,285 [Worker-70: Building] INFO  o.e.m.c.i.e.AbstractTransferListenerAdapter - Downloaded https://repo.spring.io/milestone/io/fabric8/kubernetes-client-bom/5.9.0/kubernetes-client-bom-5.9.0.pom
2024-05-11 17:55:14,355 [Worker-70: Building] INFO  o.e.m.c.i.e.AbstractTransferListenerAdapter - Downloading https://repo.maven.apache.org/maven2/io/fabric8/kubernetes-client-bom/5.9.0/kubernetes-client-bom-5.9.0.pom
2024-05-11 17:55:14,871 [Worker-70: Building] INFO  o.e.m.c.i.e.AbstractTransferListenerAdapter - Downloaded https://repo.maven.apache.org/maven2/io/fabric8/kubernetes-client-bom/5.9.0/kubernetes-client-bom-5.9.0.pom
2024-05-11 17:55:14,933 [Worker-70: Building] INFO  o.e.m.c.i.e.AbstractTransferListenerAdapter - Downloading https://repo.maven.apache.org/maven2/com/datastax/oss/java-driver-bom/4.13.0/java-driver-bom-4.13.0.pom
2024-05-11 17:55:15,060 [Worker-70: Building] INFO  o.e.m.c.i.e.AbstractTransferListenerAdapter - Downloaded https://repo.maven.apache.org/maven2/com/datastax/oss/java-driver-bom/4.13.0/java-driver-bom-4.13.0.pom
2024-05-11 17:55:15,131 [Worker-70: Building] INFO  o.e.m.c.i.e.AbstractTransferListenerAdapter - Downloading https://repo.maven.apache.org/maven2/io/dropwizard/metrics/metrics-bom/4.2.7/metrics-bom-4.2.7.pom
2024-05-11 17:55:15,322 [Worker-70: Building] INFO  o.e.m.c.i.e.AbstractTransferListenerAdapter - Downloaded https://repo.maven.apache.org/maven2/io/dropwizard/metrics/metrics-bom/4.2.7/metrics-bom-4.2.7.pom
2024-05-11 17:55:15,387 [Worker-70: Building] INFO  o.e.m.c.i.e.AbstractTransferListenerAdapter - Downloading https://repo.maven.apache.org/maven2/io/dropwizard/metrics/metrics-parent/4.2.7/metrics-parent-4.2.7.pom
2024-05-11 17:55:15,595 [Worker-70: Building] INFO  o.e.m.c.i.e.AbstractTransferListenerAdapter - Downloaded https://repo.maven.apache.org/maven2/io/dropwizard/metrics/metrics-parent/4.2.7/metrics-parent-4.2.7.pom
2024-05-11 17:55:15,672 [Worker-70: Building] INFO  o.e.m.c.i.e.AbstractTransferListenerAdapter - Downloading https://repo.maven.apache.org/maven2/org/codehaus/groovy/groovy-bom/3.0.9/groovy-bom-3.0.9.pom
2024-05-11 17:55:16,150 [Worker-70: Building] INFO  o.e.m.c.i.e.AbstractTransferListenerAdapter - Downloaded https://repo.maven.apache.org/maven2/org/codehaus/groovy/groovy-bom/3.0.9/groovy-bom-3.0.9.pom
2024-05-11 17:55:16,432 [Worker-70: Building] INFO  o.e.m.c.i.e.AbstractTransferListenerAdapter - Downloading https://repo.maven.apache.org/maven2/org/infinispan/infinispan-bom/12.1.10.Final/infinispan-bom-12.1.10.Final.pom
2024-05-11 17:55:16,559 [Worker-70: Building] INFO  o.e.m.c.i.e.AbstractTransferListenerAdapter - Downloaded https://repo.maven.apache.org/maven2/org/infinispan/infinispan-bom/12.1.10.Final/infinispan-bom-12.1.10.Final.pom
2024-05-11 17:55:16,621 [Worker-70: Building] INFO  o.e.m.c.i.e.AbstractTransferListenerAdapter - Downloading https://repo.maven.apache.org/maven2/org/infinispan/infinispan-build-configuration-parent/12.1.10.Final/infinispan-build-configuration-parent-12.1.10.Final.pom
2024-05-11 17:55:16,855 [Worker-70: Building] INFO  o.e.m.c.i.e.AbstractTransferListenerAdapter - Downloaded https://repo.maven.apache.org/maven2/org/infinispan/infinispan-build-configuration-parent/12.1.10.Final/infinispan-build-configuration-parent-12.1.10.Final.pom
2024-05-11 17:55:17,071 [Worker-70: Building] INFO  o.e.m.c.i.e.AbstractTransferListenerAdapter - Downloading https://repo.maven.apache.org/maven2/org/jboss/jboss-parent/36/jboss-parent-36.pom
2024-05-11 17:55:17,542 [Worker-70: Building] INFO  o.e.m.c.i.e.AbstractTransferListenerAdapter - Downloaded https://repo.maven.apache.org/maven2/org/jboss/jboss-parent/36/jboss-parent-36.pom
2024-05-11 17:55:17,594 [Worker-70: Building] INFO  o.e.m.c.i.e.AbstractTransferListenerAdapter - Downloading https://repo.maven.apache.org/maven2/com/fasterxml/jackson/jackson-bom/2.13.1/jackson-bom-2.13.1.pom
2024-05-11 17:55:17,775 [Worker-70: Building] INFO  o.e.m.c.i.e.AbstractTransferListenerAdapter - Downloaded https://repo.maven.apache.org/maven2/com/fasterxml/jackson/jackson-bom/2.13.1/jackson-bom-2.13.1.pom
2024-05-11 17:55:17,842 [Worker-70: Building] INFO  o.e.m.c.i.e.AbstractTransferListenerAdapter - Downloading https://repo.maven.apache.org/maven2/org/glassfish/jersey/jersey-bom/2.35/jersey-bom-2.35.pom
2024-05-11 17:55:18,097 [Worker-70: Building] INFO  o.e.m.c.i.e.AbstractTransferListenerAdapter - Downloaded https://repo.maven.apache.org/maven2/org/glassfish/jersey/jersey-bom/2.35/jersey-bom-2.35.pom
2024-05-11 17:55:18,152 [Worker-70: Building] INFO  o.e.m.c.i.e.AbstractTransferListenerAdapter - Downloading https://repo.maven.apache.org/maven2/org/eclipse/jetty/jetty-bom/9.4.44.v20210927/jetty-bom-9.4.44.v20210927.pom
2024-05-11 17:55:18,388 [Worker-70: Building] INFO  o.e.m.c.i.e.AbstractTransferListenerAdapter - Downloaded https://repo.maven.apache.org/maven2/org/eclipse/jetty/jetty-bom/9.4.44.v20210927/jetty-bom-9.4.44.v20210927.pom
2024-05-11 17:55:18,469 [Worker-70: Building] INFO  o.e.m.c.i.e.AbstractTransferListenerAdapter - Downloading https://repo.maven.apache.org/maven2/org/junit/junit-bom/5.8.2/junit-bom-5.8.2.pom
2024-05-11 17:55:18,589 [Worker-70: Building] INFO  o.e.m.c.i.e.AbstractTransferListenerAdapter - Downloaded https://repo.maven.apache.org/maven2/org/junit/junit-bom/5.8.2/junit-bom-5.8.2.pom
2024-05-11 17:55:18,798 [Worker-70: Building] INFO  o.e.m.c.i.e.AbstractTransferListenerAdapter - Downloading https://repo.maven.apache.org/maven2/org/jetbrains/kotlin/kotlin-bom/1.6.10/kotlin-bom-1.6.10.pom
2024-05-11 17:55:18,879 [Worker-70: Building] INFO  o.e.m.c.i.e.AbstractTransferListenerAdapter - Downloaded https://repo.maven.apache.org/maven2/org/jetbrains/kotlin/kotlin-bom/1.6.10/kotlin-bom-1.6.10.pom
2024-05-11 17:55:18,943 [Worker-70: Building] INFO  o.e.m.c.i.e.AbstractTransferListenerAdapter - Downloading https://repo.maven.apache.org/maven2/org/jetbrains/kotlinx/kotlinx-coroutines-bom/1.5.2/kotlinx-coroutines-bom-1.5.2.pom
2024-05-11 17:55:19,066 [Worker-70: Building] INFO  o.e.m.c.i.e.AbstractTransferListenerAdapter - Downloaded https://repo.maven.apache.org/maven2/org/jetbrains/kotlinx/kotlinx-coroutines-bom/1.5.2/kotlinx-coroutines-bom-1.5.2.pom
2024-05-11 17:55:19,113 [Worker-70: Building] INFO  o.e.m.c.i.e.AbstractTransferListenerAdapter - Downloading https://repo.maven.apache.org/maven2/org/apache/logging/log4j/log4j-bom/2.17.0/log4j-bom-2.17.0.pom
2024-05-11 17:55:19,278 [Worker-70: Building] INFO  o.e.m.c.i.e.AbstractTransferListenerAdapter - Downloaded https://repo.maven.apache.org/maven2/org/apache/logging/log4j/log4j-bom/2.17.0/log4j-bom-2.17.0.pom
2024-05-11 17:55:19,323 [Worker-70: Building] INFO  o.e.m.c.i.e.AbstractTransferListenerAdapter - Downloading https://repo.maven.apache.org/maven2/org/apache/logging/logging-parent/3/logging-parent-3.pom
2024-05-11 17:55:19,410 [Worker-70: Building] INFO  o.e.m.c.i.e.AbstractTransferListenerAdapter - Downloaded https://repo.maven.apache.org/maven2/org/apache/logging/logging-parent/3/logging-parent-3.pom
2024-05-11 17:55:19,452 [Worker-70: Building] INFO  o.e.m.c.i.e.AbstractTransferListenerAdapter - Downloading https://repo.maven.apache.org/maven2/io/micrometer/micrometer-bom/1.8.1/micrometer-bom-1.8.1.pom
2024-05-11 17:55:19,801 [Worker-70: Building] INFO  o.e.m.c.i.e.AbstractTransferListenerAdapter - Downloaded https://repo.maven.apache.org/maven2/io/micrometer/micrometer-bom/1.8.1/micrometer-bom-1.8.1.pom
2024-05-11 17:55:19,853 [Worker-70: Building] INFO  o.e.m.c.i.e.AbstractTransferListenerAdapter - Downloading https://repo.maven.apache.org/maven2/io/netty/netty-bom/4.1.72.Final/netty-bom-4.1.72.Final.pom
2024-05-11 17:55:20,042 [Worker-70: Building] INFO  o.e.m.c.i.e.AbstractTransferListenerAdapter - Downloaded https://repo.maven.apache.org/maven2/io/netty/netty-bom/4.1.72.Final/netty-bom-4.1.72.Final.pom
2024-05-11 17:55:20,098 [Worker-70: Building] INFO  o.e.m.c.i.e.AbstractTransferListenerAdapter - Downloading https://repo.maven.apache.org/maven2/com/oracle/database/jdbc/ojdbc-bom/21.3.0.0/ojdbc-bom-21.3.0.0.pom
2024-05-11 17:55:20,330 [Worker-70: Building] INFO  o.e.m.c.i.e.AbstractTransferListenerAdapter - Downloaded https://repo.maven.apache.org/maven2/com/oracle/database/jdbc/ojdbc-bom/21.3.0.0/ojdbc-bom-21.3.0.0.pom
2024-05-11 17:55:20,393 [Worker-70: Building] INFO  o.e.m.c.i.e.AbstractTransferListenerAdapter - Downloading https://repo.maven.apache.org/maven2/io/prometheus/simpleclient_bom/0.12.0/simpleclient_bom-0.12.0.pom
2024-05-11 17:55:20,613 [Worker-70: Building] INFO  o.e.m.c.i.e.AbstractTransferListenerAdapter - Downloaded https://repo.maven.apache.org/maven2/io/prometheus/simpleclient_bom/0.12.0/simpleclient_bom-0.12.0.pom
2024-05-11 17:55:20,662 [Worker-70: Building] INFO  o.e.m.c.i.e.AbstractTransferListenerAdapter - Downloading https://repo.maven.apache.org/maven2/io/prometheus/parent/0.12.0/parent-0.12.0.pom
2024-05-11 17:55:20,882 [Worker-70: Building] INFO  o.e.m.c.i.e.AbstractTransferListenerAdapter - Downloaded https://repo.maven.apache.org/maven2/io/prometheus/parent/0.12.0/parent-0.12.0.pom
2024-05-11 17:55:20,988 [Worker-70: Building] INFO  o.e.m.c.i.e.AbstractTransferListenerAdapter - Downloading https://repo.maven.apache.org/maven2/io/r2dbc/r2dbc-bom/Arabba-SR11/r2dbc-bom-Arabba-SR11.pom
2024-05-11 17:55:21,050 [Worker-70: Building] INFO  o.e.m.c.i.e.AbstractTransferListenerAdapter - Downloaded https://repo.maven.apache.org/maven2/io/r2dbc/r2dbc-bom/Arabba-SR11/r2dbc-bom-Arabba-SR11.pom
2024-05-11 17:55:21,140 [Worker-70: Building] INFO  o.e.m.c.i.e.AbstractTransferListenerAdapter - Downloading https://repo.maven.apache.org/maven2/io/projectreactor/reactor-bom/2020.0.14/reactor-bom-2020.0.14.pom
2024-05-11 17:55:21,212 [Worker-70: Building] INFO  o.e.m.c.i.e.AbstractTransferListenerAdapter - Downloaded https://repo.maven.apache.org/maven2/io/projectreactor/reactor-bom/2020.0.14/reactor-bom-2020.0.14.pom
2024-05-11 17:55:21,289 [Worker-70: Building] INFO  o.e.m.c.i.e.AbstractTransferListenerAdapter - Downloading https://repo.maven.apache.org/maven2/io/rsocket/rsocket-bom/1.1.1/rsocket-bom-1.1.1.pom
2024-05-11 17:55:21,347 [Worker-70: Building] INFO  o.e.m.c.i.e.AbstractTransferListenerAdapter - Downloaded https://repo.maven.apache.org/maven2/io/rsocket/rsocket-bom/1.1.1/rsocket-bom-1.1.1.pom
2024-05-11 17:55:21,402 [Worker-70: Building] INFO  o.e.m.c.i.e.AbstractTransferListenerAdapter - Downloading https://repo.maven.apache.org/maven2/org/springframework/data/spring-data-bom/2021.1.0/spring-data-bom-2021.1.0.pom
2024-05-11 17:55:21,554 [Worker-70: Building] INFO  o.e.m.c.i.e.AbstractTransferListenerAdapter - Downloaded https://repo.maven.apache.org/maven2/org/springframework/data/spring-data-bom/2021.1.0/spring-data-bom-2021.1.0.pom
2024-05-11 17:55:21,632 [Worker-70: Building] INFO  o.e.m.c.i.e.AbstractTransferListenerAdapter - Downloading https://repo.maven.apache.org/maven2/org/springframework/spring-framework-bom/5.3.14/spring-framework-bom-5.3.14.pom
2024-05-11 17:55:21,768 [Worker-70: Building] INFO  o.e.m.c.i.e.AbstractTransferListenerAdapter - Downloaded https://repo.maven.apache.org/maven2/org/springframework/spring-framework-bom/5.3.14/spring-framework-bom-5.3.14.pom
2024-05-11 17:55:21,822 [Worker-70: Building] INFO  o.e.m.c.i.e.AbstractTransferListenerAdapter - Downloading https://repo.maven.apache.org/maven2/org/springframework/integration/spring-integration-bom/5.5.7/spring-integration-bom-5.5.7.pom
2024-05-11 17:55:21,975 [Worker-70: Building] INFO  o.e.m.c.i.e.AbstractTransferListenerAdapter - Downloaded https://repo.maven.apache.org/maven2/org/springframework/integration/spring-integration-bom/5.5.7/spring-integration-bom-5.5.7.pom
2024-05-11 17:55:22,082 [Worker-70: Building] INFO  o.e.m.c.i.e.AbstractTransferListenerAdapter - Downloading https://repo.maven.apache.org/maven2/org/springframework/security/spring-security-bom/5.6.1/spring-security-bom-5.6.1.pom
2024-05-11 17:55:22,145 [Worker-70: Building] INFO  o.e.m.c.i.e.AbstractTransferListenerAdapter - Downloaded https://repo.maven.apache.org/maven2/org/springframework/security/spring-security-bom/5.6.1/spring-security-bom-5.6.1.pom
2024-05-11 17:55:22,204 [Worker-70: Building] INFO  o.e.m.c.i.e.AbstractTransferListenerAdapter - Downloading https://repo.maven.apache.org/maven2/org/springframework/session/spring-session-bom/2021.1.1/spring-session-bom-2021.1.1.pom
2024-05-11 17:55:22,324 [Worker-70: Building] INFO  o.e.m.c.i.e.AbstractTransferListenerAdapter - Downloaded https://repo.maven.apache.org/maven2/org/springframework/session/spring-session-bom/2021.1.1/spring-session-bom-2021.1.1.pom
2024-05-11 17:55:22,545 [Worker-70: Building] INFO  o.e.m.c.i.e.AbstractTransferListenerAdapter - Downloading https://repo.maven.apache.org/maven2/org/springdoc/springdoc-openapi-webmvc-core/1.6.4/springdoc-openapi-webmvc-core-1.6.4.pom
2024-05-11 17:55:22,608 [Worker-70: Building] INFO  o.e.m.c.i.e.AbstractTransferListenerAdapter - Downloaded https://repo.maven.apache.org/maven2/org/springdoc/springdoc-openapi-webmvc-core/1.6.4/springdoc-openapi-webmvc-core-1.6.4.pom
2024-05-11 17:55:22,664 [Worker-70: Building] INFO  o.e.m.c.i.e.AbstractTransferListenerAdapter - Downloading https://repo.maven.apache.org/maven2/org/springdoc/springdoc-openapi-common/1.6.4/springdoc-openapi-common-1.6.4.pom
2024-05-11 17:55:22,751 [Worker-70: Building] INFO  o.e.m.c.i.e.AbstractTransferListenerAdapter - Downloaded https://repo.maven.apache.org/maven2/org/springdoc/springdoc-openapi-common/1.6.4/springdoc-openapi-common-1.6.4.pom
2024-05-11 17:55:22,852 [Worker-70: Building] INFO  o.e.m.c.i.e.AbstractTransferListenerAdapter - Downloading https://repo.maven.apache.org/maven2/io/swagger/core/v3/swagger-core/2.1.12/swagger-core-2.1.12.pom
2024-05-11 17:55:22,944 [Worker-70: Building] INFO  o.e.m.c.i.e.AbstractTransferListenerAdapter - Downloaded https://repo.maven.apache.org/maven2/io/swagger/core/v3/swagger-core/2.1.12/swagger-core-2.1.12.pom
2024-05-11 17:55:23,004 [Worker-70: Building] INFO  o.e.m.c.i.e.AbstractTransferListenerAdapter - Downloading https://repo.maven.apache.org/maven2/io/swagger/core/v3/swagger-project/2.1.12/swagger-project-2.1.12.pom
2024-05-11 17:55:23,573 [Worker-70: Building] INFO  o.e.m.c.i.e.AbstractTransferListenerAdapter - Downloaded https://repo.maven.apache.org/maven2/io/swagger/core/v3/swagger-project/2.1.12/swagger-project-2.1.12.pom
2024-05-11 17:55:23,648 [Worker-70: Building] INFO  o.e.m.c.i.e.AbstractTransferListenerAdapter - Downloading https://repo.maven.apache.org/maven2/io/swagger/core/v3/swagger-annotations/2.1.12/swagger-annotations-2.1.12.pom
2024-05-11 17:55:23,807 [Worker-70: Building] INFO  o.e.m.c.i.e.AbstractTransferListenerAdapter - Downloaded https://repo.maven.apache.org/maven2/io/swagger/core/v3/swagger-annotations/2.1.12/swagger-annotations-2.1.12.pom
2024-05-11 17:55:23,942 [Worker-70: Building] INFO  o.e.m.c.i.e.AbstractTransferListenerAdapter - Downloading https://repo.maven.apache.org/maven2/io/swagger/core/v3/swagger-models/2.1.12/swagger-models-2.1.12.pom
2024-05-11 17:55:24,016 [Worker-70: Building] INFO  o.e.m.c.i.e.AbstractTransferListenerAdapter - Downloaded https://repo.maven.apache.org/maven2/io/swagger/core/v3/swagger-models/2.1.12/swagger-models-2.1.12.pom
2024-05-11 17:55:24,153 [Worker-70: Building] INFO  o.e.m.c.i.e.AbstractTransferListenerAdapter - Downloading https://repo.maven.apache.org/maven2/org/webjars/swagger-ui/4.1.3/swagger-ui-4.1.3.pom
2024-05-11 17:55:24,216 [Worker-70: Building] INFO  o.e.m.c.i.e.AbstractTransferListenerAdapter - Downloaded https://repo.maven.apache.org/maven2/org/webjars/swagger-ui/4.1.3/swagger-ui-4.1.3.pom
2024-05-11 17:55:24,277 [Worker-70: Building] INFO  o.e.m.c.i.e.AbstractTransferListenerAdapter - Downloading https://repo.maven.apache.org/maven2/io/github/classgraph/classgraph/4.8.138/classgraph-4.8.138.pom
2024-05-11 17:55:25,017 [Worker-70: Building] INFO  o.e.m.c.i.e.AbstractTransferListenerAdapter - Downloaded https://repo.maven.apache.org/maven2/io/github/classgraph/classgraph/4.8.138/classgraph-4.8.138.pom
2024-05-11 17:55:25,192 [AetherRepositoryConnector-repo.maven.apache.org-5-0] INFO  o.e.m.c.i.e.AbstractTransferListenerAdapter - Downloading https://repo.maven.apache.org/maven2/org/springdoc/springdoc-openapi-ui/1.6.4/springdoc-openapi-ui-1.6.4.jar
2024-05-11 17:55:25,393 [AetherRepositoryConnector-repo.maven.apache.org-5-4] INFO  o.e.m.c.i.e.AbstractTransferListenerAdapter - Downloading https://repo.maven.apache.org/maven2/io/swagger/core/v3/swagger-annotations/2.1.12/swagger-annotations-2.1.12.jar
2024-05-11 17:55:25,779 [AetherRepositoryConnector-repo.maven.apache.org-5-1] INFO  o.e.m.c.i.e.AbstractTransferListenerAdapter - Downloading https://repo.maven.apache.org/maven2/org/springdoc/springdoc-openapi-webmvc-core/1.6.4/springdoc-openapi-webmvc-core-1.6.4.jar
2024-05-11 17:55:26,252 [AetherRepositoryConnector-repo.maven.apache.org-5-2] INFO  o.e.m.c.i.e.AbstractTransferListenerAdapter - Downloading https://repo.maven.apache.org/maven2/org/springdoc/springdoc-openapi-common/1.6.4/springdoc-openapi-common-1.6.4.jar
2024-05-11 17:55:26,453 [AetherRepositoryConnector-repo.maven.apache.org-5-3] INFO  o.e.m.c.i.e.AbstractTransferListenerAdapter - Downloading https://repo.maven.apache.org/maven2/io/swagger/core/v3/swagger-core/2.1.12/swagger-core-2.1.12.jar
2024-05-11 17:55:27,103 [AetherRepositoryConnector-repo.maven.apache.org-5-0] INFO  o.e.m.c.i.e.AbstractTransferListenerAdapter - Downloaded https://repo.maven.apache.org/maven2/org/springdoc/springdoc-openapi-ui/1.6.4/springdoc-openapi-ui-1.6.4.jar
2024-05-11 17:55:29,074 [AetherRepositoryConnector-repo.maven.apache.org-5-0] INFO  o.e.m.c.i.e.AbstractTransferListenerAdapter - Downloading https://repo.maven.apache.org/maven2/io/swagger/core/v3/swagger-models/2.1.12/swagger-models-2.1.12.jar
2024-05-11 17:55:29,103 [AetherRepositoryConnector-repo.maven.apache.org-5-4] INFO  o.e.m.c.i.e.AbstractTransferListenerAdapter - Downloaded https://repo.maven.apache.org/maven2/io/swagger/core/v3/swagger-annotations/2.1.12/swagger-annotations-2.1.12.jar
2024-05-11 17:55:29,103 [AetherRepositoryConnector-repo.maven.apache.org-5-1] INFO  o.e.m.c.i.e.AbstractTransferListenerAdapter - Downloaded https://repo.maven.apache.org/maven2/org/springdoc/springdoc-openapi-webmvc-core/1.6.4/springdoc-openapi-webmvc-core-1.6.4.jar
2024-05-11 17:55:30,950 [AetherRepositoryConnector-repo.maven.apache.org-5-4] INFO  o.e.m.c.i.e.AbstractTransferListenerAdapter - Downloading https://repo.maven.apache.org/maven2/org/webjars/swagger-ui/4.1.3/swagger-ui-4.1.3.jar
2024-05-11 17:55:30,950 [AetherRepositoryConnector-repo.maven.apache.org-5-1] INFO  o.e.m.c.i.e.AbstractTransferListenerAdapter - Downloading https://repo.maven.apache.org/maven2/io/github/classgraph/classgraph/4.8.138/classgraph-4.8.138.jar
2024-05-11 17:55:32,225 [AetherRepositoryConnector-repo.maven.apache.org-5-3] INFO  o.e.m.c.i.e.AbstractTransferListenerAdapter - Downloaded https://repo.maven.apache.org/maven2/io/swagger/core/v3/swagger-core/2.1.12/swagger-core-2.1.12.jar
2024-05-11 17:55:35,837 [AetherRepositoryConnector-repo.maven.apache.org-5-0] INFO  o.e.m.c.i.e.AbstractTransferListenerAdapter - Downloaded https://repo.maven.apache.org/maven2/io/swagger/core/v3/swagger-models/2.1.12/swagger-models-2.1.12.jar
2024-05-11 17:55:37,400 [AetherRepositoryConnector-repo.maven.apache.org-5-2] INFO  o.e.m.c.i.e.AbstractTransferListenerAdapter - Downloaded https://repo.maven.apache.org/maven2/org/springdoc/springdoc-openapi-common/1.6.4/springdoc-openapi-common-1.6.4.jar
2024-05-11 17:55:43,918 [AetherRepositoryConnector-repo.maven.apache.org-5-1] INFO  o.e.m.c.i.e.AbstractTransferListenerAdapter - Downloaded https://repo.maven.apache.org/maven2/io/github/classgraph/classgraph/4.8.138/classgraph-4.8.138.jar
2024-05-11 17:56:31,850 [AetherRepositoryConnector-repo.maven.apache.org-5-4] INFO  o.e.m.c.i.e.AbstractTransferListenerAdapter - Downloaded https://repo.maven.apache.org/maven2/org/webjars/swagger-ui/4.1.3/swagger-ui-4.1.3.jar
2024-05-11 17:56:32,609 [Worker-70: Building] INFO  o.a.m.s.f.DefaultMavenResourcesFiltering - Copying 0 resource from src\main\resources to target\classes
2024-05-11 17:56:32,610 [Worker-70: Building] INFO  o.a.m.s.f.DefaultMavenResourcesFiltering - Copying 0 resource from src\main\resources to target\classes
2024-05-11 17:56:32,616 [Worker-70: Building] INFO  o.a.m.s.f.DefaultMavenResourcesFiltering - skip non existing resourceDirectory C:\Teck Giri\Java Fullstack Developer\Spring Framework\FirstSpringProject\student\src\test\resources
2024-05-11 17:56:33,805 [Worker-72: Download sources and javadoc] INFO  o.e.m.c.i.e.AbstractTransferListenerAdapter - Downloading https://repo.maven.apache.org/maven2/org/springdoc/springdoc-openapi-ui/1.6.4/springdoc-openapi-ui-1.6.4-sources.jar
2024-05-11 17:56:34,036 [Worker-72: Download sources and javadoc] INFO  o.e.m.c.i.e.AbstractTransferListenerAdapter - Downloaded https://repo.maven.apache.org/maven2/org/springdoc/springdoc-openapi-ui/1.6.4/springdoc-openapi-ui-1.6.4-sources.jar
2024-05-11 17:56:34,041 [Worker-72: Download sources and javadoc] INFO  o.e.m.j.internal.DownloadSourcesJob - Downloaded sources for org.springdoc:springdoc-openapi-ui:1.6.4
2024-05-11 17:56:34,209 [Worker-72: Download sources and javadoc] INFO  o.e.m.c.i.e.AbstractTransferListenerAdapter - Downloading https://repo.maven.apache.org/maven2/org/springdoc/springdoc-openapi-webmvc-core/1.6.4/springdoc-openapi-webmvc-core-1.6.4-sources.jar
2024-05-11 17:56:34,481 [Worker-72: Download sources and javadoc] INFO  o.e.m.c.i.e.AbstractTransferListenerAdapter - Downloaded https://repo.maven.apache.org/maven2/org/springdoc/springdoc-openapi-webmvc-core/1.6.4/springdoc-openapi-webmvc-core-1.6.4-sources.jar
2024-05-11 17:56:34,484 [Worker-72: Download sources and javadoc] INFO  o.e.m.j.internal.DownloadSourcesJob - Downloaded sources for org.springdoc:springdoc-openapi-webmvc-core:1.6.4
2024-05-11 17:56:34,655 [Worker-72: Download sources and javadoc] INFO  o.e.m.c.i.e.AbstractTransferListenerAdapter - Downloading https://repo.maven.apache.org/maven2/org/springdoc/springdoc-openapi-common/1.6.4/springdoc-openapi-common-1.6.4-sources.jar
2024-05-11 17:56:35,188 [Worker-72: Download sources and javadoc] INFO  o.e.m.c.i.e.AbstractTransferListenerAdapter - Downloaded https://repo.maven.apache.org/maven2/org/springdoc/springdoc-openapi-common/1.6.4/springdoc-openapi-common-1.6.4-sources.jar
2024-05-11 17:56:35,191 [Worker-72: Download sources and javadoc] INFO  o.e.m.j.internal.DownloadSourcesJob - Downloaded sources for org.springdoc:springdoc-openapi-common:1.6.4
2024-05-11 17:56:35,367 [Worker-72: Download sources and javadoc] INFO  o.e.m.c.i.e.AbstractTransferListenerAdapter - Downloading https://repo.maven.apache.org/maven2/io/swagger/core/v3/swagger-core/2.1.12/swagger-core-2.1.12-sources.jar
2024-05-11 17:56:35,596 [Worker-72: Download sources and javadoc] INFO  o.e.m.c.i.e.AbstractTransferListenerAdapter - Downloaded https://repo.maven.apache.org/maven2/io/swagger/core/v3/swagger-core/2.1.12/swagger-core-2.1.12-sources.jar
2024-05-11 17:56:35,602 [Worker-72: Download sources and javadoc] INFO  o.e.m.j.internal.DownloadSourcesJob - Downloaded sources for io.swagger.core.v3:swagger-core:2.1.12
2024-05-11 17:56:35,794 [Worker-72: Download sources and javadoc] INFO  o.e.m.c.i.e.AbstractTransferListenerAdapter - Downloading https://repo.maven.apache.org/maven2/io/swagger/core/v3/swagger-annotations/2.1.12/swagger-annotations-2.1.12-sources.jar
2024-05-11 17:56:35,944 [Worker-72: Download sources and javadoc] INFO  o.e.m.c.i.e.AbstractTransferListenerAdapter - Downloaded https://repo.maven.apache.org/maven2/io/swagger/core/v3/swagger-annotations/2.1.12/swagger-annotations-2.1.12-sources.jar
2024-05-11 17:56:35,950 [Worker-72: Download sources and javadoc] INFO  o.e.m.j.internal.DownloadSourcesJob - Downloaded sources for io.swagger.core.v3:swagger-annotations:2.1.12
2024-05-11 17:56:36,102 [Worker-72: Download sources and javadoc] INFO  o.e.m.c.i.e.AbstractTransferListenerAdapter - Downloading https://repo.maven.apache.org/maven2/io/swagger/core/v3/swagger-models/2.1.12/swagger-models-2.1.12-sources.jar
2024-05-11 17:56:36,317 [Worker-72: Download sources and javadoc] INFO  o.e.m.c.i.e.AbstractTransferListenerAdapter - Downloaded https://repo.maven.apache.org/maven2/io/swagger/core/v3/swagger-models/2.1.12/swagger-models-2.1.12-sources.jar
2024-05-11 17:56:36,323 [Worker-72: Download sources and javadoc] INFO  o.e.m.j.internal.DownloadSourcesJob - Downloaded sources for io.swagger.core.v3:swagger-models:2.1.12
2024-05-11 17:56:36,732 [Worker-72: Download sources and javadoc] INFO  o.e.m.c.i.e.AbstractTransferListenerAdapter - Downloaded https://repo.maven.apache.org/maven2/org/webjars/swagger-ui/4.1.3/swagger-ui-4.1.3-sources.jar
2024-05-11 17:56:36,739 [Worker-72: Download sources and javadoc] ERROR o.e.m.j.internal.DownloadSourcesJob - Could not download sources for org.webjars:swagger-ui:4.1.3
org.eclipse.core.runtime.CoreException: Could not resolve artifact org.webjars:swagger-ui:jar:sources:4.1.3
	at org.eclipse.m2e.core.internal.embedder.MavenImpl.lambda$6(MavenImpl.java:584)
	at org.eclipse.m2e.core.internal.embedder.MavenExecutionContext.executeBare(MavenExecutionContext.java:394)
	at org.eclipse.m2e.core.internal.embedder.MavenExecutionContext.execute(MavenExecutionContext.java:228)
	at org.eclipse.m2e.core.internal.embedder.MavenExecutionContext.execute(MavenExecutionContext.java:214)
	at org.eclipse.m2e.core.internal.embedder.MavenImpl.resolve(MavenImpl.java:553)
	at org.eclipse.m2e.core.internal.embedder.MavenImpl.resolve(MavenImpl.java:538)
	at org.eclipse.m2e.jdt.internal.DownloadSourcesJob.download(DownloadSourcesJob.java:308)
	at org.eclipse.m2e.jdt.internal.DownloadSourcesJob.downloadAttachments(DownloadSourcesJob.java:282)
	at org.eclipse.m2e.jdt.internal.DownloadSourcesJob.downloadMaven(DownloadSourcesJob.java:252)
	at org.eclipse.m2e.jdt.internal.DownloadSourcesJob.downloadFilesAndPopulateToUpdate(DownloadSourcesJob.java:220)
	at org.eclipse.m2e.jdt.internal.DownloadSourcesJob.lambda$0(DownloadSourcesJob.java:149)
	at org.eclipse.m2e.core.internal.embedder.MavenExecutionContext.executeBare(MavenExecutionContext.java:394)
	at org.eclipse.m2e.core.internal.embedder.MavenExecutionContext.execute(MavenExecutionContext.java:275)
	at org.eclipse.m2e.core.internal.embedder.MavenExecutionContext.execute(MavenExecutionContext.java:214)
	at org.eclipse.m2e.core.embedder.IMaven.execute(IMaven.java:294)
	at org.eclipse.m2e.jdt.internal.DownloadSourcesJob.run(DownloadSourcesJob.java:149)
	at org.eclipse.core.internal.jobs.Worker.run(Worker.java:63)
2024-05-11 17:56:36,912 [Worker-72: Download sources and javadoc] INFO  o.e.m.c.i.e.AbstractTransferListenerAdapter - Downloading https://repo.maven.apache.org/maven2/io/github/classgraph/classgraph/4.8.138/classgraph-4.8.138-sources.jar
2024-05-11 17:56:39,357 [Worker-72: Download sources and javadoc] INFO  o.e.m.c.i.e.AbstractTransferListenerAdapter - Downloaded https://repo.maven.apache.org/maven2/io/github/classgraph/classgraph/4.8.138/classgraph-4.8.138-sources.jar
2024-05-11 17:56:39,363 [Worker-72: Download sources and javadoc] INFO  o.e.m.j.internal.DownloadSourcesJob - Downloaded sources for io.github.classgraph:classgraph:4.8.138
2024-05-11 17:57:08,823 [Worker-70: Building] INFO  o.a.m.s.f.DefaultMavenResourcesFiltering - Copying 1 resource from src\main\resources to target\classes
2024-05-11 17:57:08,861 [Worker-70: Building] INFO  o.a.m.s.f.DefaultMavenResourcesFiltering - Copying 0 resource from src\main\resources to target\classes
2024-05-11 17:57:08,867 [Worker-70: Building] INFO  o.a.m.s.f.DefaultMavenResourcesFiltering - skip non existing resourceDirectory C:\Teck Giri\Java Fullstack Developer\Spring Framework\FirstSpringProject\student\src\test\resources
2024-05-11 17:58:00,614 [Worker-73: Building] INFO  o.a.m.s.f.DefaultMavenResourcesFiltering - Copying 1 resource from src\main\resources to target\classes
2024-05-11 17:58:00,624 [Worker-73: Building] INFO  o.a.m.s.f.DefaultMavenResourcesFiltering - Copying 0 resource from src\main\resources to target\classes
2024-05-11 17:58:00,628 [Worker-73: Building] INFO  o.a.m.s.f.DefaultMavenResourcesFiltering - skip non existing resourceDirectory C:\Teck Giri\Java Fullstack Developer\Spring Framework\FirstSpringProject\student\src\test\resources
2024-05-11 17:58:47,609 [Worker-72: Building] INFO  o.a.m.s.f.DefaultMavenResourcesFiltering - Copying 1 resource from src\main\resources to target\classes
2024-05-11 17:58:47,620 [Worker-72: Building] INFO  o.a.m.s.f.DefaultMavenResourcesFiltering - Copying 0 resource from src\main\resources to target\classes
2024-05-11 17:58:47,624 [Worker-72: Building] INFO  o.a.m.s.f.DefaultMavenResourcesFiltering - skip non existing resourceDirectory C:\Teck Giri\Java Fullstack Developer\Spring Framework\FirstSpringProject\student\src\test\resources
2024-05-11 17:59:05,707 [Worker-75: Updating Maven Project] INFO  o.e.m.c.i.p.ProjectConfigurationManager - Update started
2024-05-11 17:59:06,172 [Worker-75: Updating Maven Project] INFO  o.e.m.c.i.l.LifecycleMappingFactory - Using org.eclipse.m2e.jdt.JarLifecycleMapping lifecycle mapping for MavenProject: com.demo:student:0.0.1-SNAPSHOT @ C:\Teck Giri\Java Fullstack Developer\Spring Framework\FirstSpringProject\student\pom.xml.
2024-05-11 17:59:07,026 [Worker-75: Updating Maven Project] INFO  o.e.m.j.i.AbstractJavaProjectConfigurator - Adding source folder /student/src/main/java
2024-05-11 17:59:07,027 [Worker-75: Updating Maven Project] INFO  o.e.m.j.i.AbstractJavaProjectConfigurator - Adding resource folder /student/src/main/resources
2024-05-11 17:59:07,027 [Worker-75: Updating Maven Project] INFO  o.e.m.j.i.AbstractJavaProjectConfigurator - Adding resource folder /student/src/main/resources
2024-05-11 17:59:07,028 [Worker-75: Updating Maven Project] INFO  o.e.m.j.i.AbstractJavaProjectConfigurator - Adding source folder /student/src/test/java
2024-05-11 17:59:07,028 [Worker-75: Updating Maven Project] INFO  o.e.m.j.i.AbstractJavaProjectConfigurator - Adding resource folder /student/src/test/resources
2024-05-11 17:59:07,480 [Worker-75: Updating Maven Project] INFO  o.e.m.c.i.p.ProjectConfigurationManager - Update completed for 1 poms: local refresh takes 0.00 sec, refresh facades takes 1.00 sec, update config takes 0.00 sec 
2024-05-11 17:59:07,832 [Worker-70: Building] INFO  o.a.m.s.f.DefaultMavenResourcesFiltering - Copying 1 resource from src\main\resources to target\classes
2024-05-11 17:59:07,853 [Worker-70: Building] INFO  o.a.m.s.f.DefaultMavenResourcesFiltering - Copying 0 resource from src\main\resources to target\classes
2024-05-11 17:59:07,859 [Worker-70: Building] INFO  o.a.m.s.f.DefaultMavenResourcesFiltering - skip non existing resourceDirectory C:\Teck Giri\Java Fullstack Developer\Spring Framework\FirstSpringProject\student\src\test\resources
2024-05-11 17:59:08,283 [Worker-79: Download sources and javadoc] INFO  o.e.m.c.i.e.AbstractTransferListenerAdapter - Downloading https://repo.maven.apache.org/maven2/org/webjars/swagger-ui/4.1.3/swagger-ui-4.1.3-javadoc.jar
2024-05-11 17:59:45,151 [Worker-79: Download sources and javadoc] INFO  o.e.m.c.i.e.AbstractTransferListenerAdapter - Downloaded https://repo.maven.apache.org/maven2/org/webjars/swagger-ui/4.1.3/swagger-ui-4.1.3-javadoc.jar
2024-05-11 17:59:45,159 [Worker-79: Download sources and javadoc] INFO  o.e.m.j.internal.DownloadSourcesJob - Downloaded javadoc for org.webjars:swagger-ui:4.1.3
2024-05-11 18:00:53,365 [Worker-77: Building] INFO  o.a.m.s.f.DefaultMavenResourcesFiltering - Copying 1 resource from src\main\resources to target\classes
2024-05-11 18:00:53,375 [Worker-77: Building] INFO  o.a.m.s.f.DefaultMavenResourcesFiltering - Copying 0 resource from src\main\resources to target\classes
2024-05-11 18:00:53,380 [Worker-77: Building] INFO  o.a.m.s.f.DefaultMavenResourcesFiltering - skip non existing resourceDirectory C:\Teck Giri\Java Fullstack Developer\Spring Framework\FirstSpringProject\student\src\test\resources
2024-05-11 18:20:58,887 [Worker-82: Building] INFO  o.a.m.s.f.DefaultMavenResourcesFiltering - Copying 1 resource from src\main\resources to target\classes
2024-05-11 18:20:58,942 [Worker-82: Building] INFO  o.a.m.s.f.DefaultMavenResourcesFiltering - Copying 0 resource from src\main\resources to target\classes
2024-05-11 18:20:58,945 [Worker-82: Building] INFO  o.a.m.s.f.DefaultMavenResourcesFiltering - skip non existing resourceDirectory C:\Teck Giri\Java Fullstack Developer\Spring Framework\FirstSpringProject\student\src\test\resources
2024-05-11 18:21:27,976 [Worker-79: Building] INFO  o.a.m.s.f.DefaultMavenResourcesFiltering - Copying 1 resource from src\main\resources to target\classes
2024-05-11 18:21:28,028 [Worker-79: Building] INFO  o.a.m.s.f.DefaultMavenResourcesFiltering - Copying 0 resource from src\main\resources to target\classes
2024-05-11 18:21:28,032 [Worker-79: Building] INFO  o.a.m.s.f.DefaultMavenResourcesFiltering - skip non existing resourceDirectory C:\Teck Giri\Java Fullstack Developer\Spring Framework\FirstSpringProject\student\src\test\resources
2024-05-11 18:22:14,894 [Worker-79: Building] INFO  o.a.m.s.f.DefaultMavenResourcesFiltering - Copying 1 resource from src\main\resources to target\classes
2024-05-11 18:22:14,988 [Worker-79: Building] INFO  o.a.m.s.f.DefaultMavenResourcesFiltering - Copying 0 resource from src\main\resources to target\classes
2024-05-11 18:22:14,991 [Worker-79: Building] INFO  o.a.m.s.f.DefaultMavenResourcesFiltering - skip non existing resourceDirectory C:\Teck Giri\Java Fullstack Developer\Spring Framework\FirstSpringProject\student\src\test\resources
2024-05-11 18:22:20,659 [Worker-83: Building] INFO  o.a.m.s.f.DefaultMavenResourcesFiltering - Copying 1 resource from src\main\resources to target\classes
2024-05-11 18:22:20,715 [Worker-83: Building] INFO  o.a.m.s.f.DefaultMavenResourcesFiltering - Copying 0 resource from src\main\resources to target\classes
2024-05-11 18:22:20,719 [Worker-83: Building] INFO  o.a.m.s.f.DefaultMavenResourcesFiltering - skip non existing resourceDirectory C:\Teck Giri\Java Fullstack Developer\Spring Framework\FirstSpringProject\student\src\test\resources
2024-05-11 18:30:09,440 [Worker-83: Building] INFO  o.a.m.s.f.DefaultMavenResourcesFiltering - Copying 1 resource from src\main\resources to target\classes
2024-05-11 18:30:09,462 [Worker-83: Building] INFO  o.a.m.s.f.DefaultMavenResourcesFiltering - Copying 0 resource from src\main\resources to target\classes
2024-05-11 18:30:09,464 [Worker-83: Building] INFO  o.a.m.s.f.DefaultMavenResourcesFiltering - skip non existing resourceDirectory C:\Teck Giri\Java Fullstack Developer\Spring Framework\FirstSpringProject\student\src\test\resources
2024-05-11 18:30:21,076 [Worker-85: Building] INFO  o.a.m.s.f.DefaultMavenResourcesFiltering - Copying 1 resource from src\main\resources to target\classes
2024-05-11 18:30:21,092 [Worker-85: Building] INFO  o.a.m.s.f.DefaultMavenResourcesFiltering - Copying 0 resource from src\main\resources to target\classes
2024-05-11 18:30:21,096 [Worker-85: Building] INFO  o.a.m.s.f.DefaultMavenResourcesFiltering - skip non existing resourceDirectory C:\Teck Giri\Java Fullstack Developer\Spring Framework\FirstSpringProject\student\src\test\resources
2024-05-11 18:32:36,210 [Worker-79: Building] INFO  o.a.m.s.f.DefaultMavenResourcesFiltering - Copying 1 resource from src\main\resources to target\classes
2024-05-11 18:32:36,215 [Worker-79: Building] INFO  o.a.m.s.f.DefaultMavenResourcesFiltering - Copying 0 resource from src\main\resources to target\classes
2024-05-11 18:32:36,218 [Worker-79: Building] INFO  o.a.m.s.f.DefaultMavenResourcesFiltering - skip non existing resourceDirectory C:\Teck Giri\Java Fullstack Developer\Spring Framework\FirstSpringProject\student\src\test\resources
2024-05-11 18:34:57,528 [Worker-85: Building] INFO  o.a.m.s.f.DefaultMavenResourcesFiltering - Copying 1 resource from src\main\resources to target\classes
2024-05-11 18:34:57,534 [Worker-85: Building] INFO  o.a.m.s.f.DefaultMavenResourcesFiltering - Copying 0 resource from src\main\resources to target\classes
2024-05-11 18:34:57,540 [Worker-85: Building] INFO  o.a.m.s.f.DefaultMavenResourcesFiltering - skip non existing resourceDirectory C:\Teck Giri\Java Fullstack Developer\Spring Framework\FirstSpringProject\student\src\test\resources
2024-05-11 18:38:58,558 [Worker-87: Building] INFO  o.a.m.s.f.DefaultMavenResourcesFiltering - Copying 1 resource from src\main\resources to target\classes
2024-05-11 18:38:58,567 [Worker-87: Building] INFO  o.a.m.s.f.DefaultMavenResourcesFiltering - Copying 0 resource from src\main\resources to target\classes
2024-05-11 18:38:58,573 [Worker-87: Building] INFO  o.a.m.s.f.DefaultMavenResourcesFiltering - skip non existing resourceDirectory C:\Teck Giri\Java Fullstack Developer\Spring Framework\FirstSpringProject\student\src\test\resources
2024-05-11 19:16:58,427 [Worker-91: Building] INFO  o.a.m.s.f.DefaultMavenResourcesFiltering - Copying 1 resource from src\main\resources to target\classes
2024-05-11 19:16:58,446 [Worker-91: Building] INFO  o.a.m.s.f.DefaultMavenResourcesFiltering - Copying 0 resource from src\main\resources to target\classes
2024-05-11 19:16:58,447 [Worker-91: Building] INFO  o.a.m.s.f.DefaultMavenResourcesFiltering - skip non existing resourceDirectory C:\Teck Giri\Java Fullstack Developer\Spring Framework\FirstSpringProject\student\src\test\resources
2024-05-11 19:22:07,018 [Worker-93: Building] INFO  o.a.m.s.f.DefaultMavenResourcesFiltering - Copying 1 resource from src\main\resources to target\classes
2024-05-11 19:22:07,028 [Worker-93: Building] INFO  o.a.m.s.f.DefaultMavenResourcesFiltering - Copying 0 resource from src\main\resources to target\classes
2024-05-11 19:22:07,032 [Worker-93: Building] INFO  o.a.m.s.f.DefaultMavenResourcesFiltering - skip non existing resourceDirectory C:\Teck Giri\Java Fullstack Developer\Spring Framework\FirstSpringProject\student\src\test\resources
2024-05-11 19:30:10,161 [Worker-91: Building] INFO  o.a.m.s.f.DefaultMavenResourcesFiltering - Copying 1 resource from src\main\resources to target\classes
2024-05-11 19:30:10,175 [Worker-91: Building] INFO  o.a.m.s.f.DefaultMavenResourcesFiltering - Copying 0 resource from src\main\resources to target\classes
2024-05-11 19:30:10,179 [Worker-91: Building] INFO  o.a.m.s.f.DefaultMavenResourcesFiltering - skip non existing resourceDirectory C:\Teck Giri\Java Fullstack Developer\Spring Framework\FirstSpringProject\student\src\test\resources
2024-05-11 19:30:16,936 [Worker-91: Building] INFO  o.a.m.s.f.DefaultMavenResourcesFiltering - Copying 1 resource from src\main\resources to target\classes
2024-05-11 19:30:16,959 [Worker-91: Building] INFO  o.a.m.s.f.DefaultMavenResourcesFiltering - Copying 0 resource from src\main\resources to target\classes
2024-05-11 19:30:16,962 [Worker-91: Building] INFO  o.a.m.s.f.DefaultMavenResourcesFiltering - skip non existing resourceDirectory C:\Teck Giri\Java Fullstack Developer\Spring Framework\FirstSpringProject\student\src\test\resources
2024-05-11 19:33:06,152 [Worker-92: Building] INFO  o.a.m.s.f.DefaultMavenResourcesFiltering - Copying 1 resource from src\main\resources to target\classes
2024-05-11 19:33:06,192 [Worker-92: Building] INFO  o.a.m.s.f.DefaultMavenResourcesFiltering - Copying 0 resource from src\main\resources to target\classes
2024-05-11 19:33:06,195 [Worker-92: Building] INFO  o.a.m.s.f.DefaultMavenResourcesFiltering - skip non existing resourceDirectory C:\Teck Giri\Java Fullstack Developer\Spring Framework\FirstSpringProject\student\src\test\resources
2024-05-11 19:33:17,538 [Worker-93: Building] INFO  o.a.m.s.f.DefaultMavenResourcesFiltering - Copying 1 resource from src\main\resources to target\classes
2024-05-11 19:33:17,545 [Worker-93: Building] INFO  o.a.m.s.f.DefaultMavenResourcesFiltering - Copying 0 resource from src\main\resources to target\classes
2024-05-11 19:33:17,550 [Worker-93: Building] INFO  o.a.m.s.f.DefaultMavenResourcesFiltering - skip non existing resourceDirectory C:\Teck Giri\Java Fullstack Developer\Spring Framework\FirstSpringProject\student\src\test\resources
2024-05-11 19:33:21,457 [Worker-91: Building] INFO  o.a.m.s.f.DefaultMavenResourcesFiltering - Copying 1 resource from src\main\resources to target\classes
2024-05-11 19:33:21,467 [Worker-91: Building] INFO  o.a.m.s.f.DefaultMavenResourcesFiltering - Copying 0 resource from src\main\resources to target\classes
2024-05-11 19:33:21,471 [Worker-91: Building] INFO  o.a.m.s.f.DefaultMavenResourcesFiltering - skip non existing resourceDirectory C:\Teck Giri\Java Fullstack Developer\Spring Framework\FirstSpringProject\student\src\test\resources
2024-05-11 19:34:32,704 [Worker-91: Building] INFO  o.a.m.s.f.DefaultMavenResourcesFiltering - Copying 1 resource from src\main\resources to target\classes
2024-05-11 19:34:32,713 [Worker-91: Building] INFO  o.a.m.s.f.DefaultMavenResourcesFiltering - Copying 0 resource from src\main\resources to target\classes
2024-05-11 19:34:32,717 [Worker-91: Building] INFO  o.a.m.s.f.DefaultMavenResourcesFiltering - skip non existing resourceDirectory C:\Teck Giri\Java Fullstack Developer\Spring Framework\FirstSpringProject\student\src\test\resources
2024-05-11 20:35:42,041 [Worker-101: Building] INFO  o.a.m.s.f.DefaultMavenResourcesFiltering - Copying 1 resource from src\main\resources to target\classes
2024-05-11 20:35:42,056 [Worker-101: Building] INFO  o.a.m.s.f.DefaultMavenResourcesFiltering - Copying 0 resource from src\main\resources to target\classes
2024-05-11 20:35:42,059 [Worker-101: Building] INFO  o.a.m.s.f.DefaultMavenResourcesFiltering - skip non existing resourceDirectory C:\Teck Giri\Java Fullstack Developer\Spring Framework\FirstSpringProject\student\src\test\resources
2024-05-11 20:42:20,346 [Worker-97: Building] INFO  o.a.m.s.f.DefaultMavenResourcesFiltering - Copying 1 resource from src\main\resources to target\classes
2024-05-11 20:42:20,360 [Worker-97: Building] INFO  o.a.m.s.f.DefaultMavenResourcesFiltering - Copying 0 resource from src\main\resources to target\classes
2024-05-11 20:42:20,364 [Worker-97: Building] INFO  o.a.m.s.f.DefaultMavenResourcesFiltering - skip non existing resourceDirectory C:\Teck Giri\Java Fullstack Developer\Spring Framework\FirstSpringProject\student\src\test\resources
2024-05-11 20:54:20,246 [Worker-97: Building] INFO  o.a.m.s.f.DefaultMavenResourcesFiltering - Copying 1 resource from src\main\resources to target\classes
2024-05-11 20:54:20,276 [Worker-97: Building] INFO  o.a.m.s.f.DefaultMavenResourcesFiltering - Copying 0 resource from src\main\resources to target\classes
2024-05-11 20:54:20,279 [Worker-97: Building] INFO  o.a.m.s.f.DefaultMavenResourcesFiltering - skip non existing resourceDirectory C:\Teck Giri\Java Fullstack Developer\Spring Framework\FirstSpringProject\student\src\test\resources
2024-05-11 21:01:28,197 [Worker-105: Building] INFO  o.a.m.s.f.DefaultMavenResourcesFiltering - Copying 1 resource from src\main\resources to target\classes
2024-05-11 21:01:28,206 [Worker-105: Building] INFO  o.a.m.s.f.DefaultMavenResourcesFiltering - Copying 0 resource from src\main\resources to target\classes
2024-05-11 21:01:28,209 [Worker-105: Building] INFO  o.a.m.s.f.DefaultMavenResourcesFiltering - skip non existing resourceDirectory C:\Teck Giri\Java Fullstack Developer\Spring Framework\FirstSpringProject\student\src\test\resources
2024-05-11 21:15:11,331 [Worker-113: Building] INFO  o.a.m.s.f.DefaultMavenResourcesFiltering - Copying 1 resource from src\main\resources to target\classes
2024-05-11 21:15:11,344 [Worker-113: Building] INFO  o.a.m.s.f.DefaultMavenResourcesFiltering - Copying 0 resource from src\main\resources to target\classes
2024-05-11 21:15:11,347 [Worker-113: Building] INFO  o.a.m.s.f.DefaultMavenResourcesFiltering - skip non existing resourceDirectory C:\Teck Giri\Java Fullstack Developer\Spring Framework\FirstSpringProject\student\src\test\resources
2024-05-11 21:19:11,072 [Worker-117: Building] INFO  o.a.m.s.f.DefaultMavenResourcesFiltering - Copying 1 resource from src\main\resources to target\classes
2024-05-11 21:19:11,087 [Worker-117: Building] INFO  o.a.m.s.f.DefaultMavenResourcesFiltering - Copying 0 resource from src\main\resources to target\classes
2024-05-11 21:19:11,093 [Worker-117: Building] INFO  o.a.m.s.f.DefaultMavenResourcesFiltering - skip non existing resourceDirectory C:\Teck Giri\Java Fullstack Developer\Spring Framework\FirstSpringProject\student\src\test\resources
2024-05-11 21:19:51,424 [Worker-116: Building] INFO  o.a.m.s.f.DefaultMavenResourcesFiltering - Copying 1 resource from src\main\resources to target\classes
2024-05-11 21:19:51,433 [Worker-116: Building] INFO  o.a.m.s.f.DefaultMavenResourcesFiltering - Copying 0 resource from src\main\resources to target\classes
2024-05-11 21:19:51,435 [Worker-116: Building] INFO  o.a.m.s.f.DefaultMavenResourcesFiltering - skip non existing resourceDirectory C:\Teck Giri\Java Fullstack Developer\Spring Framework\FirstSpringProject\student\src\test\resources
2024-05-11 21:21:35,803 [Worker-106: Building] INFO  o.a.m.s.f.DefaultMavenResourcesFiltering - Copying 1 resource from src\main\resources to target\classes
2024-05-11 21:21:35,809 [Worker-106: Building] INFO  o.a.m.s.f.DefaultMavenResourcesFiltering - Copying 0 resource from src\main\resources to target\classes
2024-05-11 21:21:35,815 [Worker-106: Building] INFO  o.a.m.s.f.DefaultMavenResourcesFiltering - skip non existing resourceDirectory C:\Teck Giri\Java Fullstack Developer\Spring Framework\FirstSpringProject\student\src\test\resources
2024-05-11 21:28:33,532 [Worker-106: Building] INFO  o.a.m.s.f.DefaultMavenResourcesFiltering - Copying 1 resource from src\main\resources to target\classes
2024-05-11 21:28:33,539 [Worker-106: Building] INFO  o.a.m.s.f.DefaultMavenResourcesFiltering - Copying 0 resource from src\main\resources to target\classes
2024-05-11 21:28:33,542 [Worker-106: Building] INFO  o.a.m.s.f.DefaultMavenResourcesFiltering - skip non existing resourceDirectory C:\Teck Giri\Java Fullstack Developer\Spring Framework\FirstSpringProject\student\src\test\resources
2024-05-11 21:32:18,773 [Worker-106: Building] INFO  o.a.m.s.f.DefaultMavenResourcesFiltering - Copying 1 resource from src\main\resources to target\classes
2024-05-11 21:32:18,793 [Worker-106: Building] INFO  o.a.m.s.f.DefaultMavenResourcesFiltering - Copying 0 resource from src\main\resources to target\classes
2024-05-11 21:32:18,793 [Worker-106: Building] INFO  o.a.m.s.f.DefaultMavenResourcesFiltering - skip non existing resourceDirectory C:\Teck Giri\Java Fullstack Developer\Spring Framework\FirstSpringProject\student\src\test\resources
2024-05-11 21:34:11,020 [Worker-118: Building] INFO  o.a.m.s.f.DefaultMavenResourcesFiltering - Copying 1 resource from src\main\resources to target\classes
2024-05-11 21:34:11,029 [Worker-118: Building] INFO  o.a.m.s.f.DefaultMavenResourcesFiltering - Copying 0 resource from src\main\resources to target\classes
2024-05-11 21:34:11,033 [Worker-118: Building] INFO  o.a.m.s.f.DefaultMavenResourcesFiltering - skip non existing resourceDirectory C:\Teck Giri\Java Fullstack Developer\Spring Framework\FirstSpringProject\student\src\test\resources
2024-05-11 21:36:24,178 [Worker-106: Building] INFO  o.a.m.s.f.DefaultMavenResourcesFiltering - Copying 1 resource from src\main\resources to target\classes
2024-05-11 21:36:24,186 [Worker-106: Building] INFO  o.a.m.s.f.DefaultMavenResourcesFiltering - Copying 0 resource from src\main\resources to target\classes
2024-05-11 21:36:24,189 [Worker-106: Building] INFO  o.a.m.s.f.DefaultMavenResourcesFiltering - skip non existing resourceDirectory C:\Teck Giri\Java Fullstack Developer\Spring Framework\FirstSpringProject\student\src\test\resources
2024-05-11 21:36:34,111 [Worker-121: Building] INFO  o.a.m.s.f.DefaultMavenResourcesFiltering - Copying 1 resource from src\main\resources to target\classes
2024-05-11 21:36:34,119 [Worker-121: Building] INFO  o.a.m.s.f.DefaultMavenResourcesFiltering - Copying 0 resource from src\main\resources to target\classes
2024-05-11 21:36:34,122 [Worker-121: Building] INFO  o.a.m.s.f.DefaultMavenResourcesFiltering - skip non existing resourceDirectory C:\Teck Giri\Java Fullstack Developer\Spring Framework\FirstSpringProject\student\src\test\resources
2024-05-11 21:41:47,037 [Worker-106: Building] INFO  o.a.m.s.f.DefaultMavenResourcesFiltering - Copying 1 resource from src\main\resources to target\classes
2024-05-11 21:41:47,045 [Worker-106: Building] INFO  o.a.m.s.f.DefaultMavenResourcesFiltering - Copying 0 resource from src\main\resources to target\classes
2024-05-11 21:41:47,048 [Worker-106: Building] INFO  o.a.m.s.f.DefaultMavenResourcesFiltering - skip non existing resourceDirectory C:\Teck Giri\Java Fullstack Developer\Spring Framework\FirstSpringProject\student\src\test\resources
2024-05-11 21:41:52,896 [Worker-125: Building] INFO  o.a.m.s.f.DefaultMavenResourcesFiltering - Copying 1 resource from src\main\resources to target\classes
2024-05-11 21:41:52,901 [Worker-125: Building] INFO  o.a.m.s.f.DefaultMavenResourcesFiltering - Copying 0 resource from src\main\resources to target\classes
2024-05-11 21:41:52,905 [Worker-125: Building] INFO  o.a.m.s.f.DefaultMavenResourcesFiltering - skip non existing resourceDirectory C:\Teck Giri\Java Fullstack Developer\Spring Framework\FirstSpringProject\student\src\test\resources
2024-05-11 21:42:31,586 [Worker-106: Building] INFO  o.a.m.s.f.DefaultMavenResourcesFiltering - Copying 1 resource from src\main\resources to target\classes
2024-05-11 21:42:31,594 [Worker-106: Building] INFO  o.a.m.s.f.DefaultMavenResourcesFiltering - Copying 0 resource from src\main\resources to target\classes
2024-05-11 21:42:31,600 [Worker-106: Building] INFO  o.a.m.s.f.DefaultMavenResourcesFiltering - skip non existing resourceDirectory C:\Teck Giri\Java Fullstack Developer\Spring Framework\FirstSpringProject\student\src\test\resources
2024-05-11 21:42:49,444 [Worker-125: Building] INFO  o.a.m.s.f.DefaultMavenResourcesFiltering - Copying 1 resource from src\main\resources to target\classes
2024-05-11 21:42:49,451 [Worker-125: Building] INFO  o.a.m.s.f.DefaultMavenResourcesFiltering - Copying 0 resource from src\main\resources to target\classes
2024-05-11 21:42:49,454 [Worker-125: Building] INFO  o.a.m.s.f.DefaultMavenResourcesFiltering - skip non existing resourceDirectory C:\Teck Giri\Java Fullstack Developer\Spring Framework\FirstSpringProject\student\src\test\resources
2024-05-11 21:43:42,649 [Worker-125: Building] INFO  o.a.m.s.f.DefaultMavenResourcesFiltering - Copying 1 resource from src\main\resources to target\classes
2024-05-11 21:43:42,657 [Worker-125: Building] INFO  o.a.m.s.f.DefaultMavenResourcesFiltering - Copying 0 resource from src\main\resources to target\classes
2024-05-11 21:43:42,659 [Worker-125: Building] INFO  o.a.m.s.f.DefaultMavenResourcesFiltering - skip non existing resourceDirectory C:\Teck Giri\Java Fullstack Developer\Spring Framework\FirstSpringProject\student\src\test\resources
2024-05-11 21:44:02,831 [Worker-106: Building] INFO  o.a.m.s.f.DefaultMavenResourcesFiltering - Copying 1 resource from src\main\resources to target\classes
2024-05-11 21:44:02,893 [Worker-106: Building] INFO  o.a.m.s.f.DefaultMavenResourcesFiltering - Copying 0 resource from src\main\resources to target\classes
2024-05-11 21:44:02,897 [Worker-106: Building] INFO  o.a.m.s.f.DefaultMavenResourcesFiltering - skip non existing resourceDirectory C:\Teck Giri\Java Fullstack Developer\Spring Framework\FirstSpringProject\student\src\test\resources
2024-05-11 21:44:37,729 [Worker-126: Updating Maven Project] INFO  o.e.m.c.i.p.ProjectConfigurationManager - Update started
2024-05-11 21:44:39,791 [Worker-126: Updating Maven Project] INFO  o.e.m.c.i.l.LifecycleMappingFactory - Using org.eclipse.m2e.jdt.JarLifecycleMapping lifecycle mapping for MavenProject: com.demo:student:0.0.1-SNAPSHOT @ C:\Teck Giri\Java Fullstack Developer\Spring Framework\FirstSpringProject\student\pom.xml.
2024-05-11 21:44:44,253 [Worker-126: Updating Maven Project] INFO  o.e.m.j.i.AbstractJavaProjectConfigurator - Adding source folder /student/src/main/java
2024-05-11 21:44:44,253 [Worker-126: Updating Maven Project] INFO  o.e.m.j.i.AbstractJavaProjectConfigurator - Adding resource folder /student/src/main/resources
2024-05-11 21:44:44,253 [Worker-126: Updating Maven Project] INFO  o.e.m.j.i.AbstractJavaProjectConfigurator - Adding resource folder /student/src/main/resources
2024-05-11 21:44:44,254 [Worker-126: Updating Maven Project] INFO  o.e.m.j.i.AbstractJavaProjectConfigurator - Adding source folder /student/src/test/java
2024-05-11 21:44:44,254 [Worker-126: Updating Maven Project] INFO  o.e.m.j.i.AbstractJavaProjectConfigurator - Adding resource folder /student/src/test/resources
2024-05-11 21:44:44,580 [Worker-126: Updating Maven Project] INFO  o.e.m.c.i.p.ProjectConfigurationManager - Update completed for 1 poms: local refresh takes 0.00 sec, refresh facades takes 6.00 sec, update config takes 0.00 sec 
2024-05-11 21:44:45,310 [Worker-130: Building] INFO  o.a.m.s.f.DefaultMavenResourcesFiltering - Copying 1 resource from src\main\resources to target\classes
2024-05-11 21:44:45,330 [Worker-130: Building] INFO  o.a.m.s.f.DefaultMavenResourcesFiltering - Copying 0 resource from src\main\resources to target\classes
2024-05-11 21:44:45,335 [Worker-130: Building] INFO  o.a.m.s.f.DefaultMavenResourcesFiltering - skip non existing resourceDirectory C:\Teck Giri\Java Fullstack Developer\Spring Framework\FirstSpringProject\student\src\test\resources
2024-05-11 21:45:22,574 [Worker-126: Building] INFO  o.a.m.s.f.DefaultMavenResourcesFiltering - Copying 1 resource from src\main\resources to target\classes
2024-05-11 21:45:22,579 [Worker-126: Building] INFO  o.a.m.s.f.DefaultMavenResourcesFiltering - Copying 0 resource from src\main\resources to target\classes
2024-05-11 21:45:22,582 [Worker-126: Building] INFO  o.a.m.s.f.DefaultMavenResourcesFiltering - skip non existing resourceDirectory C:\Teck Giri\Java Fullstack Developer\Spring Framework\FirstSpringProject\student\src\test\resources
2024-05-11 21:46:53,185 [Worker-77: Building] INFO  o.a.m.s.f.DefaultMavenResourcesFiltering - Copying 1 resource from src\main\resources to target\classes
2024-05-11 21:46:53,190 [Worker-77: Building] INFO  o.a.m.s.f.DefaultMavenResourcesFiltering - Copying 0 resource from src\main\resources to target\classes
2024-05-11 21:46:53,192 [Worker-77: Building] INFO  o.a.m.s.f.DefaultMavenResourcesFiltering - skip non existing resourceDirectory C:\Teck Giri\Java Fullstack Developer\Spring Framework\FirstSpringProject\student\src\test\resources
2024-05-11 21:56:16,354 [Worker-133: Building] INFO  o.a.m.s.f.DefaultMavenResourcesFiltering - Copying 1 resource from src\main\resources to target\classes
2024-05-11 21:56:16,367 [Worker-133: Building] INFO  o.a.m.s.f.DefaultMavenResourcesFiltering - Copying 0 resource from src\main\resources to target\classes
2024-05-11 21:56:16,370 [Worker-133: Building] INFO  o.a.m.s.f.DefaultMavenResourcesFiltering - skip non existing resourceDirectory C:\Teck Giri\Java Fullstack Developer\Spring Framework\FirstSpringProject\student\src\test\resources
2024-05-11 22:07:59,995 [Worker-23: Building] INFO  o.a.m.s.f.DefaultMavenResourcesFiltering - Copying 1 resource from src\main\resources to target\classes
2024-05-11 22:08:00,058 [Worker-23: Building] INFO  o.a.m.s.f.DefaultMavenResourcesFiltering - Copying 0 resource from src\main\resources to target\classes
2024-05-11 22:08:00,066 [Worker-23: Building] INFO  o.a.m.s.f.DefaultMavenResourcesFiltering - skip non existing resourceDirectory C:\Teck Giri\Java Fullstack Developer\Spring Framework\FirstSpringProject\student\src\test\resources
2024-05-11 22:11:53,274 [Worker-13: Building] INFO  o.a.m.s.f.DefaultMavenResourcesFiltering - Copying 1 resource from src\main\resources to target\classes
2024-05-11 22:11:53,310 [Worker-13: Building] INFO  o.a.m.s.f.DefaultMavenResourcesFiltering - Copying 0 resource from src\main\resources to target\classes
2024-05-11 22:11:53,319 [Worker-13: Building] INFO  o.a.m.s.f.DefaultMavenResourcesFiltering - skip non existing resourceDirectory C:\Teck Giri\Java Fullstack Developer\Spring Framework\FirstSpringProject\student\src\test\resources
2024-05-11 22:14:08,296 [Worker-5: Loading available Gradle versions] INFO  o.e.b.c.i.u.g.PublishedGradleVersions - Gradle version information cache is up-to-date. Trying to read.
2024-05-11 22:29:19,735 [Worker-23: Building] INFO  o.a.m.s.f.DefaultMavenResourcesFiltering - Copying 1 resource from src\main\resources to target\classes
2024-05-11 22:29:19,747 [Worker-23: Building] INFO  o.a.m.s.f.DefaultMavenResourcesFiltering - Copying 0 resource from src\main\resources to target\classes
2024-05-11 22:29:19,752 [Worker-23: Building] INFO  o.a.m.s.f.DefaultMavenResourcesFiltering - skip non existing resourceDirectory C:\Teck Giri\Java Fullstack Developer\Spring Framework\FirstSpringProject\student\src\test\resources
2024-05-11 22:29:40,467 [Worker-23: Building] INFO  o.a.m.s.f.DefaultMavenResourcesFiltering - Copying 1 resource from src\main\resources to target\classes
2024-05-11 22:29:40,476 [Worker-23: Building] INFO  o.a.m.s.f.DefaultMavenResourcesFiltering - Copying 0 resource from src\main\resources to target\classes
2024-05-11 22:29:40,481 [Worker-23: Building] INFO  o.a.m.s.f.DefaultMavenResourcesFiltering - skip non existing resourceDirectory C:\Teck Giri\Java Fullstack Developer\Spring Framework\FirstSpringProject\student\src\test\resources
2024-05-11 22:30:31,980 [Worker-24: Building] INFO  o.a.m.s.f.DefaultMavenResourcesFiltering - Copying 1 resource from src\main\resources to target\classes
2024-05-11 22:30:31,991 [Worker-24: Building] INFO  o.a.m.s.f.DefaultMavenResourcesFiltering - Copying 0 resource from src\main\resources to target\classes
2024-05-11 22:30:31,998 [Worker-24: Building] INFO  o.a.m.s.f.DefaultMavenResourcesFiltering - skip non existing resourceDirectory C:\Teck Giri\Java Fullstack Developer\Spring Framework\FirstSpringProject\student\src\test\resources
2024-05-11 22:31:32,550 [Worker-5: Building] INFO  o.a.m.s.f.DefaultMavenResourcesFiltering - Copying 1 resource from src\main\resources to target\classes
2024-05-11 22:31:32,559 [Worker-5: Building] INFO  o.a.m.s.f.DefaultMavenResourcesFiltering - Copying 0 resource from src\main\resources to target\classes
2024-05-11 22:31:32,564 [Worker-5: Building] INFO  o.a.m.s.f.DefaultMavenResourcesFiltering - skip non existing resourceDirectory C:\Teck Giri\Java Fullstack Developer\Spring Framework\FirstSpringProject\student\src\test\resources
2024-05-11 22:31:55,366 [Worker-24: Building] INFO  o.a.m.s.f.DefaultMavenResourcesFiltering - Copying 1 resource from src\main\resources to target\classes
2024-05-11 22:31:55,375 [Worker-24: Building] INFO  o.a.m.s.f.DefaultMavenResourcesFiltering - Copying 0 resource from src\main\resources to target\classes
2024-05-11 22:31:55,380 [Worker-24: Building] INFO  o.a.m.s.f.DefaultMavenResourcesFiltering - skip non existing resourceDirectory C:\Teck Giri\Java Fullstack Developer\Spring Framework\FirstSpringProject\student\src\test\resources
2024-05-11 22:33:14,138 [Worker-22: Updating Maven Project] INFO  o.e.m.c.i.p.ProjectConfigurationManager - Update started
2024-05-11 22:33:16,300 [Worker-22: Updating Maven Project] INFO  o.e.m.c.i.l.LifecycleMappingFactory - Using org.eclipse.m2e.jdt.JarLifecycleMapping lifecycle mapping for MavenProject: com.demo:student:0.0.1-SNAPSHOT @ C:\Teck Giri\Java Fullstack Developer\Spring Framework\FirstSpringProject\student\pom.xml.
2024-05-11 22:33:17,679 [Worker-22: Updating Maven Project] INFO  o.e.m.j.i.AbstractJavaProjectConfigurator - Adding source folder /student/src/main/java
2024-05-11 22:33:17,680 [Worker-22: Updating Maven Project] INFO  o.e.m.j.i.AbstractJavaProjectConfigurator - Adding resource folder /student/src/main/resources
2024-05-11 22:33:17,680 [Worker-22: Updating Maven Project] INFO  o.e.m.j.i.AbstractJavaProjectConfigurator - Adding resource folder /student/src/main/resources
2024-05-11 22:33:17,683 [Worker-22: Updating Maven Project] INFO  o.e.m.j.i.AbstractJavaProjectConfigurator - Adding source folder /student/src/test/java
2024-05-11 22:33:17,684 [Worker-22: Updating Maven Project] INFO  o.e.m.j.i.AbstractJavaProjectConfigurator - Adding resource folder /student/src/test/resources
2024-05-11 22:33:18,238 [Worker-22: Updating Maven Project] INFO  o.e.m.c.i.p.ProjectConfigurationManager - Update completed for 1 poms: local refresh takes 0.00 sec, refresh facades takes 3.00 sec, update config takes 0.00 sec 
2024-05-11 22:33:18,831 [Worker-27: Building] INFO  o.a.m.s.f.DefaultMavenResourcesFiltering - Copying 1 resource from src\main\resources to target\classes
2024-05-11 22:33:18,871 [Worker-27: Building] INFO  o.a.m.s.f.DefaultMavenResourcesFiltering - Copying 0 resource from src\main\resources to target\classes
2024-05-11 22:33:18,881 [Worker-27: Building] INFO  o.a.m.s.f.DefaultMavenResourcesFiltering - skip non existing resourceDirectory C:\Teck Giri\Java Fullstack Developer\Spring Framework\FirstSpringProject\student\src\test\resources
2024-05-11 22:33:33,436 [Worker-26: Building] INFO  o.a.m.s.f.DefaultMavenResourcesFiltering - Copying 1 resource from src\main\resources to target\classes
2024-05-11 22:33:33,450 [Worker-26: Building] INFO  o.a.m.s.f.DefaultMavenResourcesFiltering - Copying 0 resource from src\main\resources to target\classes
2024-05-11 22:33:33,456 [Worker-26: Building] INFO  o.a.m.s.f.DefaultMavenResourcesFiltering - skip non existing resourceDirectory C:\Teck Giri\Java Fullstack Developer\Spring Framework\FirstSpringProject\student\src\test\resources
2024-05-11 22:33:53,916 [Worker-25: Building] INFO  o.a.m.s.f.DefaultMavenResourcesFiltering - Copying 1 resource from src\main\resources to target\classes
2024-05-11 22:33:53,925 [Worker-25: Building] INFO  o.a.m.s.f.DefaultMavenResourcesFiltering - Copying 0 resource from src\main\resources to target\classes
2024-05-11 22:33:53,930 [Worker-25: Building] INFO  o.a.m.s.f.DefaultMavenResourcesFiltering - skip non existing resourceDirectory C:\Teck Giri\Java Fullstack Developer\Spring Framework\FirstSpringProject\student\src\test\resources
2024-05-11 22:46:03,413 [Worker-25: Building] INFO  o.a.m.s.f.DefaultMavenResourcesFiltering - Copying 1 resource from src\main\resources to target\classes
2024-05-11 22:46:03,422 [Worker-25: Building] INFO  o.a.m.s.f.DefaultMavenResourcesFiltering - Copying 0 resource from src\main\resources to target\classes
2024-05-11 22:46:03,428 [Worker-25: Building] INFO  o.a.m.s.f.DefaultMavenResourcesFiltering - skip non existing resourceDirectory C:\Teck Giri\Java Fullstack Developer\Spring Framework\FirstSpringProject\student\src\test\resources
2024-05-11 22:50:57,929 [Worker-25: Building] INFO  o.a.m.s.f.DefaultMavenResourcesFiltering - Copying 1 resource from src\main\resources to target\classes
2024-05-11 22:50:57,938 [Worker-25: Building] INFO  o.a.m.s.f.DefaultMavenResourcesFiltering - Copying 0 resource from src\main\resources to target\classes
2024-05-11 22:50:57,943 [Worker-25: Building] INFO  o.a.m.s.f.DefaultMavenResourcesFiltering - skip non existing resourceDirectory C:\Teck Giri\Java Fullstack Developer\Spring Framework\FirstSpringProject\student\src\test\resources
2024-05-11 22:51:07,449 [Worker-31: Building] INFO  o.a.m.s.f.DefaultMavenResourcesFiltering - Copying 1 resource from src\main\resources to target\classes
2024-05-11 22:51:07,456 [Worker-31: Building] INFO  o.a.m.s.f.DefaultMavenResourcesFiltering - Copying 0 resource from src\main\resources to target\classes
2024-05-11 22:51:07,459 [Worker-31: Building] INFO  o.a.m.s.f.DefaultMavenResourcesFiltering - skip non existing resourceDirectory C:\Teck Giri\Java Fullstack Developer\Spring Framework\FirstSpringProject\student\src\test\resources
2024-05-11 22:58:20,119 [Worker-33: Building] INFO  o.a.m.s.f.DefaultMavenResourcesFiltering - Copying 1 resource from src\main\resources to target\classes
2024-05-11 22:58:20,139 [Worker-33: Building] INFO  o.a.m.s.f.DefaultMavenResourcesFiltering - Copying 0 resource from src\main\resources to target\classes
2024-05-11 22:58:20,146 [Worker-33: Building] INFO  o.a.m.s.f.DefaultMavenResourcesFiltering - skip non existing resourceDirectory C:\Teck Giri\Java Fullstack Developer\Spring Framework\FirstSpringProject\student\src\test\resources
2024-05-11 23:00:25,949 [Worker-35: Building] INFO  o.a.m.s.f.DefaultMavenResourcesFiltering - Copying 1 resource from src\main\resources to target\classes
2024-05-11 23:00:25,959 [Worker-35: Building] INFO  o.a.m.s.f.DefaultMavenResourcesFiltering - Copying 0 resource from src\main\resources to target\classes
2024-05-11 23:00:25,971 [Worker-35: Building] INFO  o.a.m.s.f.DefaultMavenResourcesFiltering - skip non existing resourceDirectory C:\Teck Giri\Java Fullstack Developer\Spring Framework\FirstSpringProject\student\src\test\resources
2024-05-11 23:02:44,698 [Worker-35: Building] INFO  o.a.m.s.f.DefaultMavenResourcesFiltering - Copying 1 resource from src\main\resources to target\classes
2024-05-11 23:02:44,720 [Worker-35: Building] INFO  o.a.m.s.f.DefaultMavenResourcesFiltering - Copying 0 resource from src\main\resources to target\classes
2024-05-11 23:02:44,724 [Worker-35: Building] INFO  o.a.m.s.f.DefaultMavenResourcesFiltering - skip non existing resourceDirectory C:\Teck Giri\Java Fullstack Developer\Spring Framework\FirstSpringProject\student\src\test\resources
2024-05-11 23:04:16,544 [Worker-36: Building] INFO  o.a.m.s.f.DefaultMavenResourcesFiltering - Copying 1 resource from src\main\resources to target\classes
2024-05-11 23:04:16,566 [Worker-36: Building] INFO  o.a.m.s.f.DefaultMavenResourcesFiltering - Copying 0 resource from src\main\resources to target\classes
2024-05-11 23:04:16,569 [Worker-36: Building] INFO  o.a.m.s.f.DefaultMavenResourcesFiltering - skip non existing resourceDirectory C:\Teck Giri\Java Fullstack Developer\Spring Framework\FirstSpringProject\student\src\test\resources
2024-05-11 23:06:26,801 [Worker-33: Building] INFO  o.a.m.s.f.DefaultMavenResourcesFiltering - Copying 1 resource from src\main\resources to target\classes
2024-05-11 23:06:26,812 [Worker-33: Building] INFO  o.a.m.s.f.DefaultMavenResourcesFiltering - Copying 0 resource from src\main\resources to target\classes
2024-05-11 23:06:26,820 [Worker-33: Building] INFO  o.a.m.s.f.DefaultMavenResourcesFiltering - skip non existing resourceDirectory C:\Teck Giri\Java Fullstack Developer\Spring Framework\FirstSpringProject\student\src\test\resources
2024-05-11 23:06:37,377 [Worker-34: Building] INFO  o.a.m.s.f.DefaultMavenResourcesFiltering - Copying 1 resource from src\main\resources to target\classes
2024-05-11 23:06:37,385 [Worker-34: Building] INFO  o.a.m.s.f.DefaultMavenResourcesFiltering - Copying 0 resource from src\main\resources to target\classes
2024-05-11 23:06:37,388 [Worker-34: Building] INFO  o.a.m.s.f.DefaultMavenResourcesFiltering - skip non existing resourceDirectory C:\Teck Giri\Java Fullstack Developer\Spring Framework\FirstSpringProject\student\src\test\resources
2024-05-11 23:07:45,907 [Worker-37: Building] INFO  o.a.m.s.f.DefaultMavenResourcesFiltering - Copying 1 resource from src\main\resources to target\classes
2024-05-11 23:07:45,919 [Worker-37: Building] INFO  o.a.m.s.f.DefaultMavenResourcesFiltering - Copying 0 resource from src\main\resources to target\classes
2024-05-11 23:07:45,924 [Worker-37: Building] INFO  o.a.m.s.f.DefaultMavenResourcesFiltering - skip non existing resourceDirectory C:\Teck Giri\Java Fullstack Developer\Spring Framework\FirstSpringProject\student\src\test\resources
2024-05-11 23:10:12,102 [Worker-34: Building] INFO  o.a.m.s.f.DefaultMavenResourcesFiltering - Copying 1 resource from src\main\resources to target\classes
2024-05-11 23:10:12,117 [Worker-34: Building] INFO  o.a.m.s.f.DefaultMavenResourcesFiltering - Copying 0 resource from src\main\resources to target\classes
2024-05-11 23:10:12,122 [Worker-34: Building] INFO  o.a.m.s.f.DefaultMavenResourcesFiltering - skip non existing resourceDirectory C:\Teck Giri\Java Fullstack Developer\Spring Framework\FirstSpringProject\student\src\test\resources
2024-05-11 23:10:25,823 [Worker-34: Building] INFO  o.a.m.s.f.DefaultMavenResourcesFiltering - Copying 1 resource from src\main\resources to target\classes
2024-05-11 23:10:25,837 [Worker-34: Building] INFO  o.a.m.s.f.DefaultMavenResourcesFiltering - Copying 0 resource from src\main\resources to target\classes
2024-05-11 23:10:25,842 [Worker-34: Building] INFO  o.a.m.s.f.DefaultMavenResourcesFiltering - skip non existing resourceDirectory C:\Teck Giri\Java Fullstack Developer\Spring Framework\FirstSpringProject\student\src\test\resources
2024-05-11 23:11:43,185 [Worker-35: Building] INFO  o.a.m.s.f.DefaultMavenResourcesFiltering - Copying 1 resource from src\main\resources to target\classes
2024-05-11 23:11:43,192 [Worker-35: Building] INFO  o.a.m.s.f.DefaultMavenResourcesFiltering - Copying 0 resource from src\main\resources to target\classes
2024-05-11 23:11:43,198 [Worker-35: Building] INFO  o.a.m.s.f.DefaultMavenResourcesFiltering - skip non existing resourceDirectory C:\Teck Giri\Java Fullstack Developer\Spring Framework\FirstSpringProject\student\src\test\resources
2024-05-11 23:12:01,519 [Worker-38: Building] INFO  o.a.m.s.f.DefaultMavenResourcesFiltering - Copying 1 resource from src\main\resources to target\classes
2024-05-11 23:12:01,527 [Worker-38: Building] INFO  o.a.m.s.f.DefaultMavenResourcesFiltering - Copying 0 resource from src\main\resources to target\classes
2024-05-11 23:12:01,531 [Worker-38: Building] INFO  o.a.m.s.f.DefaultMavenResourcesFiltering - skip non existing resourceDirectory C:\Teck Giri\Java Fullstack Developer\Spring Framework\FirstSpringProject\student\src\test\resources
2024-05-11 23:12:20,406 [Worker-39: Building] INFO  o.a.m.s.f.DefaultMavenResourcesFiltering - Copying 1 resource from src\main\resources to target\classes
2024-05-11 23:12:20,415 [Worker-39: Building] INFO  o.a.m.s.f.DefaultMavenResourcesFiltering - Copying 0 resource from src\main\resources to target\classes
2024-05-11 23:12:20,420 [Worker-39: Building] INFO  o.a.m.s.f.DefaultMavenResourcesFiltering - skip non existing resourceDirectory C:\Teck Giri\Java Fullstack Developer\Spring Framework\FirstSpringProject\student\src\test\resources
2024-05-11 23:12:35,817 [Worker-34: Building] INFO  o.a.m.s.f.DefaultMavenResourcesFiltering - Copying 1 resource from src\main\resources to target\classes
2024-05-11 23:12:35,826 [Worker-34: Building] INFO  o.a.m.s.f.DefaultMavenResourcesFiltering - Copying 0 resource from src\main\resources to target\classes
2024-05-11 23:12:35,830 [Worker-34: Building] INFO  o.a.m.s.f.DefaultMavenResourcesFiltering - skip non existing resourceDirectory C:\Teck Giri\Java Fullstack Developer\Spring Framework\FirstSpringProject\student\src\test\resources
2024-05-11 23:14:06,239 [Worker-39: Building] INFO  o.a.m.s.f.DefaultMavenResourcesFiltering - Copying 1 resource from src\main\resources to target\classes
2024-05-11 23:14:06,245 [Worker-39: Building] INFO  o.a.m.s.f.DefaultMavenResourcesFiltering - Copying 0 resource from src\main\resources to target\classes
2024-05-11 23:14:06,248 [Worker-39: Building] INFO  o.a.m.s.f.DefaultMavenResourcesFiltering - skip non existing resourceDirectory C:\Teck Giri\Java Fullstack Developer\Spring Framework\FirstSpringProject\student\src\test\resources
2024-05-11 23:23:34,908 [Worker-40: Building] INFO  o.a.m.s.f.DefaultMavenResourcesFiltering - Copying 1 resource from src\main\resources to target\classes
2024-05-11 23:23:34,918 [Worker-40: Building] INFO  o.a.m.s.f.DefaultMavenResourcesFiltering - Copying 0 resource from src\main\resources to target\classes
2024-05-11 23:23:34,922 [Worker-40: Building] INFO  o.a.m.s.f.DefaultMavenResourcesFiltering - skip non existing resourceDirectory C:\Teck Giri\Java Fullstack Developer\Spring Framework\FirstSpringProject\student\src\test\resources
2024-05-11 23:26:13,648 [Worker-41: Building] INFO  o.a.m.s.f.DefaultMavenResourcesFiltering - Copying 1 resource from src\main\resources to target\classes
2024-05-11 23:26:13,660 [Worker-41: Building] INFO  o.a.m.s.f.DefaultMavenResourcesFiltering - Copying 0 resource from src\main\resources to target\classes
2024-05-11 23:26:13,664 [Worker-41: Building] INFO  o.a.m.s.f.DefaultMavenResourcesFiltering - skip non existing resourceDirectory C:\Teck Giri\Java Fullstack Developer\Spring Framework\FirstSpringProject\student\src\test\resources
2024-05-11 23:29:09,549 [Worker-42: Building] INFO  o.a.m.s.f.DefaultMavenResourcesFiltering - Copying 1 resource from src\main\resources to target\classes
2024-05-11 23:29:09,558 [Worker-42: Building] INFO  o.a.m.s.f.DefaultMavenResourcesFiltering - Copying 0 resource from src\main\resources to target\classes
2024-05-11 23:29:09,563 [Worker-42: Building] INFO  o.a.m.s.f.DefaultMavenResourcesFiltering - skip non existing resourceDirectory C:\Teck Giri\Java Fullstack Developer\Spring Framework\FirstSpringProject\student\src\test\resources
2024-05-11 23:29:18,586 [Worker-40: Building] INFO  o.a.m.s.f.DefaultMavenResourcesFiltering - Copying 1 resource from src\main\resources to target\classes
2024-05-11 23:29:18,595 [Worker-40: Building] INFO  o.a.m.s.f.DefaultMavenResourcesFiltering - Copying 0 resource from src\main\resources to target\classes
2024-05-11 23:29:18,599 [Worker-40: Building] INFO  o.a.m.s.f.DefaultMavenResourcesFiltering - skip non existing resourceDirectory C:\Teck Giri\Java Fullstack Developer\Spring Framework\FirstSpringProject\student\src\test\resources
2024-05-11 23:34:23,144 [Worker-41: Building] INFO  o.a.m.s.f.DefaultMavenResourcesFiltering - Copying 1 resource from src\main\resources to target\classes
2024-05-11 23:34:23,152 [Worker-41: Building] INFO  o.a.m.s.f.DefaultMavenResourcesFiltering - Copying 0 resource from src\main\resources to target\classes
2024-05-11 23:34:23,157 [Worker-41: Building] INFO  o.a.m.s.f.DefaultMavenResourcesFiltering - skip non existing resourceDirectory C:\Teck Giri\Java Fullstack Developer\Spring Framework\FirstSpringProject\student\src\test\resources
2024-05-11 23:34:49,213 [Worker-41: Building] INFO  o.a.m.s.f.DefaultMavenResourcesFiltering - Copying 1 resource from src\main\resources to target\classes
2024-05-11 23:34:49,225 [Worker-41: Building] INFO  o.a.m.s.f.DefaultMavenResourcesFiltering - Copying 0 resource from src\main\resources to target\classes
2024-05-11 23:34:49,228 [Worker-41: Building] INFO  o.a.m.s.f.DefaultMavenResourcesFiltering - skip non existing resourceDirectory C:\Teck Giri\Java Fullstack Developer\Spring Framework\FirstSpringProject\student\src\test\resources
2024-05-11 23:37:42,995 [Worker-44: Building] INFO  o.a.m.s.f.DefaultMavenResourcesFiltering - Copying 1 resource from src\main\resources to target\classes
2024-05-11 23:37:43,003 [Worker-44: Building] INFO  o.a.m.s.f.DefaultMavenResourcesFiltering - Copying 0 resource from src\main\resources to target\classes
2024-05-11 23:37:43,007 [Worker-44: Building] INFO  o.a.m.s.f.DefaultMavenResourcesFiltering - skip non existing resourceDirectory C:\Teck Giri\Java Fullstack Developer\Spring Framework\FirstSpringProject\student\src\test\resources
2024-05-11 23:38:13,625 [Worker-43: Building] INFO  o.a.m.s.f.DefaultMavenResourcesFiltering - Copying 1 resource from src\main\resources to target\classes
2024-05-11 23:38:13,637 [Worker-43: Building] INFO  o.a.m.s.f.DefaultMavenResourcesFiltering - Copying 0 resource from src\main\resources to target\classes
2024-05-11 23:38:13,640 [Worker-43: Building] INFO  o.a.m.s.f.DefaultMavenResourcesFiltering - skip non existing resourceDirectory C:\Teck Giri\Java Fullstack Developer\Spring Framework\FirstSpringProject\student\src\test\resources
2024-05-11 23:44:44,276 [Worker-47: Building] INFO  o.a.m.s.f.DefaultMavenResourcesFiltering - Copying 1 resource from src\main\resources to target\classes
2024-05-11 23:44:44,284 [Worker-47: Building] INFO  o.a.m.s.f.DefaultMavenResourcesFiltering - Copying 0 resource from src\main\resources to target\classes
2024-05-11 23:44:44,287 [Worker-47: Building] INFO  o.a.m.s.f.DefaultMavenResourcesFiltering - skip non existing resourceDirectory C:\Teck Giri\Java Fullstack Developer\Spring Framework\FirstSpringProject\student\src\test\resources
2024-05-11 23:46:02,072 [Worker-44: Building] INFO  o.a.m.s.f.DefaultMavenResourcesFiltering - Copying 1 resource from src\main\resources to target\classes
2024-05-11 23:46:02,080 [Worker-44: Building] INFO  o.a.m.s.f.DefaultMavenResourcesFiltering - Copying 0 resource from src\main\resources to target\classes
2024-05-11 23:46:02,085 [Worker-44: Building] INFO  o.a.m.s.f.DefaultMavenResourcesFiltering - skip non existing resourceDirectory C:\Teck Giri\Java Fullstack Developer\Spring Framework\FirstSpringProject\student\src\test\resources
2024-05-11 23:46:41,725 [Worker-41: Building] INFO  o.a.m.s.f.DefaultMavenResourcesFiltering - Copying 1 resource from src\main\resources to target\classes
2024-05-11 23:46:41,735 [Worker-41: Building] INFO  o.a.m.s.f.DefaultMavenResourcesFiltering - Copying 0 resource from src\main\resources to target\classes
2024-05-11 23:46:41,739 [Worker-41: Building] INFO  o.a.m.s.f.DefaultMavenResourcesFiltering - skip non existing resourceDirectory C:\Teck Giri\Java Fullstack Developer\Spring Framework\FirstSpringProject\student\src\test\resources
2024-05-11 23:59:29,184 [Worker-52: Building] INFO  o.a.m.s.f.DefaultMavenResourcesFiltering - Copying 1 resource from src\main\resources to target\classes
2024-05-11 23:59:29,194 [Worker-52: Building] INFO  o.a.m.s.f.DefaultMavenResourcesFiltering - Copying 0 resource from src\main\resources to target\classes
2024-05-11 23:59:29,198 [Worker-52: Building] INFO  o.a.m.s.f.DefaultMavenResourcesFiltering - skip non existing resourceDirectory C:\Teck Giri\Java Fullstack Developer\Spring Framework\FirstSpringProject\student\src\test\resources
2024-05-12 08:06:42,616 [Worker-14: Loading available Gradle versions] INFO  o.e.b.c.i.u.g.PublishedGradleVersions - Gradle version information cache is up-to-date. Trying to read.
2024-05-12 08:31:11,928 [Worker-5: Loading available Gradle versions] INFO  o.e.b.c.i.u.g.PublishedGradleVersions - Gradle version information cache is up-to-date. Trying to read.
2024-05-12 08:42:45,872 [Worker-28: Building] WARN  o.e.m.c.i.embedder.EclipseLogger - The artifact mysql:mysql-connector-java:jar:8.0.33 has been relocated to com.mysql:mysql-connector-j:jar:8.0.33: MySQL Connector/J artifacts moved to reverse-DNS compliant Maven 2+ coordinates.
2024-05-12 12:18:33,307 [Worker-16: Loading available Gradle versions] INFO  o.e.b.c.i.u.g.PublishedGradleVersions - Gradle version information cache is up-to-date. Trying to read.
2024-05-12 12:20:09,138 [Worker-11: Launching StudentApplication] INFO  o.a.m.s.f.DefaultMavenResourcesFiltering - Copying 1 resource from src\main\resources to target\classes
2024-05-12 12:20:09,167 [Worker-11: Launching StudentApplication] INFO  o.a.m.s.f.DefaultMavenResourcesFiltering - Copying 0 resource from src\main\resources to target\classes
2024-05-12 12:20:09,173 [Worker-11: Launching StudentApplication] INFO  o.a.m.s.f.DefaultMavenResourcesFiltering - skip non existing resourceDirectory C:\Teck Giri\Java Fullstack Developer\Spring Framework\FirstSpringProject\student\src\test\resources
2024-05-12 12:20:10,593 [Worker-14: Building] WARN  o.e.m.c.i.embedder.EclipseLogger - The artifact mysql:mysql-connector-java:jar:8.0.33 has been relocated to com.mysql:mysql-connector-j:jar:8.0.33: MySQL Connector/J artifacts moved to reverse-DNS compliant Maven 2+ coordinates.
2024-05-12 12:20:11,112 [Worker-14: Building] WARN  o.a.m.s.f.DefaultMavenResourcesFiltering - Using platform encoding (Cp1252 actually) to copy filtered resources, i.e. build is platform dependent!
2024-05-12 12:20:11,114 [Worker-14: Building] INFO  o.a.m.s.f.DefaultMavenResourcesFiltering - Copying 0 resource from src\main\resources to target\classes
2024-05-12 12:20:11,122 [Worker-14: Building] WARN  o.a.m.s.f.DefaultMavenResourcesFiltering - Using platform encoding (Cp1252 actually) to copy filtered resources, i.e. build is platform dependent!
2024-05-12 12:20:11,123 [Worker-14: Building] INFO  o.a.m.s.f.DefaultMavenResourcesFiltering - Copying 0 resource from src\test\resources to target\test-classes
2024-05-12 12:43:29,061 [Worker-2: Loading available Gradle versions] INFO  o.e.b.c.i.u.g.PublishedGradleVersions - Gradle version information cache is up-to-date. Trying to read.
2024-05-12 13:06:24,101 [Worker-7: Loading available Gradle versions] INFO  o.e.b.c.i.u.g.PublishedGradleVersions - Gradle version information cache is up-to-date. Trying to read.
2024-05-12 13:37:55,799 [Worker-26: Building] WARN  o.e.m.c.i.embedder.EclipseLogger - The artifact mysql:mysql-connector-java:jar:8.0.33 has been relocated to com.mysql:mysql-connector-j:jar:8.0.33: MySQL Connector/J artifacts moved to reverse-DNS compliant Maven 2+ coordinates.
2024-05-12 13:37:56,225 [Worker-26: Building] WARN  o.a.m.s.f.DefaultMavenResourcesFiltering - Using platform encoding (Cp1252 actually) to copy filtered resources, i.e. build is platform dependent!
2024-05-12 13:37:56,234 [Worker-26: Building] INFO  o.a.m.s.f.DefaultMavenResourcesFiltering - Copying 0 resource from src\main\resources to target\classes
2024-05-12 13:37:56,242 [Worker-26: Building] WARN  o.a.m.s.f.DefaultMavenResourcesFiltering - Using platform encoding (Cp1252 actually) to copy filtered resources, i.e. build is platform dependent!
2024-05-12 13:37:56,243 [Worker-26: Building] INFO  o.a.m.s.f.DefaultMavenResourcesFiltering - Copying 0 resource from src\test\resources to target\test-classes
2024-05-12 13:38:00,506 [Worker-26: Building] INFO  o.a.m.s.f.DefaultMavenResourcesFiltering - Copying 1 resource from src\main\resources to target\classes
2024-05-12 13:38:00,544 [Worker-26: Building] INFO  o.a.m.s.f.DefaultMavenResourcesFiltering - Copying 0 resource from src\main\resources to target\classes
2024-05-12 13:38:00,553 [Worker-26: Building] INFO  o.a.m.s.f.DefaultMavenResourcesFiltering - skip non existing resourceDirectory C:\Teck Giri\Java Fullstack Developer\Spring Framework\FirstSpringProject\student\src\test\resources
2024-05-12 20:29:03,703 [Worker-4: Loading available Gradle versions] INFO  o.e.b.c.i.u.g.PublishedGradleVersions - Gradle version information cache is out-of-date. Trying to update.
2024-05-12 20:29:31,697 [Worker-4: Loading available Gradle versions] INFO  o.e.b.c.i.u.g.PublishedGradleVersions - Updating Gradle version information cache failed. Using outdated cache.
2024-05-13 06:37:41,356 [Worker-8: Loading available Gradle versions] INFO  o.e.b.c.i.u.g.PublishedGradleVersions - Gradle version information cache is out-of-date. Trying to update.
2024-05-13 08:16:01,398 [Worker-5: Loading available Gradle versions] INFO  o.e.b.c.i.u.g.PublishedGradleVersions - Gradle version information cache is up-to-date. Trying to read.
2024-05-13 13:53:52,064 [Worker-1: Loading available Gradle versions] INFO  o.e.b.c.i.u.g.PublishedGradleVersions - Gradle version information cache is up-to-date. Trying to read.
2024-05-14 11:37:28,191 [Worker-4: Loading available Gradle versions] INFO  o.e.b.c.i.u.g.PublishedGradleVersions - Gradle version information cache is out-of-date. Trying to update.
2024-05-14 11:37:39,023 [Worker-4: Loading available Gradle versions] INFO  o.e.b.c.i.u.g.PublishedGradleVersions - Updating Gradle version information cache failed. Using outdated cache.
2024-05-14 11:46:44,888 [Worker-2: Loading available Gradle versions] INFO  o.e.b.c.i.u.g.PublishedGradleVersions - Gradle version information cache is out-of-date. Trying to update.
2024-05-14 11:46:55,654 [Worker-2: Loading available Gradle versions] INFO  o.e.b.c.i.u.g.PublishedGradleVersions - Updating Gradle version information cache failed. Using outdated cache.
2024-05-14 14:39:45,047 [Worker-7: Loading available Gradle versions] INFO  o.e.b.c.i.u.g.PublishedGradleVersions - Gradle version information cache is out-of-date. Trying to update.
2024-05-14 15:14:30,174 [Worker-6: Loading available Gradle versions] INFO  o.e.b.c.i.u.g.PublishedGradleVersions - Gradle version information cache is up-to-date. Trying to read.
2024-05-14 15:42:59,475 [Worker-28: Building] WARN  o.e.m.c.i.embedder.EclipseLogger - The artifact mysql:mysql-connector-java:jar:8.0.33 has been relocated to com.mysql:mysql-connector-j:jar:8.0.33: MySQL Connector/J artifacts moved to reverse-DNS compliant Maven 2+ coordinates.
2024-05-14 15:43:00,839 [Worker-28: Building] WARN  o.a.m.s.f.DefaultMavenResourcesFiltering - Using platform encoding (Cp1252 actually) to copy filtered resources, i.e. build is platform dependent!
2024-05-14 15:43:00,850 [Worker-28: Building] INFO  o.a.m.s.f.DefaultMavenResourcesFiltering - Copying 0 resource from src\main\resources to target\classes
2024-05-14 15:43:00,860 [Worker-28: Building] WARN  o.a.m.s.f.DefaultMavenResourcesFiltering - Using platform encoding (Cp1252 actually) to copy filtered resources, i.e. build is platform dependent!
2024-05-14 15:43:00,862 [Worker-28: Building] INFO  o.a.m.s.f.DefaultMavenResourcesFiltering - Copying 0 resource from src\test\resources to target\test-classes
2024-05-14 15:43:10,337 [Worker-28: Building] INFO  o.a.m.s.f.DefaultMavenResourcesFiltering - Copying 1 resource from src\main\resources to target\classes
2024-05-14 15:43:10,374 [Worker-28: Building] INFO  o.a.m.s.f.DefaultMavenResourcesFiltering - Copying 0 resource from src\main\resources to target\classes
2024-05-14 15:43:10,379 [Worker-28: Building] INFO  o.a.m.s.f.DefaultMavenResourcesFiltering - skip non existing resourceDirectory C:\Teck Giri\Java Fullstack Developer\Spring Framework\FirstSpringProject\student\src\test\resources
2024-05-14 18:32:50,367 [Worker-6: Loading available Gradle versions] INFO  o.e.b.c.i.u.g.PublishedGradleVersions - Gradle version information cache is up-to-date. Trying to read.
2024-05-14 18:34:34,783 [Worker-2: Building] WARN  o.e.m.c.i.embedder.EclipseLogger - The artifact mysql:mysql-connector-java:jar:8.0.33 has been relocated to com.mysql:mysql-connector-j:jar:8.0.33: MySQL Connector/J artifacts moved to reverse-DNS compliant Maven 2+ coordinates.
2024-05-14 18:34:35,575 [Worker-2: Building] WARN  o.a.m.s.f.DefaultMavenResourcesFiltering - Using platform encoding (Cp1252 actually) to copy filtered resources, i.e. build is platform dependent!
2024-05-14 18:34:35,587 [Worker-2: Building] INFO  o.a.m.s.f.DefaultMavenResourcesFiltering - Copying 0 resource from src\main\resources to target\classes
2024-05-14 18:34:35,601 [Worker-2: Building] WARN  o.a.m.s.f.DefaultMavenResourcesFiltering - Using platform encoding (Cp1252 actually) to copy filtered resources, i.e. build is platform dependent!
2024-05-14 18:34:35,605 [Worker-2: Building] INFO  o.a.m.s.f.DefaultMavenResourcesFiltering - Copying 0 resource from src\test\resources to target\test-classes
2024-05-14 18:34:41,327 [Worker-17: Building] INFO  o.a.m.s.f.DefaultMavenResourcesFiltering - Copying 1 resource from src\main\resources to target\classes
2024-05-14 18:34:41,372 [Worker-17: Building] INFO  o.a.m.s.f.DefaultMavenResourcesFiltering - Copying 0 resource from src\main\resources to target\classes
2024-05-14 18:34:41,384 [Worker-17: Building] INFO  o.a.m.s.f.DefaultMavenResourcesFiltering - skip non existing resourceDirectory C:\Teck Giri\Java Fullstack Developer\Spring Framework\FirstSpringProject\student\src\test\resources
2024-05-15 16:53:49,707 [Worker-4: Loading available Gradle versions] INFO  o.e.b.c.i.u.g.PublishedGradleVersions - Gradle version information cache is out-of-date. Trying to update.
2024-05-15 18:43:35,015 [Worker-8: Loading available Gradle versions] INFO  o.e.b.c.i.u.g.PublishedGradleVersions - Gradle version information cache is up-to-date. Trying to read.
2024-05-15 18:52:01,374 [Worker-1: Building] WARN  o.e.m.c.i.embedder.EclipseLogger - The artifact mysql:mysql-connector-java:jar:8.0.33 has been relocated to com.mysql:mysql-connector-j:jar:8.0.33: MySQL Connector/J artifacts moved to reverse-DNS compliant Maven 2+ coordinates.
2024-05-15 18:52:02,552 [Worker-1: Building] WARN  o.a.m.s.f.DefaultMavenResourcesFiltering - Using platform encoding (Cp1252 actually) to copy filtered resources, i.e. build is platform dependent!
2024-05-15 18:52:02,561 [Worker-1: Building] INFO  o.a.m.s.f.DefaultMavenResourcesFiltering - Copying 0 resource from src\main\resources to target\classes
2024-05-15 18:52:02,569 [Worker-1: Building] WARN  o.a.m.s.f.DefaultMavenResourcesFiltering - Using platform encoding (Cp1252 actually) to copy filtered resources, i.e. build is platform dependent!
2024-05-15 18:52:02,571 [Worker-1: Building] INFO  o.a.m.s.f.DefaultMavenResourcesFiltering - Copying 0 resource from src\test\resources to target\test-classes
2024-05-15 18:52:12,653 [Worker-1: Building] INFO  o.a.m.s.f.DefaultMavenResourcesFiltering - Copying 1 resource from src\main\resources to target\classes
2024-05-15 18:52:12,697 [Worker-1: Building] INFO  o.a.m.s.f.DefaultMavenResourcesFiltering - Copying 0 resource from src\main\resources to target\classes
2024-05-15 18:52:12,702 [Worker-1: Building] INFO  o.a.m.s.f.DefaultMavenResourcesFiltering - skip non existing resourceDirectory C:\Teck Giri\Java Fullstack Developer\Spring Framework\FirstSpringProject\student\src\test\resources
2024-05-17 12:20:51,661 [Worker-6: Loading available Gradle versions] INFO  o.e.b.c.i.u.g.PublishedGradleVersions - Gradle version information cache is out-of-date. Trying to update.
2024-05-17 13:01:10,944 [Worker-29: Building] INFO  o.e.m.c.i.l.LifecycleMappingFactory - Using org.eclipse.m2e.jdt.JarLifecycleMapping lifecycle mapping for MavenProject: com.demo:student:0.0.1-SNAPSHOT @ C:\Teck Giri\Java Fullstack Developer\Spring Framework\FirstSpringProject\student\pom.xml.
2024-05-17 13:01:12,754 [Worker-29: Building] INFO  o.a.m.s.f.DefaultMavenResourcesFiltering - Copying 1 resource from src\main\resources to target\classes
2024-05-17 13:01:12,791 [Worker-29: Building] INFO  o.a.m.s.f.DefaultMavenResourcesFiltering - Copying 0 resource from src\main\resources to target\classes
2024-05-17 13:01:12,799 [Worker-29: Building] INFO  o.a.m.s.f.DefaultMavenResourcesFiltering - skip non existing resourceDirectory C:\Teck Giri\Java Fullstack Developer\Spring Framework\FirstSpringProject\student\src\test\resources
2024-05-18 14:30:22,592 [Worker-4: Loading available Gradle versions] INFO  o.e.b.c.i.u.g.PublishedGradleVersions - Gradle version information cache is out-of-date. Trying to update.
2024-05-18 14:30:23,328 [Worker-4: Loading available Gradle versions] INFO  o.e.b.c.i.u.g.PublishedGradleVersions - Updating Gradle version information cache failed. Using outdated cache.
2024-05-18 14:31:50,530 [Worker-1: Loading available Gradle versions] INFO  o.e.b.c.i.u.g.PublishedGradleVersions - Gradle version information cache is out-of-date. Trying to update.
2024-05-18 14:31:51,520 [Worker-1: Loading available Gradle versions] INFO  o.e.b.c.i.u.g.PublishedGradleVersions - Updating Gradle version information cache failed. Using outdated cache.
2024-05-18 14:33:46,689 [Worker-21: Building] WARN  o.e.m.c.i.embedder.EclipseLogger - The artifact mysql:mysql-connector-java:jar:8.0.33 has been relocated to com.mysql:mysql-connector-j:jar:8.0.33: MySQL Connector/J artifacts moved to reverse-DNS compliant Maven 2+ coordinates.
2024-05-18 14:33:47,475 [Worker-21: Building] WARN  o.a.m.s.f.DefaultMavenResourcesFiltering - Using platform encoding (Cp1252 actually) to copy filtered resources, i.e. build is platform dependent!
2024-05-18 14:33:47,484 [Worker-21: Building] INFO  o.a.m.s.f.DefaultMavenResourcesFiltering - Copying 0 resource from src\main\resources to target\classes
2024-05-18 14:33:47,489 [Worker-21: Building] WARN  o.a.m.s.f.DefaultMavenResourcesFiltering - Using platform encoding (Cp1252 actually) to copy filtered resources, i.e. build is platform dependent!
2024-05-18 14:33:47,491 [Worker-21: Building] INFO  o.a.m.s.f.DefaultMavenResourcesFiltering - Copying 0 resource from src\test\resources to target\test-classes
2024-05-18 14:33:54,601 [Worker-21: Building] INFO  o.a.m.s.f.DefaultMavenResourcesFiltering - Copying 1 resource from src\main\resources to target\classes
2024-05-18 14:33:54,633 [Worker-21: Building] INFO  o.a.m.s.f.DefaultMavenResourcesFiltering - Copying 0 resource from src\main\resources to target\classes
2024-05-18 14:33:54,641 [Worker-21: Building] INFO  o.a.m.s.f.DefaultMavenResourcesFiltering - skip non existing resourceDirectory C:\Teck Giri\Java Fullstack Developer\Spring Framework\FirstSpringProject\student\src\test\resources
2024-05-18 18:49:10,638 [Worker-6: Loading available Gradle versions] INFO  o.e.b.c.i.u.g.PublishedGradleVersions - Gradle version information cache is out-of-date. Trying to update.
2024-05-19 00:53:33,610 [Worker-7: Loading available Gradle versions] INFO  o.e.b.c.i.u.g.PublishedGradleVersions - Gradle version information cache is up-to-date. Trying to read.
2024-05-19 13:43:46,450 [Worker-0: Loading available Gradle versions] INFO  o.e.b.c.i.u.g.PublishedGradleVersions - Gradle version information cache is up-to-date. Trying to read.
2024-05-19 13:44:36,138 [Worker-3: Building] WARN  o.e.m.c.i.embedder.EclipseLogger - The artifact mysql:mysql-connector-java:jar:8.0.33 has been relocated to com.mysql:mysql-connector-j:jar:8.0.33: MySQL Connector/J artifacts moved to reverse-DNS compliant Maven 2+ coordinates.
2024-05-19 13:44:37,625 [Worker-3: Building] WARN  o.a.m.s.f.DefaultMavenResourcesFiltering - Using platform encoding (Cp1252 actually) to copy filtered resources, i.e. build is platform dependent!
2024-05-19 13:44:37,632 [Worker-3: Building] INFO  o.a.m.s.f.DefaultMavenResourcesFiltering - Copying 0 resource from src\main\resources to target\classes
2024-05-19 13:44:37,640 [Worker-3: Building] WARN  o.a.m.s.f.DefaultMavenResourcesFiltering - Using platform encoding (Cp1252 actually) to copy filtered resources, i.e. build is platform dependent!
2024-05-19 13:44:37,643 [Worker-3: Building] INFO  o.a.m.s.f.DefaultMavenResourcesFiltering - Copying 0 resource from src\test\resources to target\test-classes
2024-05-19 13:44:46,067 [Worker-9: Building] INFO  o.a.m.s.f.DefaultMavenResourcesFiltering - Copying 1 resource from src\main\resources to target\classes
2024-05-19 13:44:46,111 [Worker-9: Building] INFO  o.a.m.s.f.DefaultMavenResourcesFiltering - Copying 0 resource from src\main\resources to target\classes
2024-05-19 13:44:46,120 [Worker-9: Building] INFO  o.a.m.s.f.DefaultMavenResourcesFiltering - skip non existing resourceDirectory C:\Teck Giri\Java Fullstack Developer\Spring Framework\FirstSpringProject\student\src\test\resources
2024-05-19 22:53:33,573 [Worker-7: Loading available Gradle versions] INFO  o.e.b.c.i.u.g.PublishedGradleVersions - Gradle version information cache is out-of-date. Trying to update.
2024-05-19 22:53:34,318 [Worker-7: Loading available Gradle versions] INFO  o.e.b.c.i.u.g.PublishedGradleVersions - Updating Gradle version information cache failed. Using outdated cache.
2024-05-20 14:44:20,668 [Worker-4: Loading available Gradle versions] INFO  o.e.b.c.i.u.g.PublishedGradleVersions - Gradle version information cache is out-of-date. Trying to update.
2024-05-20 17:28:43,059 [Worker-23: Loading available Gradle versions] INFO  o.e.b.c.i.u.g.PublishedGradleVersions - Gradle version information cache is up-to-date. Trying to read.
2024-05-21 09:55:29,075 [Worker-6: Loading available Gradle versions] INFO  o.e.b.c.i.u.g.PublishedGradleVersions - Gradle version information cache is up-to-date. Trying to read.
2024-05-21 13:31:55,895 [Worker-2: Loading available Gradle versions] INFO  o.e.b.c.i.u.g.PublishedGradleVersions - Gradle version information cache is up-to-date. Trying to read.
2024-05-21 18:06:06,044 [Worker-6: Loading available Gradle versions] INFO  o.e.b.c.i.u.g.PublishedGradleVersions - Gradle version information cache is out-of-date. Trying to update.
2024-05-22 13:29:20,973 [Worker-1: Loading available Gradle versions] INFO  o.e.b.c.i.u.g.PublishedGradleVersions - Gradle version information cache is up-to-date. Trying to read.
2024-05-22 18:35:44,774 [Worker-4: Loading available Gradle versions] INFO  o.e.b.c.i.u.g.PublishedGradleVersions - Gradle version information cache is out-of-date. Trying to update.
2024-05-22 18:35:45,462 [Worker-4: Loading available Gradle versions] INFO  o.e.b.c.i.u.g.PublishedGradleVersions - Updating Gradle version information cache failed. Using outdated cache.
2024-05-23 14:44:51,136 [Worker-3: Loading available Gradle versions] INFO  o.e.b.c.i.u.g.PublishedGradleVersions - Gradle version information cache is out-of-date. Trying to update.
2024-05-23 14:44:53,294 [Worker-3: Loading available Gradle versions] INFO  o.e.b.c.i.u.g.PublishedGradleVersions - Updating Gradle version information cache failed. Using outdated cache.
2024-05-23 14:51:52,942 [Worker-25: Building] WARN  o.e.m.c.i.embedder.EclipseLogger - The artifact mysql:mysql-connector-java:jar:8.0.33 has been relocated to com.mysql:mysql-connector-j:jar:8.0.33: MySQL Connector/J artifacts moved to reverse-DNS compliant Maven 2+ coordinates.
2024-05-23 14:51:54,266 [Worker-25: Building] WARN  o.a.m.s.f.DefaultMavenResourcesFiltering - Using platform encoding (Cp1252 actually) to copy filtered resources, i.e. build is platform dependent!
2024-05-23 14:51:54,274 [Worker-25: Building] INFO  o.a.m.s.f.DefaultMavenResourcesFiltering - Copying 0 resource from src\main\resources to target\classes
2024-05-23 14:51:54,280 [Worker-25: Building] WARN  o.a.m.s.f.DefaultMavenResourcesFiltering - Using platform encoding (Cp1252 actually) to copy filtered resources, i.e. build is platform dependent!
2024-05-23 14:51:54,282 [Worker-25: Building] INFO  o.a.m.s.f.DefaultMavenResourcesFiltering - Copying 0 resource from src\test\resources to target\test-classes
2024-05-23 14:52:09,066 [Worker-25: Building] INFO  o.a.m.s.f.DefaultMavenResourcesFiltering - Copying 1 resource from src\main\resources to target\classes
2024-05-23 14:52:09,130 [Worker-25: Building] INFO  o.a.m.s.f.DefaultMavenResourcesFiltering - Copying 0 resource from src\main\resources to target\classes
2024-05-23 14:52:09,137 [Worker-25: Building] INFO  o.a.m.s.f.DefaultMavenResourcesFiltering - skip non existing resourceDirectory C:\Teck Giri\Java Fullstack Developer\Spring Framework\FirstSpringProject\student\src\test\resources
2024-05-23 18:31:58,714 [Worker-4: Loading available Gradle versions] INFO  o.e.b.c.i.u.g.PublishedGradleVersions - Gradle version information cache is out-of-date. Trying to update.
2024-05-24 14:33:29,201 [Worker-6: Loading available Gradle versions] INFO  o.e.b.c.i.u.g.PublishedGradleVersions - Gradle version information cache is up-to-date. Trying to read.
2024-05-24 21:58:14,854 [Worker-4: Loading available Gradle versions] INFO  o.e.b.c.i.u.g.PublishedGradleVersions - Gradle version information cache is out-of-date. Trying to update.
2024-05-27 18:08:08,117 [Worker-7: Loading available Gradle versions] INFO  o.e.b.c.i.u.g.PublishedGradleVersions - Gradle version information cache is out-of-date. Trying to update.
2024-05-27 21:28:07,969 [Worker-7: Loading available Gradle versions] INFO  o.e.b.c.i.u.g.PublishedGradleVersions - Gradle version information cache is up-to-date. Trying to read.
2024-05-29 00:31:52,858 [Worker-4: Loading available Gradle versions] INFO  o.e.b.c.i.u.g.PublishedGradleVersions - Gradle version information cache is out-of-date. Trying to update.
2024-05-29 09:10:22,731 [Worker-4: Loading available Gradle versions] INFO  o.e.b.c.i.u.g.PublishedGradleVersions - Gradle version information cache is up-to-date. Trying to read.
2024-05-29 18:24:52,194 [Worker-6: Loading available Gradle versions] INFO  o.e.b.c.i.u.g.PublishedGradleVersions - Gradle version information cache is up-to-date. Trying to read.
2024-05-30 08:58:23,790 [Worker-6: Loading available Gradle versions] INFO  o.e.b.c.i.u.g.PublishedGradleVersions - Gradle version information cache is out-of-date. Trying to update.
2024-05-30 09:03:39,631 [Worker-2: https://download.eclipse.org/releases/2024-03/202403131000/plugins/org.eclipse.tm4e.ui_0.10.3.202403012031.jar] INFO  o.a.h.c.h.i.c.HttpRequestRetryExec - Recoverable I/O exception (java.net.SocketException) caught when processing request to {s}->https://download.eclipse.org:443
2024-05-30 09:03:39,631 [Worker-14: https://mirror.aarnet.edu.au/pub/eclipse/releases/2024-03/202403131000/plugins/org.eclipse.lsp4j.jsonrpc_0.22.0.v20240213-2011.jar] INFO  o.a.h.c.h.i.c.HttpRequestRetryExec - Recoverable I/O exception (java.net.SocketException) caught when processing request to {s}->https://mirror.aarnet.edu.au:443
2024-05-30 09:03:39,631 [Worker-17: https://download.eclipse.org/releases/2024-03/202403131000/plugins/org.eclipse.tm4e.core_0.10.3.202403041755.jar] INFO  o.a.h.c.h.i.c.HttpRequestRetryExec - Recoverable I/O exception (java.net.SocketException) caught when processing request to {s}->https://download.eclipse.org:443
2024-05-30 09:03:39,746 [Worker-10: https://mirror.aarnet.edu.au/pub/eclipse/releases/2024-03/202403131000/plugins/org.eclipse.lsp4j_0.22.0.v20240213-2011.jar] INFO  o.a.h.c.h.i.c.HttpRequestRetryExec - Recoverable I/O exception (java.net.SocketException) caught when processing request to {s}->https://mirror.aarnet.edu.au:443
2024-05-30 09:03:39,870 [Worker-11: https://download.eclipse.org/releases/2024-03/202403131000/plugins/org.eclipse.tm4e.registry_0.10.3.202403012031.jar] INFO  o.a.h.c.h.i.c.HttpRequestRetryExec - Recoverable I/O exception (java.net.SocketException) caught when processing request to {s}->https://download.eclipse.org:443
2024-05-30 09:10:54,909 [Worker-6: Loading available Gradle versions] INFO  o.e.b.c.i.u.g.PublishedGradleVersions - Gradle version information cache is up-to-date. Trying to read.
2024-05-30 09:14:59,019 [Worker-24: https://download.eclipse.org/releases/2023-09/compositeContent.jar] INFO  o.a.h.c.h.i.c.HttpRequestRetryExec - Recoverable I/O exception (java.net.SocketException) caught when processing request to {s}->https://download.eclipse.org:443
2024-05-30 09:28:46,077 [ModalContext] INFO  o.e.m.c.i.e.AbstractTransferListenerAdapter - Downloaded https://repo.maven.apache.org/maven2/org/apache/maven/archetypes/maven-archetype-webapp/1.0/maven-archetype-webapp-1.0.pom
2024-05-30 09:31:35,024 [Worker-29: Launching mavenrun-e195b53f-0cdc-4c8d-9584-5304455931a7] INFO  o.eclipse.m2e.core.internal.Bundles - getClasspathEntries(Bundle=org.eclipse.m2e.maven.runtime_3.9.400.20230826-0755 [295])
2024-05-30 09:31:35,028 [Worker-29: Launching mavenrun-e195b53f-0cdc-4c8d-9584-5304455931a7] INFO  o.eclipse.m2e.core.internal.Bundles - 	Entry: C:\Users\Shree\.p2\pool\plugins\org.eclipse.m2e.maven.runtime_3.9.400.20230826-0755
2024-05-30 09:31:35,029 [Worker-29: Launching mavenrun-e195b53f-0cdc-4c8d-9584-5304455931a7] INFO  o.eclipse.m2e.core.internal.Bundles - 	Entry: C:\Users\Shree\.p2\pool\plugins\org.eclipse.m2e.maven.runtime_3.9.400.20230826-0755\jars\aether-connector-okhttp-0.17.8.jar
2024-05-30 09:31:35,029 [Worker-29: Launching mavenrun-e195b53f-0cdc-4c8d-9584-5304455931a7] INFO  o.eclipse.m2e.core.internal.Bundles - 	Entry: C:\Users\Shree\.p2\pool\plugins\org.eclipse.m2e.maven.runtime_3.9.400.20230826-0755\jars\aopalliance-1.0.jar
2024-05-30 09:31:35,029 [Worker-29: Launching mavenrun-e195b53f-0cdc-4c8d-9584-5304455931a7] INFO  o.eclipse.m2e.core.internal.Bundles - 	Entry: C:\Users\Shree\.p2\pool\plugins\org.eclipse.m2e.maven.runtime_3.9.400.20230826-0755\jars\commons-lang3-3.12.0.jar
2024-05-30 09:31:35,030 [Worker-29: Launching mavenrun-e195b53f-0cdc-4c8d-9584-5304455931a7] INFO  o.eclipse.m2e.core.internal.Bundles - 	Entry: C:\Users\Shree\.p2\pool\plugins\org.eclipse.m2e.maven.runtime_3.9.400.20230826-0755\jars\guice-5.1.0.jar
2024-05-30 09:31:35,030 [Worker-29: Launching mavenrun-e195b53f-0cdc-4c8d-9584-5304455931a7] INFO  o.eclipse.m2e.core.internal.Bundles - 	Entry: C:\Users\Shree\.p2\pool\plugins\org.eclipse.m2e.maven.runtime_3.9.400.20230826-0755\jars\jansi-2.4.0.jar
2024-05-30 09:31:35,030 [Worker-29: Launching mavenrun-e195b53f-0cdc-4c8d-9584-5304455931a7] INFO  o.eclipse.m2e.core.internal.Bundles - 	Entry: C:\Users\Shree\.p2\pool\plugins\org.eclipse.m2e.maven.runtime_3.9.400.20230826-0755\jars\maven-artifact-3.9.4.jar
2024-05-30 09:31:35,030 [Worker-29: Launching mavenrun-e195b53f-0cdc-4c8d-9584-5304455931a7] INFO  o.eclipse.m2e.core.internal.Bundles - 	Entry: C:\Users\Shree\.p2\pool\plugins\org.eclipse.m2e.maven.runtime_3.9.400.20230826-0755\jars\maven-builder-support-3.9.4.jar
2024-05-30 09:31:35,030 [Worker-29: Launching mavenrun-e195b53f-0cdc-4c8d-9584-5304455931a7] INFO  o.eclipse.m2e.core.internal.Bundles - 	Entry: C:\Users\Shree\.p2\pool\plugins\org.eclipse.m2e.maven.runtime_3.9.400.20230826-0755\jars\maven-compat-3.9.4.jar
2024-05-30 09:31:35,031 [Worker-29: Launching mavenrun-e195b53f-0cdc-4c8d-9584-5304455931a7] INFO  o.eclipse.m2e.core.internal.Bundles - 	Entry: C:\Users\Shree\.p2\pool\plugins\org.eclipse.m2e.maven.runtime_3.9.400.20230826-0755\jars\maven-core-3.9.4.jar
2024-05-30 09:31:35,031 [Worker-29: Launching mavenrun-e195b53f-0cdc-4c8d-9584-5304455931a7] INFO  o.eclipse.m2e.core.internal.Bundles - 	Entry: C:\Users\Shree\.p2\pool\plugins\org.eclipse.m2e.maven.runtime_3.9.400.20230826-0755\jars\maven-embedder-3.9.4.jar
2024-05-30 09:31:35,031 [Worker-29: Launching mavenrun-e195b53f-0cdc-4c8d-9584-5304455931a7] INFO  o.eclipse.m2e.core.internal.Bundles - 	Entry: C:\Users\Shree\.p2\pool\plugins\org.eclipse.m2e.maven.runtime_3.9.400.20230826-0755\jars\maven-model-3.9.4.jar
2024-05-30 09:31:35,031 [Worker-29: Launching mavenrun-e195b53f-0cdc-4c8d-9584-5304455931a7] INFO  o.eclipse.m2e.core.internal.Bundles - 	Entry: C:\Users\Shree\.p2\pool\plugins\org.eclipse.m2e.maven.runtime_3.9.400.20230826-0755\jars\maven-model-builder-3.9.4.jar
2024-05-30 09:31:35,031 [Worker-29: Launching mavenrun-e195b53f-0cdc-4c8d-9584-5304455931a7] INFO  o.eclipse.m2e.core.internal.Bundles - 	Entry: C:\Users\Shree\.p2\pool\plugins\org.eclipse.m2e.maven.runtime_3.9.400.20230826-0755\jars\maven-plugin-api-3.9.4.jar
2024-05-30 09:31:35,032 [Worker-29: Launching mavenrun-e195b53f-0cdc-4c8d-9584-5304455931a7] INFO  o.eclipse.m2e.core.internal.Bundles - 	Entry: C:\Users\Shree\.p2\pool\plugins\org.eclipse.m2e.maven.runtime_3.9.400.20230826-0755\jars\maven-repository-metadata-3.9.4.jar
2024-05-30 09:31:35,032 [Worker-29: Launching mavenrun-e195b53f-0cdc-4c8d-9584-5304455931a7] INFO  o.eclipse.m2e.core.internal.Bundles - 	Entry: C:\Users\Shree\.p2\pool\plugins\org.eclipse.m2e.maven.runtime_3.9.400.20230826-0755\jars\maven-resolver-api-1.9.14.jar
2024-05-30 09:31:35,032 [Worker-29: Launching mavenrun-e195b53f-0cdc-4c8d-9584-5304455931a7] INFO  o.eclipse.m2e.core.internal.Bundles - 	Entry: C:\Users\Shree\.p2\pool\plugins\org.eclipse.m2e.maven.runtime_3.9.400.20230826-0755\jars\maven-resolver-connector-basic-1.9.14.jar
2024-05-30 09:31:35,032 [Worker-29: Launching mavenrun-e195b53f-0cdc-4c8d-9584-5304455931a7] INFO  o.eclipse.m2e.core.internal.Bundles - 	Entry: C:\Users\Shree\.p2\pool\plugins\org.eclipse.m2e.maven.runtime_3.9.400.20230826-0755\jars\maven-resolver-impl-1.9.14.jar
2024-05-30 09:31:35,032 [Worker-29: Launching mavenrun-e195b53f-0cdc-4c8d-9584-5304455931a7] INFO  o.eclipse.m2e.core.internal.Bundles - 	Entry: C:\Users\Shree\.p2\pool\plugins\org.eclipse.m2e.maven.runtime_3.9.400.20230826-0755\jars\maven-resolver-named-locks-1.9.14.jar
2024-05-30 09:31:35,033 [Worker-29: Launching mavenrun-e195b53f-0cdc-4c8d-9584-5304455931a7] INFO  o.eclipse.m2e.core.internal.Bundles - 	Entry: C:\Users\Shree\.p2\pool\plugins\org.eclipse.m2e.maven.runtime_3.9.400.20230826-0755\jars\maven-resolver-provider-3.9.4.jar
2024-05-30 09:31:35,033 [Worker-29: Launching mavenrun-e195b53f-0cdc-4c8d-9584-5304455931a7] INFO  o.eclipse.m2e.core.internal.Bundles - 	Entry: C:\Users\Shree\.p2\pool\plugins\org.eclipse.m2e.maven.runtime_3.9.400.20230826-0755\jars\maven-resolver-spi-1.9.14.jar
2024-05-30 09:31:35,033 [Worker-29: Launching mavenrun-e195b53f-0cdc-4c8d-9584-5304455931a7] INFO  o.eclipse.m2e.core.internal.Bundles - 	Entry: C:\Users\Shree\.p2\pool\plugins\org.eclipse.m2e.maven.runtime_3.9.400.20230826-0755\jars\maven-resolver-transport-wagon-1.9.14.jar
2024-05-30 09:31:35,033 [Worker-29: Launching mavenrun-e195b53f-0cdc-4c8d-9584-5304455931a7] INFO  o.eclipse.m2e.core.internal.Bundles - 	Entry: C:\Users\Shree\.p2\pool\plugins\org.eclipse.m2e.maven.runtime_3.9.400.20230826-0755\jars\maven-resolver-util-1.9.14.jar
2024-05-30 09:31:35,034 [Worker-29: Launching mavenrun-e195b53f-0cdc-4c8d-9584-5304455931a7] INFO  o.eclipse.m2e.core.internal.Bundles - 	Entry: C:\Users\Shree\.p2\pool\plugins\org.eclipse.m2e.maven.runtime_3.9.400.20230826-0755\jars\maven-settings-3.9.4.jar
2024-05-30 09:31:35,034 [Worker-29: Launching mavenrun-e195b53f-0cdc-4c8d-9584-5304455931a7] INFO  o.eclipse.m2e.core.internal.Bundles - 	Entry: C:\Users\Shree\.p2\pool\plugins\org.eclipse.m2e.maven.runtime_3.9.400.20230826-0755\jars\maven-settings-builder-3.9.4.jar
2024-05-30 09:31:35,034 [Worker-29: Launching mavenrun-e195b53f-0cdc-4c8d-9584-5304455931a7] INFO  o.eclipse.m2e.core.internal.Bundles - 	Entry: C:\Users\Shree\.p2\pool\plugins\org.eclipse.m2e.maven.runtime_3.9.400.20230826-0755\jars\maven-shared-utils-3.3.4.jar
2024-05-30 09:31:35,034 [Worker-29: Launching mavenrun-e195b53f-0cdc-4c8d-9584-5304455931a7] INFO  o.eclipse.m2e.core.internal.Bundles - 	Entry: C:\Users\Shree\.p2\pool\plugins\org.eclipse.m2e.maven.runtime_3.9.400.20230826-0755\jars\okhttp-3.14.1.jar
2024-05-30 09:31:35,034 [Worker-29: Launching mavenrun-e195b53f-0cdc-4c8d-9584-5304455931a7] INFO  o.eclipse.m2e.core.internal.Bundles - 	Entry: C:\Users\Shree\.p2\pool\plugins\org.eclipse.m2e.maven.runtime_3.9.400.20230826-0755\jars\okio-1.17.3.jar
2024-05-30 09:31:35,035 [Worker-29: Launching mavenrun-e195b53f-0cdc-4c8d-9584-5304455931a7] INFO  o.eclipse.m2e.core.internal.Bundles - 	Entry: C:\Users\Shree\.p2\pool\plugins\org.eclipse.m2e.maven.runtime_3.9.400.20230826-0755\jars\org.eclipse.sisu.inject-0.3.5.jar
2024-05-30 09:31:35,035 [Worker-29: Launching mavenrun-e195b53f-0cdc-4c8d-9584-5304455931a7] INFO  o.eclipse.m2e.core.internal.Bundles - 	Entry: C:\Users\Shree\.p2\pool\plugins\org.eclipse.m2e.maven.runtime_3.9.400.20230826-0755\jars\org.eclipse.sisu.plexus-0.3.5.jar
2024-05-30 09:31:35,035 [Worker-29: Launching mavenrun-e195b53f-0cdc-4c8d-9584-5304455931a7] INFO  o.eclipse.m2e.core.internal.Bundles - 	Entry: C:\Users\Shree\.p2\pool\plugins\org.eclipse.m2e.maven.runtime_3.9.400.20230826-0755\jars\plexus-build-api-0.0.7.jar
2024-05-30 09:31:35,035 [Worker-29: Launching mavenrun-e195b53f-0cdc-4c8d-9584-5304455931a7] INFO  o.eclipse.m2e.core.internal.Bundles - 	Entry: C:\Users\Shree\.p2\pool\plugins\org.eclipse.m2e.maven.runtime_3.9.400.20230826-0755\jars\plexus-cipher-2.0.jar
2024-05-30 09:31:35,035 [Worker-29: Launching mavenrun-e195b53f-0cdc-4c8d-9584-5304455931a7] INFO  o.eclipse.m2e.core.internal.Bundles - 	Entry: C:\Users\Shree\.p2\pool\plugins\org.eclipse.m2e.maven.runtime_3.9.400.20230826-0755\jars\plexus-classworlds-2.7.0.jar
2024-05-30 09:31:35,036 [Worker-29: Launching mavenrun-e195b53f-0cdc-4c8d-9584-5304455931a7] INFO  o.eclipse.m2e.core.internal.Bundles - 	Entry: C:\Users\Shree\.p2\pool\plugins\org.eclipse.m2e.maven.runtime_3.9.400.20230826-0755\jars\plexus-component-annotations-2.1.0.jar
2024-05-30 09:31:35,036 [Worker-29: Launching mavenrun-e195b53f-0cdc-4c8d-9584-5304455931a7] INFO  o.eclipse.m2e.core.internal.Bundles - 	Entry: C:\Users\Shree\.p2\pool\plugins\org.eclipse.m2e.maven.runtime_3.9.400.20230826-0755\jars\plexus-interpolation-1.26.jar
2024-05-30 09:31:35,036 [Worker-29: Launching mavenrun-e195b53f-0cdc-4c8d-9584-5304455931a7] INFO  o.eclipse.m2e.core.internal.Bundles - 	Entry: C:\Users\Shree\.p2\pool\plugins\org.eclipse.m2e.maven.runtime_3.9.400.20230826-0755\jars\plexus-sec-dispatcher-2.0.jar
2024-05-30 09:31:35,036 [Worker-29: Launching mavenrun-e195b53f-0cdc-4c8d-9584-5304455931a7] INFO  o.eclipse.m2e.core.internal.Bundles - 	Entry: C:\Users\Shree\.p2\pool\plugins\org.eclipse.m2e.maven.runtime_3.9.400.20230826-0755\jars\plexus-utils-3.5.1.jar
2024-05-30 09:31:35,036 [Worker-29: Launching mavenrun-e195b53f-0cdc-4c8d-9584-5304455931a7] INFO  o.eclipse.m2e.core.internal.Bundles - 	Entry: C:\Users\Shree\.p2\pool\plugins\org.eclipse.m2e.maven.runtime_3.9.400.20230826-0755\jars\wagon-file-3.5.3.jar
2024-05-30 09:31:35,037 [Worker-29: Launching mavenrun-e195b53f-0cdc-4c8d-9584-5304455931a7] INFO  o.eclipse.m2e.core.internal.Bundles - 	Entry: C:\Users\Shree\.p2\pool\plugins\org.eclipse.m2e.maven.runtime_3.9.400.20230826-0755\jars\wagon-provider-api-3.5.3.jar
2024-05-30 09:31:35,040 [Worker-29: Launching mavenrun-e195b53f-0cdc-4c8d-9584-5304455931a7] INFO  o.eclipse.m2e.core.internal.Bundles - getClasspathEntries(Bundle=com.google.guava_32.1.2.jre [10])
2024-05-30 09:31:35,041 [Worker-29: Launching mavenrun-e195b53f-0cdc-4c8d-9584-5304455931a7] INFO  o.eclipse.m2e.core.internal.Bundles - 	Entry: C:\Users\Shree\.p2\pool\plugins\com.google.guava_32.1.2.jre.jar
2024-05-30 09:31:35,042 [Worker-29: Launching mavenrun-e195b53f-0cdc-4c8d-9584-5304455931a7] INFO  o.eclipse.m2e.core.internal.Bundles - getClasspathEntries(Bundle=slf4j.api_2.0.7 [516])
2024-05-30 09:31:35,042 [Worker-29: Launching mavenrun-e195b53f-0cdc-4c8d-9584-5304455931a7] INFO  o.eclipse.m2e.core.internal.Bundles - 	Entry: C:\Users\Shree\.p2\pool\plugins\slf4j.api_2.0.7.jar
2024-05-30 09:31:35,042 [Worker-29: Launching mavenrun-e195b53f-0cdc-4c8d-9584-5304455931a7] INFO  o.eclipse.m2e.core.internal.Bundles - getClasspathEntries(Bundle=javax.inject_1.0.0.v20220405-0441 [26])
2024-05-30 09:31:35,043 [Worker-29: Launching mavenrun-e195b53f-0cdc-4c8d-9584-5304455931a7] INFO  o.eclipse.m2e.core.internal.Bundles - 	Entry: C:\Users\Shree\.p2\pool\plugins\javax.inject_1.0.0.v20220405-0441.jar
2024-05-30 09:31:35,043 [Worker-29: Launching mavenrun-e195b53f-0cdc-4c8d-9584-5304455931a7] INFO  o.eclipse.m2e.core.internal.Bundles - getClasspathEntries(Bundle=javax.annotation_1.3.5.v20200909-1856 [24])
2024-05-30 09:31:35,044 [Worker-29: Launching mavenrun-e195b53f-0cdc-4c8d-9584-5304455931a7] INFO  o.eclipse.m2e.core.internal.Bundles - 	Entry: C:\Users\Shree\.p2\pool\plugins\javax.annotation_1.3.5.v20200909-1856.jar
2024-05-30 09:31:35,044 [Worker-29: Launching mavenrun-e195b53f-0cdc-4c8d-9584-5304455931a7] INFO  o.eclipse.m2e.core.internal.Bundles - getClasspathEntries(Bundle=org.apache.commons.cli_1.5.0 [49])
2024-05-30 09:31:35,045 [Worker-29: Launching mavenrun-e195b53f-0cdc-4c8d-9584-5304455931a7] INFO  o.eclipse.m2e.core.internal.Bundles - 	Entry: C:\Users\Shree\.p2\pool\plugins\org.apache.commons.cli_1.5.0.jar
2024-05-30 09:31:35,045 [Worker-29: Launching mavenrun-e195b53f-0cdc-4c8d-9584-5304455931a7] INFO  o.eclipse.m2e.core.internal.Bundles - getClasspathEntries(Bundle=com.google.guava.failureaccess_1.0.2 [519])
2024-05-30 09:31:35,046 [Worker-29: Launching mavenrun-e195b53f-0cdc-4c8d-9584-5304455931a7] INFO  o.eclipse.m2e.core.internal.Bundles - 	Entry: C:\Users\Shree\.p2\pool\plugins\com.google.guava.failureaccess_1.0.2.jar
2024-05-30 09:31:35,056 [Worker-29: Launching mavenrun-e195b53f-0cdc-4c8d-9584-5304455931a7] INFO  o.e.m.i.launch.MavenLaunchDelegate - Run build in "C:\Users\Shree\AppData\Local\Temp\m2e-archetypeGenerator9918582563476099613":
2024-05-30 09:31:35,068 [Worker-29: Launching mavenrun-e195b53f-0cdc-4c8d-9584-5304455931a7] INFO  o.e.m.i.launch.MavenLaunchDelegate -  mvn  -DarchetypeGroupId=org.apache.maven.archetypes -DarchetypeArtifactId=maven-archetype-webapp -DarchetypeVersion=1.0 -DgroupId=mpropackage -DartifactId=demomproject -Dversion=0.0.1-SNAPSHOT -Dpackage=mpropackage.demomproject -DoutputDirectory="C:\Teck Giri\Java Fullstack Developer\java" -Dstyle.color=always -U archetype:generate
2024-05-30 09:36:24,247 [Worker-6: Loading available Gradle versions] INFO  o.e.b.c.i.u.g.PublishedGradleVersions - Gradle version information cache is up-to-date. Trying to read.
2024-05-30 09:38:31,784 [Worker-12: Launching mavenrun-92e2fe09-9207-4c2f-9a2d-7b31e24249eb] INFO  o.eclipse.m2e.core.internal.Bundles - getClasspathEntries(Bundle=org.eclipse.m2e.maven.runtime_3.9.400.20230826-0755 [295])
2024-05-30 09:38:31,800 [Worker-12: Launching mavenrun-92e2fe09-9207-4c2f-9a2d-7b31e24249eb] INFO  o.eclipse.m2e.core.internal.Bundles - 	Entry: C:\Users\Shree\.p2\pool\plugins\org.eclipse.m2e.maven.runtime_3.9.400.20230826-0755
2024-05-30 09:38:31,800 [Worker-12: Launching mavenrun-92e2fe09-9207-4c2f-9a2d-7b31e24249eb] INFO  o.eclipse.m2e.core.internal.Bundles - 	Entry: C:\Users\Shree\.p2\pool\plugins\org.eclipse.m2e.maven.runtime_3.9.400.20230826-0755\jars\aether-connector-okhttp-0.17.8.jar
2024-05-30 09:38:31,801 [Worker-12: Launching mavenrun-92e2fe09-9207-4c2f-9a2d-7b31e24249eb] INFO  o.eclipse.m2e.core.internal.Bundles - 	Entry: C:\Users\Shree\.p2\pool\plugins\org.eclipse.m2e.maven.runtime_3.9.400.20230826-0755\jars\aopalliance-1.0.jar
2024-05-30 09:38:31,801 [Worker-12: Launching mavenrun-92e2fe09-9207-4c2f-9a2d-7b31e24249eb] INFO  o.eclipse.m2e.core.internal.Bundles - 	Entry: C:\Users\Shree\.p2\pool\plugins\org.eclipse.m2e.maven.runtime_3.9.400.20230826-0755\jars\commons-lang3-3.12.0.jar
2024-05-30 09:38:31,801 [Worker-12: Launching mavenrun-92e2fe09-9207-4c2f-9a2d-7b31e24249eb] INFO  o.eclipse.m2e.core.internal.Bundles - 	Entry: C:\Users\Shree\.p2\pool\plugins\org.eclipse.m2e.maven.runtime_3.9.400.20230826-0755\jars\guice-5.1.0.jar
2024-05-30 09:38:31,802 [Worker-12: Launching mavenrun-92e2fe09-9207-4c2f-9a2d-7b31e24249eb] INFO  o.eclipse.m2e.core.internal.Bundles - 	Entry: C:\Users\Shree\.p2\pool\plugins\org.eclipse.m2e.maven.runtime_3.9.400.20230826-0755\jars\jansi-2.4.0.jar
2024-05-30 09:38:31,802 [Worker-12: Launching mavenrun-92e2fe09-9207-4c2f-9a2d-7b31e24249eb] INFO  o.eclipse.m2e.core.internal.Bundles - 	Entry: C:\Users\Shree\.p2\pool\plugins\org.eclipse.m2e.maven.runtime_3.9.400.20230826-0755\jars\maven-artifact-3.9.4.jar
2024-05-30 09:38:31,802 [Worker-12: Launching mavenrun-92e2fe09-9207-4c2f-9a2d-7b31e24249eb] INFO  o.eclipse.m2e.core.internal.Bundles - 	Entry: C:\Users\Shree\.p2\pool\plugins\org.eclipse.m2e.maven.runtime_3.9.400.20230826-0755\jars\maven-builder-support-3.9.4.jar
2024-05-30 09:38:31,803 [Worker-12: Launching mavenrun-92e2fe09-9207-4c2f-9a2d-7b31e24249eb] INFO  o.eclipse.m2e.core.internal.Bundles - 	Entry: C:\Users\Shree\.p2\pool\plugins\org.eclipse.m2e.maven.runtime_3.9.400.20230826-0755\jars\maven-compat-3.9.4.jar
2024-05-30 09:38:31,803 [Worker-12: Launching mavenrun-92e2fe09-9207-4c2f-9a2d-7b31e24249eb] INFO  o.eclipse.m2e.core.internal.Bundles - 	Entry: C:\Users\Shree\.p2\pool\plugins\org.eclipse.m2e.maven.runtime_3.9.400.20230826-0755\jars\maven-core-3.9.4.jar
2024-05-30 09:38:31,803 [Worker-12: Launching mavenrun-92e2fe09-9207-4c2f-9a2d-7b31e24249eb] INFO  o.eclipse.m2e.core.internal.Bundles - 	Entry: C:\Users\Shree\.p2\pool\plugins\org.eclipse.m2e.maven.runtime_3.9.400.20230826-0755\jars\maven-embedder-3.9.4.jar
2024-05-30 09:38:31,803 [Worker-12: Launching mavenrun-92e2fe09-9207-4c2f-9a2d-7b31e24249eb] INFO  o.eclipse.m2e.core.internal.Bundles - 	Entry: C:\Users\Shree\.p2\pool\plugins\org.eclipse.m2e.maven.runtime_3.9.400.20230826-0755\jars\maven-model-3.9.4.jar
2024-05-30 09:38:31,804 [Worker-12: Launching mavenrun-92e2fe09-9207-4c2f-9a2d-7b31e24249eb] INFO  o.eclipse.m2e.core.internal.Bundles - 	Entry: C:\Users\Shree\.p2\pool\plugins\org.eclipse.m2e.maven.runtime_3.9.400.20230826-0755\jars\maven-model-builder-3.9.4.jar
2024-05-30 09:38:31,804 [Worker-12: Launching mavenrun-92e2fe09-9207-4c2f-9a2d-7b31e24249eb] INFO  o.eclipse.m2e.core.internal.Bundles - 	Entry: C:\Users\Shree\.p2\pool\plugins\org.eclipse.m2e.maven.runtime_3.9.400.20230826-0755\jars\maven-plugin-api-3.9.4.jar
2024-05-30 09:38:31,804 [Worker-12: Launching mavenrun-92e2fe09-9207-4c2f-9a2d-7b31e24249eb] INFO  o.eclipse.m2e.core.internal.Bundles - 	Entry: C:\Users\Shree\.p2\pool\plugins\org.eclipse.m2e.maven.runtime_3.9.400.20230826-0755\jars\maven-repository-metadata-3.9.4.jar
2024-05-30 09:38:31,805 [Worker-12: Launching mavenrun-92e2fe09-9207-4c2f-9a2d-7b31e24249eb] INFO  o.eclipse.m2e.core.internal.Bundles - 	Entry: C:\Users\Shree\.p2\pool\plugins\org.eclipse.m2e.maven.runtime_3.9.400.20230826-0755\jars\maven-resolver-api-1.9.14.jar
2024-05-30 09:38:31,805 [Worker-12: Launching mavenrun-92e2fe09-9207-4c2f-9a2d-7b31e24249eb] INFO  o.eclipse.m2e.core.internal.Bundles - 	Entry: C:\Users\Shree\.p2\pool\plugins\org.eclipse.m2e.maven.runtime_3.9.400.20230826-0755\jars\maven-resolver-connector-basic-1.9.14.jar
2024-05-30 09:38:31,805 [Worker-12: Launching mavenrun-92e2fe09-9207-4c2f-9a2d-7b31e24249eb] INFO  o.eclipse.m2e.core.internal.Bundles - 	Entry: C:\Users\Shree\.p2\pool\plugins\org.eclipse.m2e.maven.runtime_3.9.400.20230826-0755\jars\maven-resolver-impl-1.9.14.jar
2024-05-30 09:38:31,806 [Worker-12: Launching mavenrun-92e2fe09-9207-4c2f-9a2d-7b31e24249eb] INFO  o.eclipse.m2e.core.internal.Bundles - 	Entry: C:\Users\Shree\.p2\pool\plugins\org.eclipse.m2e.maven.runtime_3.9.400.20230826-0755\jars\maven-resolver-named-locks-1.9.14.jar
2024-05-30 09:38:31,806 [Worker-12: Launching mavenrun-92e2fe09-9207-4c2f-9a2d-7b31e24249eb] INFO  o.eclipse.m2e.core.internal.Bundles - 	Entry: C:\Users\Shree\.p2\pool\plugins\org.eclipse.m2e.maven.runtime_3.9.400.20230826-0755\jars\maven-resolver-provider-3.9.4.jar
2024-05-30 09:38:31,806 [Worker-12: Launching mavenrun-92e2fe09-9207-4c2f-9a2d-7b31e24249eb] INFO  o.eclipse.m2e.core.internal.Bundles - 	Entry: C:\Users\Shree\.p2\pool\plugins\org.eclipse.m2e.maven.runtime_3.9.400.20230826-0755\jars\maven-resolver-spi-1.9.14.jar
2024-05-30 09:38:31,806 [Worker-12: Launching mavenrun-92e2fe09-9207-4c2f-9a2d-7b31e24249eb] INFO  o.eclipse.m2e.core.internal.Bundles - 	Entry: C:\Users\Shree\.p2\pool\plugins\org.eclipse.m2e.maven.runtime_3.9.400.20230826-0755\jars\maven-resolver-transport-wagon-1.9.14.jar
2024-05-30 09:38:31,807 [Worker-12: Launching mavenrun-92e2fe09-9207-4c2f-9a2d-7b31e24249eb] INFO  o.eclipse.m2e.core.internal.Bundles - 	Entry: C:\Users\Shree\.p2\pool\plugins\org.eclipse.m2e.maven.runtime_3.9.400.20230826-0755\jars\maven-resolver-util-1.9.14.jar
2024-05-30 09:38:31,807 [Worker-12: Launching mavenrun-92e2fe09-9207-4c2f-9a2d-7b31e24249eb] INFO  o.eclipse.m2e.core.internal.Bundles - 	Entry: C:\Users\Shree\.p2\pool\plugins\org.eclipse.m2e.maven.runtime_3.9.400.20230826-0755\jars\maven-settings-3.9.4.jar
2024-05-30 09:38:31,807 [Worker-12: Launching mavenrun-92e2fe09-9207-4c2f-9a2d-7b31e24249eb] INFO  o.eclipse.m2e.core.internal.Bundles - 	Entry: C:\Users\Shree\.p2\pool\plugins\org.eclipse.m2e.maven.runtime_3.9.400.20230826-0755\jars\maven-settings-builder-3.9.4.jar
2024-05-30 09:38:31,807 [Worker-12: Launching mavenrun-92e2fe09-9207-4c2f-9a2d-7b31e24249eb] INFO  o.eclipse.m2e.core.internal.Bundles - 	Entry: C:\Users\Shree\.p2\pool\plugins\org.eclipse.m2e.maven.runtime_3.9.400.20230826-0755\jars\maven-shared-utils-3.3.4.jar
2024-05-30 09:38:31,808 [Worker-12: Launching mavenrun-92e2fe09-9207-4c2f-9a2d-7b31e24249eb] INFO  o.eclipse.m2e.core.internal.Bundles - 	Entry: C:\Users\Shree\.p2\pool\plugins\org.eclipse.m2e.maven.runtime_3.9.400.20230826-0755\jars\okhttp-3.14.1.jar
2024-05-30 09:38:31,808 [Worker-12: Launching mavenrun-92e2fe09-9207-4c2f-9a2d-7b31e24249eb] INFO  o.eclipse.m2e.core.internal.Bundles - 	Entry: C:\Users\Shree\.p2\pool\plugins\org.eclipse.m2e.maven.runtime_3.9.400.20230826-0755\jars\okio-1.17.3.jar
2024-05-30 09:38:31,808 [Worker-12: Launching mavenrun-92e2fe09-9207-4c2f-9a2d-7b31e24249eb] INFO  o.eclipse.m2e.core.internal.Bundles - 	Entry: C:\Users\Shree\.p2\pool\plugins\org.eclipse.m2e.maven.runtime_3.9.400.20230826-0755\jars\org.eclipse.sisu.inject-0.3.5.jar
2024-05-30 09:38:31,808 [Worker-12: Launching mavenrun-92e2fe09-9207-4c2f-9a2d-7b31e24249eb] INFO  o.eclipse.m2e.core.internal.Bundles - 	Entry: C:\Users\Shree\.p2\pool\plugins\org.eclipse.m2e.maven.runtime_3.9.400.20230826-0755\jars\org.eclipse.sisu.plexus-0.3.5.jar
2024-05-30 09:38:31,809 [Worker-12: Launching mavenrun-92e2fe09-9207-4c2f-9a2d-7b31e24249eb] INFO  o.eclipse.m2e.core.internal.Bundles - 	Entry: C:\Users\Shree\.p2\pool\plugins\org.eclipse.m2e.maven.runtime_3.9.400.20230826-0755\jars\plexus-build-api-0.0.7.jar
2024-05-30 09:38:31,809 [Worker-12: Launching mavenrun-92e2fe09-9207-4c2f-9a2d-7b31e24249eb] INFO  o.eclipse.m2e.core.internal.Bundles - 	Entry: C:\Users\Shree\.p2\pool\plugins\org.eclipse.m2e.maven.runtime_3.9.400.20230826-0755\jars\plexus-cipher-2.0.jar
2024-05-30 09:38:31,809 [Worker-12: Launching mavenrun-92e2fe09-9207-4c2f-9a2d-7b31e24249eb] INFO  o.eclipse.m2e.core.internal.Bundles - 	Entry: C:\Users\Shree\.p2\pool\plugins\org.eclipse.m2e.maven.runtime_3.9.400.20230826-0755\jars\plexus-classworlds-2.7.0.jar
2024-05-30 09:38:31,810 [Worker-12: Launching mavenrun-92e2fe09-9207-4c2f-9a2d-7b31e24249eb] INFO  o.eclipse.m2e.core.internal.Bundles - 	Entry: C:\Users\Shree\.p2\pool\plugins\org.eclipse.m2e.maven.runtime_3.9.400.20230826-0755\jars\plexus-component-annotations-2.1.0.jar
2024-05-30 09:38:31,810 [Worker-12: Launching mavenrun-92e2fe09-9207-4c2f-9a2d-7b31e24249eb] INFO  o.eclipse.m2e.core.internal.Bundles - 	Entry: C:\Users\Shree\.p2\pool\plugins\org.eclipse.m2e.maven.runtime_3.9.400.20230826-0755\jars\plexus-interpolation-1.26.jar
2024-05-30 09:38:31,810 [Worker-12: Launching mavenrun-92e2fe09-9207-4c2f-9a2d-7b31e24249eb] INFO  o.eclipse.m2e.core.internal.Bundles - 	Entry: C:\Users\Shree\.p2\pool\plugins\org.eclipse.m2e.maven.runtime_3.9.400.20230826-0755\jars\plexus-sec-dispatcher-2.0.jar
2024-05-30 09:38:31,811 [Worker-12: Launching mavenrun-92e2fe09-9207-4c2f-9a2d-7b31e24249eb] INFO  o.eclipse.m2e.core.internal.Bundles - 	Entry: C:\Users\Shree\.p2\pool\plugins\org.eclipse.m2e.maven.runtime_3.9.400.20230826-0755\jars\plexus-utils-3.5.1.jar
2024-05-30 09:38:31,812 [Worker-12: Launching mavenrun-92e2fe09-9207-4c2f-9a2d-7b31e24249eb] INFO  o.eclipse.m2e.core.internal.Bundles - 	Entry: C:\Users\Shree\.p2\pool\plugins\org.eclipse.m2e.maven.runtime_3.9.400.20230826-0755\jars\wagon-file-3.5.3.jar
2024-05-30 09:38:31,812 [Worker-12: Launching mavenrun-92e2fe09-9207-4c2f-9a2d-7b31e24249eb] INFO  o.eclipse.m2e.core.internal.Bundles - 	Entry: C:\Users\Shree\.p2\pool\plugins\org.eclipse.m2e.maven.runtime_3.9.400.20230826-0755\jars\wagon-provider-api-3.5.3.jar
2024-05-30 09:38:31,816 [Worker-12: Launching mavenrun-92e2fe09-9207-4c2f-9a2d-7b31e24249eb] INFO  o.eclipse.m2e.core.internal.Bundles - getClasspathEntries(Bundle=com.google.guava_32.1.2.jre [10])
2024-05-30 09:38:31,817 [Worker-12: Launching mavenrun-92e2fe09-9207-4c2f-9a2d-7b31e24249eb] INFO  o.eclipse.m2e.core.internal.Bundles - 	Entry: C:\Users\Shree\.p2\pool\plugins\com.google.guava_32.1.2.jre.jar
2024-05-30 09:38:31,817 [Worker-12: Launching mavenrun-92e2fe09-9207-4c2f-9a2d-7b31e24249eb] INFO  o.eclipse.m2e.core.internal.Bundles - getClasspathEntries(Bundle=slf4j.api_2.0.7 [516])
2024-05-30 09:38:31,818 [Worker-12: Launching mavenrun-92e2fe09-9207-4c2f-9a2d-7b31e24249eb] INFO  o.eclipse.m2e.core.internal.Bundles - 	Entry: C:\Users\Shree\.p2\pool\plugins\slf4j.api_2.0.7.jar
2024-05-30 09:38:31,818 [Worker-12: Launching mavenrun-92e2fe09-9207-4c2f-9a2d-7b31e24249eb] INFO  o.eclipse.m2e.core.internal.Bundles - getClasspathEntries(Bundle=javax.inject_1.0.0.v20220405-0441 [26])
2024-05-30 09:38:31,818 [Worker-12: Launching mavenrun-92e2fe09-9207-4c2f-9a2d-7b31e24249eb] INFO  o.eclipse.m2e.core.internal.Bundles - 	Entry: C:\Users\Shree\.p2\pool\plugins\javax.inject_1.0.0.v20220405-0441.jar
2024-05-30 09:38:31,818 [Worker-12: Launching mavenrun-92e2fe09-9207-4c2f-9a2d-7b31e24249eb] INFO  o.eclipse.m2e.core.internal.Bundles - getClasspathEntries(Bundle=javax.annotation_1.3.5.v20200909-1856 [24])
2024-05-30 09:38:31,819 [Worker-12: Launching mavenrun-92e2fe09-9207-4c2f-9a2d-7b31e24249eb] INFO  o.eclipse.m2e.core.internal.Bundles - 	Entry: C:\Users\Shree\.p2\pool\plugins\javax.annotation_1.3.5.v20200909-1856.jar
2024-05-30 09:38:31,819 [Worker-12: Launching mavenrun-92e2fe09-9207-4c2f-9a2d-7b31e24249eb] INFO  o.eclipse.m2e.core.internal.Bundles - getClasspathEntries(Bundle=org.apache.commons.cli_1.5.0 [49])
2024-05-30 09:38:31,820 [Worker-12: Launching mavenrun-92e2fe09-9207-4c2f-9a2d-7b31e24249eb] INFO  o.eclipse.m2e.core.internal.Bundles - 	Entry: C:\Users\Shree\.p2\pool\plugins\org.apache.commons.cli_1.5.0.jar
2024-05-30 09:38:31,820 [Worker-12: Launching mavenrun-92e2fe09-9207-4c2f-9a2d-7b31e24249eb] INFO  o.eclipse.m2e.core.internal.Bundles - getClasspathEntries(Bundle=com.google.guava.failureaccess_1.0.2 [519])
2024-05-30 09:38:31,821 [Worker-12: Launching mavenrun-92e2fe09-9207-4c2f-9a2d-7b31e24249eb] INFO  o.eclipse.m2e.core.internal.Bundles - 	Entry: C:\Users\Shree\.p2\pool\plugins\com.google.guava.failureaccess_1.0.2.jar
2024-05-30 09:38:31,828 [Worker-12: Launching mavenrun-92e2fe09-9207-4c2f-9a2d-7b31e24249eb] INFO  o.e.m.i.launch.MavenLaunchDelegate - Run build in "C:\Users\Shree\AppData\Local\Temp\m2e-archetypeGenerator10635415261712334477":
2024-05-30 09:38:31,833 [Worker-12: Launching mavenrun-92e2fe09-9207-4c2f-9a2d-7b31e24249eb] INFO  o.e.m.i.launch.MavenLaunchDelegate -  mvn  -DarchetypeGroupId=org.apache.maven.archetypes -DarchetypeArtifactId=maven-archetype-webapp -DarchetypeVersion=1.0 -DgroupId=mppackage -DartifactId=mpdemo -Dversion=0.0.1-SNAPSHOT -Dpackage=mppackage.mpdemo -DoutputDirectory="C:\Teck Giri\Java Fullstack Developer\java" -Dstyle.color=always -U archetype:generate
2024-05-30 09:38:51,357 [Worker-9: Searching...] INFO  o.eclipse.m2e.core.internal.Bundles - getClasspathEntries(Bundle=org.eclipse.m2e.workspace.cli_0.3.1 [304])
2024-05-30 09:38:51,359 [Worker-9: Searching...] INFO  o.eclipse.m2e.core.internal.Bundles - 	Entry: C:\Users\Shree\.p2\pool\plugins\org.eclipse.m2e.workspace.cli_0.3.1.jar
2024-05-30 09:38:51,410 [Worker-9: Searching...] INFO  o.e.m.c.i.e.AbstractTransferListenerAdapter - Downloaded https://repo.maven.apache.org/maven2/io/takari/m2e/workspace/org.eclipse.m2e.workspace.cli/0.3.1/org.eclipse.m2e.workspace.cli-0.3.1-sources.jar
2024-05-30 09:38:51,414 [Worker-9: Searching...] INFO  o.eclipse.m2e.core.internal.Bundles - getClasspathEntries(Bundle=org.eclipse.m2e.maven.runtime_3.9.400.20230826-0755 [295])
2024-05-30 09:38:51,415 [Worker-9: Searching...] INFO  o.eclipse.m2e.core.internal.Bundles - 	Entry: C:\Users\Shree\.p2\pool\plugins\org.eclipse.m2e.maven.runtime_3.9.400.20230826-0755
2024-05-30 09:38:51,415 [Worker-9: Searching...] INFO  o.eclipse.m2e.core.internal.Bundles - 	Entry: C:\Users\Shree\.p2\pool\plugins\org.eclipse.m2e.maven.runtime_3.9.400.20230826-0755\jars\aether-connector-okhttp-0.17.8.jar
2024-05-30 09:38:51,415 [Worker-9: Searching...] INFO  o.eclipse.m2e.core.internal.Bundles - 	Entry: C:\Users\Shree\.p2\pool\plugins\org.eclipse.m2e.maven.runtime_3.9.400.20230826-0755\jars\aopalliance-1.0.jar
2024-05-30 09:38:51,415 [Worker-9: Searching...] INFO  o.eclipse.m2e.core.internal.Bundles - 	Entry: C:\Users\Shree\.p2\pool\plugins\org.eclipse.m2e.maven.runtime_3.9.400.20230826-0755\jars\commons-lang3-3.12.0.jar
2024-05-30 09:38:51,416 [Worker-9: Searching...] INFO  o.eclipse.m2e.core.internal.Bundles - 	Entry: C:\Users\Shree\.p2\pool\plugins\org.eclipse.m2e.maven.runtime_3.9.400.20230826-0755\jars\guice-5.1.0.jar
2024-05-30 09:38:51,416 [Worker-9: Searching...] INFO  o.eclipse.m2e.core.internal.Bundles - 	Entry: C:\Users\Shree\.p2\pool\plugins\org.eclipse.m2e.maven.runtime_3.9.400.20230826-0755\jars\jansi-2.4.0.jar
2024-05-30 09:38:51,416 [Worker-9: Searching...] INFO  o.eclipse.m2e.core.internal.Bundles - 	Entry: C:\Users\Shree\.p2\pool\plugins\org.eclipse.m2e.maven.runtime_3.9.400.20230826-0755\jars\maven-artifact-3.9.4.jar
2024-05-30 09:38:51,416 [Worker-9: Searching...] INFO  o.eclipse.m2e.core.internal.Bundles - 	Entry: C:\Users\Shree\.p2\pool\plugins\org.eclipse.m2e.maven.runtime_3.9.400.20230826-0755\jars\maven-builder-support-3.9.4.jar
2024-05-30 09:38:51,416 [Worker-9: Searching...] INFO  o.eclipse.m2e.core.internal.Bundles - 	Entry: C:\Users\Shree\.p2\pool\plugins\org.eclipse.m2e.maven.runtime_3.9.400.20230826-0755\jars\maven-compat-3.9.4.jar
2024-05-30 09:38:51,417 [Worker-9: Searching...] INFO  o.eclipse.m2e.core.internal.Bundles - 	Entry: C:\Users\Shree\.p2\pool\plugins\org.eclipse.m2e.maven.runtime_3.9.400.20230826-0755\jars\maven-core-3.9.4.jar
2024-05-30 09:38:51,417 [Worker-9: Searching...] INFO  o.eclipse.m2e.core.internal.Bundles - 	Entry: C:\Users\Shree\.p2\pool\plugins\org.eclipse.m2e.maven.runtime_3.9.400.20230826-0755\jars\maven-embedder-3.9.4.jar
2024-05-30 09:38:51,417 [Worker-9: Searching...] INFO  o.eclipse.m2e.core.internal.Bundles - 	Entry: C:\Users\Shree\.p2\pool\plugins\org.eclipse.m2e.maven.runtime_3.9.400.20230826-0755\jars\maven-model-3.9.4.jar
2024-05-30 09:38:51,417 [Worker-9: Searching...] INFO  o.eclipse.m2e.core.internal.Bundles - 	Entry: C:\Users\Shree\.p2\pool\plugins\org.eclipse.m2e.maven.runtime_3.9.400.20230826-0755\jars\maven-model-builder-3.9.4.jar
2024-05-30 09:38:51,417 [Worker-9: Searching...] INFO  o.eclipse.m2e.core.internal.Bundles - 	Entry: C:\Users\Shree\.p2\pool\plugins\org.eclipse.m2e.maven.runtime_3.9.400.20230826-0755\jars\maven-plugin-api-3.9.4.jar
2024-05-30 09:38:51,417 [Worker-9: Searching...] INFO  o.eclipse.m2e.core.internal.Bundles - 	Entry: C:\Users\Shree\.p2\pool\plugins\org.eclipse.m2e.maven.runtime_3.9.400.20230826-0755\jars\maven-repository-metadata-3.9.4.jar
2024-05-30 09:38:51,417 [Worker-9: Searching...] INFO  o.eclipse.m2e.core.internal.Bundles - 	Entry: C:\Users\Shree\.p2\pool\plugins\org.eclipse.m2e.maven.runtime_3.9.400.20230826-0755\jars\maven-resolver-api-1.9.14.jar
2024-05-30 09:38:51,417 [Worker-9: Searching...] INFO  o.eclipse.m2e.core.internal.Bundles - 	Entry: C:\Users\Shree\.p2\pool\plugins\org.eclipse.m2e.maven.runtime_3.9.400.20230826-0755\jars\maven-resolver-connector-basic-1.9.14.jar
2024-05-30 09:38:51,417 [Worker-9: Searching...] INFO  o.eclipse.m2e.core.internal.Bundles - 	Entry: C:\Users\Shree\.p2\pool\plugins\org.eclipse.m2e.maven.runtime_3.9.400.20230826-0755\jars\maven-resolver-impl-1.9.14.jar
2024-05-30 09:38:51,418 [Worker-9: Searching...] INFO  o.eclipse.m2e.core.internal.Bundles - 	Entry: C:\Users\Shree\.p2\pool\plugins\org.eclipse.m2e.maven.runtime_3.9.400.20230826-0755\jars\maven-resolver-named-locks-1.9.14.jar
2024-05-30 09:38:51,418 [Worker-9: Searching...] INFO  o.eclipse.m2e.core.internal.Bundles - 	Entry: C:\Users\Shree\.p2\pool\plugins\org.eclipse.m2e.maven.runtime_3.9.400.20230826-0755\jars\maven-resolver-provider-3.9.4.jar
2024-05-30 09:38:51,418 [Worker-9: Searching...] INFO  o.eclipse.m2e.core.internal.Bundles - 	Entry: C:\Users\Shree\.p2\pool\plugins\org.eclipse.m2e.maven.runtime_3.9.400.20230826-0755\jars\maven-resolver-spi-1.9.14.jar
2024-05-30 09:38:51,418 [Worker-9: Searching...] INFO  o.eclipse.m2e.core.internal.Bundles - 	Entry: C:\Users\Shree\.p2\pool\plugins\org.eclipse.m2e.maven.runtime_3.9.400.20230826-0755\jars\maven-resolver-transport-wagon-1.9.14.jar
2024-05-30 09:38:51,419 [Worker-9: Searching...] INFO  o.eclipse.m2e.core.internal.Bundles - 	Entry: C:\Users\Shree\.p2\pool\plugins\org.eclipse.m2e.maven.runtime_3.9.400.20230826-0755\jars\maven-resolver-util-1.9.14.jar
2024-05-30 09:38:51,419 [Worker-9: Searching...] INFO  o.eclipse.m2e.core.internal.Bundles - 	Entry: C:\Users\Shree\.p2\pool\plugins\org.eclipse.m2e.maven.runtime_3.9.400.20230826-0755\jars\maven-settings-3.9.4.jar
2024-05-30 09:38:51,420 [Worker-9: Searching...] INFO  o.eclipse.m2e.core.internal.Bundles - 	Entry: C:\Users\Shree\.p2\pool\plugins\org.eclipse.m2e.maven.runtime_3.9.400.20230826-0755\jars\maven-settings-builder-3.9.4.jar
2024-05-30 09:38:51,420 [Worker-9: Searching...] INFO  o.eclipse.m2e.core.internal.Bundles - 	Entry: C:\Users\Shree\.p2\pool\plugins\org.eclipse.m2e.maven.runtime_3.9.400.20230826-0755\jars\maven-shared-utils-3.3.4.jar
2024-05-30 09:38:51,420 [Worker-9: Searching...] INFO  o.eclipse.m2e.core.internal.Bundles - 	Entry: C:\Users\Shree\.p2\pool\plugins\org.eclipse.m2e.maven.runtime_3.9.400.20230826-0755\jars\okhttp-3.14.1.jar
2024-05-30 09:38:51,420 [Worker-9: Searching...] INFO  o.eclipse.m2e.core.internal.Bundles - 	Entry: C:\Users\Shree\.p2\pool\plugins\org.eclipse.m2e.maven.runtime_3.9.400.20230826-0755\jars\okio-1.17.3.jar
2024-05-30 09:38:51,420 [Worker-9: Searching...] INFO  o.eclipse.m2e.core.internal.Bundles - 	Entry: C:\Users\Shree\.p2\pool\plugins\org.eclipse.m2e.maven.runtime_3.9.400.20230826-0755\jars\org.eclipse.sisu.inject-0.3.5.jar
2024-05-30 09:38:51,421 [Worker-9: Searching...] INFO  o.eclipse.m2e.core.internal.Bundles - 	Entry: C:\Users\Shree\.p2\pool\plugins\org.eclipse.m2e.maven.runtime_3.9.400.20230826-0755\jars\org.eclipse.sisu.plexus-0.3.5.jar
2024-05-30 09:38:51,421 [Worker-9: Searching...] INFO  o.eclipse.m2e.core.internal.Bundles - 	Entry: C:\Users\Shree\.p2\pool\plugins\org.eclipse.m2e.maven.runtime_3.9.400.20230826-0755\jars\plexus-build-api-0.0.7.jar
2024-05-30 09:38:51,421 [Worker-9: Searching...] INFO  o.eclipse.m2e.core.internal.Bundles - 	Entry: C:\Users\Shree\.p2\pool\plugins\org.eclipse.m2e.maven.runtime_3.9.400.20230826-0755\jars\plexus-cipher-2.0.jar
2024-05-30 09:38:51,421 [Worker-9: Searching...] INFO  o.eclipse.m2e.core.internal.Bundles - 	Entry: C:\Users\Shree\.p2\pool\plugins\org.eclipse.m2e.maven.runtime_3.9.400.20230826-0755\jars\plexus-classworlds-2.7.0.jar
2024-05-30 09:38:51,422 [Worker-9: Searching...] INFO  o.eclipse.m2e.core.internal.Bundles - 	Entry: C:\Users\Shree\.p2\pool\plugins\org.eclipse.m2e.maven.runtime_3.9.400.20230826-0755\jars\plexus-component-annotations-2.1.0.jar
2024-05-30 09:38:51,422 [Worker-9: Searching...] INFO  o.eclipse.m2e.core.internal.Bundles - 	Entry: C:\Users\Shree\.p2\pool\plugins\org.eclipse.m2e.maven.runtime_3.9.400.20230826-0755\jars\plexus-interpolation-1.26.jar
2024-05-30 09:38:51,422 [Worker-9: Searching...] INFO  o.eclipse.m2e.core.internal.Bundles - 	Entry: C:\Users\Shree\.p2\pool\plugins\org.eclipse.m2e.maven.runtime_3.9.400.20230826-0755\jars\plexus-sec-dispatcher-2.0.jar
2024-05-30 09:38:51,423 [Worker-9: Searching...] INFO  o.eclipse.m2e.core.internal.Bundles - 	Entry: C:\Users\Shree\.p2\pool\plugins\org.eclipse.m2e.maven.runtime_3.9.400.20230826-0755\jars\plexus-utils-3.5.1.jar
2024-05-30 09:38:51,423 [Worker-9: Searching...] INFO  o.eclipse.m2e.core.internal.Bundles - 	Entry: C:\Users\Shree\.p2\pool\plugins\org.eclipse.m2e.maven.runtime_3.9.400.20230826-0755\jars\wagon-file-3.5.3.jar
2024-05-30 09:38:51,423 [Worker-9: Searching...] INFO  o.eclipse.m2e.core.internal.Bundles - 	Entry: C:\Users\Shree\.p2\pool\plugins\org.eclipse.m2e.maven.runtime_3.9.400.20230826-0755\jars\wagon-provider-api-3.5.3.jar
2024-05-30 09:38:51,424 [Worker-9: Searching...] INFO  o.eclipse.m2e.core.internal.Bundles - getClasspathEntries(Bundle=com.google.guava_32.1.2.jre [10])
2024-05-30 09:38:51,425 [Worker-9: Searching...] INFO  o.eclipse.m2e.core.internal.Bundles - 	Entry: C:\Users\Shree\.p2\pool\plugins\com.google.guava_32.1.2.jre.jar
2024-05-30 09:38:51,425 [Worker-9: Searching...] INFO  o.eclipse.m2e.core.internal.Bundles - getClasspathEntries(Bundle=slf4j.api_2.0.7 [516])
2024-05-30 09:38:51,425 [Worker-9: Searching...] INFO  o.eclipse.m2e.core.internal.Bundles - 	Entry: C:\Users\Shree\.p2\pool\plugins\slf4j.api_2.0.7.jar
2024-05-30 09:38:51,426 [Worker-9: Searching...] INFO  o.eclipse.m2e.core.internal.Bundles - getClasspathEntries(Bundle=javax.inject_1.0.0.v20220405-0441 [26])
2024-05-30 09:38:51,426 [Worker-9: Searching...] INFO  o.eclipse.m2e.core.internal.Bundles - 	Entry: C:\Users\Shree\.p2\pool\plugins\javax.inject_1.0.0.v20220405-0441.jar
2024-05-30 09:38:51,426 [Worker-9: Searching...] INFO  o.eclipse.m2e.core.internal.Bundles - getClasspathEntries(Bundle=javax.annotation_1.3.5.v20200909-1856 [24])
2024-05-30 09:38:51,427 [Worker-9: Searching...] INFO  o.eclipse.m2e.core.internal.Bundles - 	Entry: C:\Users\Shree\.p2\pool\plugins\javax.annotation_1.3.5.v20200909-1856.jar
2024-05-30 09:38:51,427 [Worker-9: Searching...] INFO  o.eclipse.m2e.core.internal.Bundles - getClasspathEntries(Bundle=org.apache.commons.cli_1.5.0 [49])
2024-05-30 09:38:51,428 [Worker-9: Searching...] INFO  o.eclipse.m2e.core.internal.Bundles - 	Entry: C:\Users\Shree\.p2\pool\plugins\org.apache.commons.cli_1.5.0.jar
2024-05-30 09:38:51,428 [Worker-9: Searching...] INFO  o.eclipse.m2e.core.internal.Bundles - getClasspathEntries(Bundle=com.google.guava.failureaccess_1.0.2 [519])
2024-05-30 09:38:51,428 [Worker-9: Searching...] INFO  o.eclipse.m2e.core.internal.Bundles - 	Entry: C:\Users\Shree\.p2\pool\plugins\com.google.guava.failureaccess_1.0.2.jar
2024-05-30 09:38:51,440 [Worker-9: Searching...] INFO  o.e.m.c.i.e.AbstractTransferListenerAdapter - Downloaded https://repo.maven.apache.org/maven2/org/codehaus/plexus/plexus-classworlds/2.7.0/plexus-classworlds-2.7.0-sources.jar
2024-05-30 09:38:51,498 [Worker-9: Searching...] INFO  o.e.m.c.i.e.AbstractTransferListenerAdapter - Downloaded https://repo.maven.apache.org/maven2/io/takari/aether/aether-connector-okhttp/0.17.8/aether-connector-okhttp-0.17.8-sources.jar
2024-05-30 09:38:51,511 [Worker-9: Searching...] INFO  o.e.m.c.i.e.AbstractTransferListenerAdapter - Downloaded https://repo.maven.apache.org/maven2/org/apache/commons/commons-lang3/3.12.0/commons-lang3-3.12.0-sources.jar
2024-05-30 09:38:51,531 [Worker-9: Searching...] INFO  o.e.m.c.i.e.AbstractTransferListenerAdapter - Downloaded https://repo.maven.apache.org/maven2/org/fusesource/jansi/jansi/2.4.0/jansi-2.4.0-sources.jar
2024-05-30 09:38:51,550 [Worker-9: Searching...] INFO  o.e.m.c.i.e.AbstractTransferListenerAdapter - Downloaded https://repo.maven.apache.org/maven2/org/apache/maven/maven-artifact/3.9.4/maven-artifact-3.9.4-sources.jar
2024-05-30 09:38:51,563 [Worker-9: Searching...] INFO  o.e.m.c.i.e.AbstractTransferListenerAdapter - Downloaded https://repo.maven.apache.org/maven2/org/apache/maven/maven-builder-support/3.9.4/maven-builder-support-3.9.4-sources.jar
2024-05-30 09:38:51,579 [Worker-9: Searching...] INFO  o.e.m.c.i.e.AbstractTransferListenerAdapter - Downloaded https://repo.maven.apache.org/maven2/org/apache/maven/maven-compat/3.9.4/maven-compat-3.9.4-sources.jar
2024-05-30 09:38:51,594 [Worker-9: Searching...] INFO  o.e.m.c.i.e.AbstractTransferListenerAdapter - Downloaded https://repo.maven.apache.org/maven2/org/apache/maven/maven-core/3.9.4/maven-core-3.9.4-sources.jar
2024-05-30 09:38:51,610 [Worker-9: Searching...] INFO  o.e.m.c.i.e.AbstractTransferListenerAdapter - Downloaded https://repo.maven.apache.org/maven2/org/apache/maven/maven-embedder/3.9.4/maven-embedder-3.9.4-sources.jar
2024-05-30 09:38:51,627 [Worker-9: Searching...] INFO  o.e.m.c.i.e.AbstractTransferListenerAdapter - Downloaded https://repo.maven.apache.org/maven2/org/apache/maven/maven-model/3.9.4/maven-model-3.9.4-sources.jar
2024-05-30 09:38:51,639 [Worker-9: Searching...] INFO  o.e.m.c.i.e.AbstractTransferListenerAdapter - Downloaded https://repo.maven.apache.org/maven2/org/apache/maven/maven-model-builder/3.9.4/maven-model-builder-3.9.4-sources.jar
2024-05-30 09:38:51,655 [Worker-9: Searching...] INFO  o.e.m.c.i.e.AbstractTransferListenerAdapter - Downloaded https://repo.maven.apache.org/maven2/org/apache/maven/maven-plugin-api/3.9.4/maven-plugin-api-3.9.4-sources.jar
2024-05-30 09:38:51,669 [Worker-9: Searching...] INFO  o.e.m.c.i.e.AbstractTransferListenerAdapter - Downloaded https://repo.maven.apache.org/maven2/org/apache/maven/maven-repository-metadata/3.9.4/maven-repository-metadata-3.9.4-sources.jar
2024-05-30 09:38:51,682 [Worker-9: Searching...] INFO  o.e.m.c.i.e.AbstractTransferListenerAdapter - Downloaded https://repo.maven.apache.org/maven2/org/apache/maven/resolver/maven-resolver-api/1.9.14/maven-resolver-api-1.9.14-sources.jar
2024-05-30 09:38:51,695 [Worker-9: Searching...] INFO  o.e.m.c.i.e.AbstractTransferListenerAdapter - Downloaded https://repo.maven.apache.org/maven2/org/apache/maven/resolver/maven-resolver-connector-basic/1.9.14/maven-resolver-connector-basic-1.9.14-sources.jar
2024-05-30 09:38:51,711 [Worker-9: Searching...] INFO  o.e.m.c.i.e.AbstractTransferListenerAdapter - Downloaded https://repo.maven.apache.org/maven2/org/apache/maven/resolver/maven-resolver-impl/1.9.14/maven-resolver-impl-1.9.14-sources.jar
2024-05-30 09:38:51,725 [Worker-9: Searching...] INFO  o.e.m.c.i.e.AbstractTransferListenerAdapter - Downloaded https://repo.maven.apache.org/maven2/org/apache/maven/resolver/maven-resolver-named-locks/1.9.14/maven-resolver-named-locks-1.9.14-sources.jar
2024-05-30 09:38:51,740 [Worker-9: Searching...] INFO  o.e.m.c.i.e.AbstractTransferListenerAdapter - Downloaded https://repo.maven.apache.org/maven2/org/apache/maven/maven-resolver-provider/3.9.4/maven-resolver-provider-3.9.4-sources.jar
2024-05-30 09:38:51,756 [Worker-9: Searching...] INFO  o.e.m.c.i.e.AbstractTransferListenerAdapter - Downloaded https://repo.maven.apache.org/maven2/org/apache/maven/resolver/maven-resolver-spi/1.9.14/maven-resolver-spi-1.9.14-sources.jar
2024-05-30 09:38:51,769 [Worker-9: Searching...] INFO  o.e.m.c.i.e.AbstractTransferListenerAdapter - Downloaded https://repo.maven.apache.org/maven2/org/apache/maven/resolver/maven-resolver-transport-wagon/1.9.14/maven-resolver-transport-wagon-1.9.14-sources.jar
2024-05-30 09:38:51,785 [Worker-9: Searching...] INFO  o.e.m.c.i.e.AbstractTransferListenerAdapter - Downloaded https://repo.maven.apache.org/maven2/org/apache/maven/resolver/maven-resolver-util/1.9.14/maven-resolver-util-1.9.14-sources.jar
2024-05-30 09:38:51,800 [Worker-9: Searching...] INFO  o.e.m.c.i.e.AbstractTransferListenerAdapter - Downloaded https://repo.maven.apache.org/maven2/org/apache/maven/maven-settings/3.9.4/maven-settings-3.9.4-sources.jar
2024-05-30 09:38:51,812 [Worker-9: Searching...] INFO  o.e.m.c.i.e.AbstractTransferListenerAdapter - Downloaded https://repo.maven.apache.org/maven2/org/apache/maven/maven-settings-builder/3.9.4/maven-settings-builder-3.9.4-sources.jar
2024-05-30 09:38:51,825 [Worker-9: Searching...] INFO  o.e.m.c.i.e.AbstractTransferListenerAdapter - Downloaded https://repo.maven.apache.org/maven2/org/apache/maven/shared/maven-shared-utils/3.3.4/maven-shared-utils-3.3.4-sources.jar
2024-05-30 09:38:51,841 [Worker-9: Searching...] INFO  o.e.m.c.i.e.AbstractTransferListenerAdapter - Downloaded https://repo.maven.apache.org/maven2/com/squareup/okhttp3/okhttp/3.14.1/okhttp-3.14.1-sources.jar
2024-05-30 09:38:51,857 [Worker-9: Searching...] INFO  o.e.m.c.i.e.AbstractTransferListenerAdapter - Downloaded https://repo.maven.apache.org/maven2/com/squareup/okio/okio/1.17.3/okio-1.17.3-sources.jar
2024-05-30 09:38:51,868 [Worker-9: Searching...] INFO  o.e.m.c.i.e.AbstractTransferListenerAdapter - Downloaded https://repo.maven.apache.org/maven2/org/codehaus/plexus/plexus-cipher/2.0/plexus-cipher-2.0-sources.jar
2024-05-30 09:38:51,883 [Worker-9: Searching...] INFO  o.e.m.c.i.e.AbstractTransferListenerAdapter - Downloaded https://repo.maven.apache.org/maven2/org/codehaus/plexus/plexus-component-annotations/2.1.0/plexus-component-annotations-2.1.0-sources.jar
2024-05-30 09:38:51,897 [Worker-9: Searching...] INFO  o.e.m.c.i.e.AbstractTransferListenerAdapter - Downloaded https://repo.maven.apache.org/maven2/org/codehaus/plexus/plexus-interpolation/1.26/plexus-interpolation-1.26-sources.jar
2024-05-30 09:38:51,912 [Worker-9: Searching...] INFO  o.e.m.c.i.e.AbstractTransferListenerAdapter - Downloaded https://repo.maven.apache.org/maven2/org/codehaus/plexus/plexus-sec-dispatcher/2.0/plexus-sec-dispatcher-2.0-sources.jar
2024-05-30 09:38:51,927 [Worker-9: Searching...] INFO  o.e.m.c.i.e.AbstractTransferListenerAdapter - Downloaded https://repo.maven.apache.org/maven2/org/codehaus/plexus/plexus-utils/3.5.1/plexus-utils-3.5.1-sources.jar
2024-05-30 09:38:51,940 [Worker-9: Searching...] INFO  o.e.m.c.i.e.AbstractTransferListenerAdapter - Downloaded https://repo.maven.apache.org/maven2/org/apache/maven/wagon/wagon-file/3.5.3/wagon-file-3.5.3-sources.jar
2024-05-30 09:38:51,952 [Worker-9: Searching...] INFO  o.e.m.c.i.e.AbstractTransferListenerAdapter - Downloaded https://repo.maven.apache.org/maven2/org/apache/maven/wagon/wagon-provider-api/3.5.3/wagon-provider-api-3.5.3-sources.jar
2024-05-30 09:38:52,114 [Worker-9: Searching...] INFO  o.e.m.c.i.e.AbstractTransferListenerAdapter - Downloaded https://repo.maven.apache.org/maven2/org/apache/maven/maven-slf4j-provider/3.9.4/maven-slf4j-provider-3.9.4-sources.jar
2024-05-30 09:38:52,145 [Worker-9: Searching...] INFO  o.e.m.c.i.e.AbstractTransferListenerAdapter - Downloaded https://repo.maven.apache.org/maven2/com/google/guava/guava/32.1.2-jre/guava-32.1.2-jre-sources.jar
2024-05-30 09:38:52,172 [Worker-9: Searching...] INFO  o.e.m.c.i.e.AbstractTransferListenerAdapter - Downloaded https://repo.maven.apache.org/maven2/org/slf4j/slf4j-api/2.0.7/slf4j-api-2.0.7-sources.jar
2024-05-30 09:38:52,227 [Worker-9: Searching...] INFO  o.e.m.c.i.e.AbstractTransferListenerAdapter - Downloaded https://repo.maven.apache.org/maven2/commons-cli/commons-cli/1.5.0/commons-cli-1.5.0-sources.jar
2024-05-30 09:38:52,247 [Worker-9: Searching...] INFO  o.e.m.c.i.e.AbstractTransferListenerAdapter - Downloaded https://repo.maven.apache.org/maven2/com/google/guava/failureaccess/1.0.2/failureaccess-1.0.2-sources.jar
2024-05-30 09:52:59,479 [Worker-42: https://download.eclipse.org/technology/m2e/releases/latest/plugins/org.eclipse.m2e.core.ui_2.0.800.20240217-0902.jar] INFO  o.a.h.c.h.i.c.HttpRequestRetryExec - Recoverable I/O exception (java.net.SocketException) caught when processing request to {s}->https://download.eclipse.org:443
2024-05-30 09:53:00,811 [Worker-49: https://download.eclipse.org/technology/m2e/releases/latest/plugins/org.eclipse.m2e.editor.lemminx_2.0.600.20240219-1707.jar] INFO  o.a.h.c.h.i.c.HttpRequestRetryExec - Recoverable I/O exception (java.net.SocketException) caught when processing request to {s}->https://download.eclipse.org:443
2024-05-30 09:53:30,301 [Worker-50: https://download.eclipse.org/eclipse/updates/4.31/R-4.31-202402290520/plugins/junit-platform-suite-engine_1.10.2.jar] INFO  o.a.h.c.h.i.c.HttpRequestRetryExec - Recoverable I/O exception (java.net.SocketException) caught when processing request to {s}->https://download.eclipse.org:443
2024-05-30 09:53:30,644 [Worker-51: https://download.eclipse.org/eclipse/updates/4.31/R-4.31-202402290520/plugins/junit-platform-commons_1.10.2.jar] INFO  o.a.h.c.h.i.c.HttpRequestRetryExec - Recoverable I/O exception (java.net.SocketException) caught when processing request to {s}->https://download.eclipse.org:443
2024-05-30 09:53:38,225 [Worker-45: https://download.eclipse.org/eclipse/updates/4.31/R-4.31-202402290520/plugins/org.apache.sshd.osgi_2.12.1.jar] INFO  o.a.h.c.h.i.c.HttpRequestRetryExec - Recoverable I/O exception (java.net.SocketException) caught when processing request to {s}->https://download.eclipse.org:443
2024-05-30 09:53:58,389 [Worker-43: https://download.eclipse.org/eclipse/updates/4.31/R-4.31-202402290520/plugins/org.eclipse.core.externaltools_1.3.300.v20231214-1012.jar] INFO  o.a.h.c.h.i.c.HttpRequestRetryExec - Recoverable I/O exception (java.net.SocketException) caught when processing request to {s}->https://download.eclipse.org:443
2024-05-30 09:53:59,126 [Worker-39: https://download.eclipse.org/eclipse/updates/4.31/R-4.31-202402290520/plugins/org.eclipse.core.databinding.observable_1.13.200.v20240104-1240.jar] INFO  o.a.h.c.h.i.c.HttpRequestRetryExec - Recoverable I/O exception (java.net.SocketException) caught when processing request to {s}->https://download.eclipse.org:443
2024-05-30 09:54:10,441 [Worker-47: https://download.eclipse.org/eclipse/updates/4.31/R-4.31-202402290520/plugins/org.eclipse.debug.ui.launchview_1.1.400.v20240110-1213.jar] INFO  o.a.h.c.h.i.c.HttpRequestRetryExec - Recoverable I/O exception (java.net.SocketException) caught when processing request to {s}->https://download.eclipse.org:443
2024-05-30 09:54:10,624 [Worker-34: https://download.eclipse.org/eclipse/updates/4.31/R-4.31-202402290520/plugins/org.eclipse.e4.core.di.annotations_1.8.300.v20231220-1554.jar] INFO  o.a.h.c.h.i.c.HttpRequestRetryExec - Recoverable I/O exception (java.net.SocketException) caught when processing request to {s}->https://download.eclipse.org:443
2024-05-30 09:54:30,374 [Worker-31: https://download.eclipse.org/eclipse/updates/4.31/R-4.31-202402290520/plugins/org.eclipse.e4.ui.widgets_1.4.100.v20231201-1637.jar] INFO  o.a.h.c.h.i.c.HttpRequestRetryExec - Recoverable I/O exception (java.net.SocketException) caught when processing request to {s}->https://download.eclipse.org:443
2024-05-30 09:54:38,593 [Worker-36: https://download.eclipse.org/eclipse/updates/4.31/R-4.31-202402290520/plugins/org.eclipse.equinox.app_1.7.0.v20240213-1427.jar] INFO  o.a.h.c.h.i.c.HttpRequestRetryExec - Recoverable I/O exception (java.net.SocketException) caught when processing request to {s}->https://download.eclipse.org:443
2024-05-30 09:55:10,366 [Worker-50: https://download.eclipse.org/eclipse/updates/4.31/R-4.31-202402290520/plugins/org.eclipse.equinox.p2.reconciler.dropins_1.5.300.v20240212-0924.jar] INFO  o.a.h.c.h.i.c.HttpRequestRetryExec - Recoverable I/O exception (java.net.SocketException) caught when processing request to {s}->https://download.eclipse.org:443
2024-05-30 09:55:30,432 [Worker-39: https://download.eclipse.org/eclipse/updates/4.31/R-4.31-202402290520/plugins/org.eclipse.equinox.p2.updatesite_1.3.300.v20240201-0843.jar] INFO  o.a.h.c.h.i.c.HttpRequestRetryExec - Recoverable I/O exception (java.net.SocketException) caught when processing request to {s}->https://download.eclipse.org:443
2024-05-30 09:55:30,432 [Worker-45: https://download.eclipse.org/eclipse/updates/4.31/R-4.31-202402290520/plugins/org.eclipse.equinox.security_1.4.200.v20240213-1244.jar] INFO  o.a.h.c.h.i.c.HttpRequestRetryExec - Recoverable I/O exception (java.net.SocketException) caught when processing request to {s}->https://download.eclipse.org:443
2024-05-30 09:55:30,432 [Worker-36: https://download.eclipse.org/eclipse/updates/4.31/R-4.31-202402290520/plugins/org.eclipse.equinox.security.win32.x86_64_1.2.200.v20240213-1244.jar] INFO  o.a.h.c.h.i.c.HttpRequestRetryExec - Recoverable I/O exception (java.net.SocketException) caught when processing request to {s}->https://download.eclipse.org:443
2024-05-30 09:56:10,562 [Worker-29: https://download.eclipse.org/eclipse/updates/4.31/R-4.31-202402290520/plugins/org.eclipse.ltk.core.refactoring_3.14.300.v20240111-1549.jar] INFO  o.a.h.c.h.i.c.HttpRequestRetryExec - Recoverable I/O exception (java.net.SocketException) caught when processing request to {s}->https://download.eclipse.org:443
2024-05-30 09:56:58,790 [Worker-25: https://download.eclipse.org/eclipse/updates/4.31/R-4.31-202402290520/plugins/org.eclipse.ui.workbench_3.131.100.v20240221-2107.jar] INFO  o.a.h.c.h.i.c.HttpRequestRetryExec - Recoverable I/O exception (java.net.SocketException) caught when processing request to {s}->https://download.eclipse.org:443
2024-05-30 09:57:11,239 [Worker-45: https://download.eclipse.org/eclipse/updates/4.31/R-4.31-202402290520/plugins/org.eclipse.update.configurator_3.5.300.v20240215-1631.jar] INFO  o.a.h.c.h.i.c.HttpRequestRetryExec - Recoverable I/O exception (java.net.SocketException) caught when processing request to {s}->https://download.eclipse.org:443
2024-05-30 09:57:30,986 [Worker-48: https://download.eclipse.org/technology/epp/packages/2024-03/202403071200/features/org.eclipse.epp.package.java.feature_4.31.0.20240307-1200.jar] INFO  o.a.h.c.h.i.c.HttpRequestRetryExec - Recoverable I/O exception (java.net.SocketException) caught when processing request to {s}->https://download.eclipse.org:443
2024-05-30 09:58:38,786 [Worker-27: https://ftp.yz.yamagata-u.ac.jp/pub/eclipse//releases/2024-03/202403131000/plugins/org.apache.lucene.queryparser_9.10.0.v20240221-0830.jar] INFO  o.a.h.c.h.i.c.HttpRequestRetryExec - Recoverable I/O exception (java.net.SocketException) caught when processing request to {s}->https://ftp.yz.yamagata-u.ac.jp:443
2024-05-30 09:58:39,404 [Worker-38: https://download.eclipse.org/releases/2024-03/202403131000/plugins/junit-platform-launcher_1.10.2.jar] INFO  o.a.h.c.h.i.c.HttpRequestRetryExec - Recoverable I/O exception (java.net.SocketException) caught when processing request to {s}->https://download.eclipse.org:443
2024-05-30 09:58:40,243 [Worker-36: https://ftp.yz.yamagata-u.ac.jp/pub/eclipse//releases/2024-03/202403131000/plugins/org.apache.lucene.analysis-common_9.10.0.v20240221-0830.jar] INFO  o.a.h.c.h.i.c.HttpRequestRetryExec - Recoverable I/O exception (java.net.SocketException) caught when processing request to {s}->https://ftp.yz.yamagata-u.ac.jp:443
2024-05-30 09:59:30,647 [Worker-38: https://ftp.yz.yamagata-u.ac.jp/pub/eclipse//releases/2024-03/202403131000/plugins/org.eclipse.ant.core_3.7.300.v20231214-1526.jar] INFO  o.a.h.c.h.i.c.HttpRequestRetryExec - Recoverable I/O exception (java.net.SocketException) caught when processing request to {s}->https://ftp.yz.yamagata-u.ac.jp:443
2024-05-30 09:59:38,636 [Worker-32: https://mirror.aarnet.edu.au/pub/eclipse/releases/2024-03/202403131000/plugins/org.eclipse.ant.ui_3.9.300.v20231214-1526.jar] INFO  o.a.h.c.h.i.c.HttpRequestRetryExec - Recoverable I/O exception (java.net.SocketException) caught when processing request to {s}->https://mirror.aarnet.edu.au:443
2024-05-30 10:01:38,719 [Worker-51: https://ftp.yz.yamagata-u.ac.jp/pub/eclipse/releases/2024-03/202403131000/plugins/org.eclipse.debug.ui_3.18.300.v20240213-1843.jar] INFO  o.a.h.c.h.i.c.HttpRequestRetryExec - Recoverable I/O exception (java.net.SocketException) caught when processing request to {s}->https://ftp.yz.yamagata-u.ac.jp:443
2024-05-30 10:03:59,452 [Worker-45: https://ftp.yz.yamagata-u.ac.jp/pub/eclipse/releases/2024-03/202403131000/plugins/org.eclipse.e4.ui.workbench.swt_0.17.300.v20240123-1128.jar] INFO  o.a.h.c.h.i.c.HttpRequestRetryExec - Recoverable I/O exception (java.net.SocketException) caught when processing request to {s}->https://ftp.yz.yamagata-u.ac.jp:443
2024-05-30 10:05:31,666 [Worker-27: https://ftp.yz.yamagata-u.ac.jp/pub/eclipse/releases/2024-03/202403131000/plugins/org.eclipse.epp.mpc.core_1.10.3.v20240221-1216.jar] INFO  o.a.h.c.h.i.c.HttpRequestRetryExec - Recoverable I/O exception (java.net.SocketException) caught when processing request to {s}->https://ftp.yz.yamagata-u.ac.jp:443
2024-05-30 10:05:41,193 [Worker-55: https://ftp.yz.yamagata-u.ac.jp/pub/eclipse/releases/2024-03/202403131000/plugins/org.eclipse.buildship.ui_3.1.9.v20240115-1636.jar] INFO  o.a.h.c.h.i.c.HttpRequestRetryExec - Recoverable I/O exception (java.net.SocketException) caught when processing request to {s}->https://ftp.yz.yamagata-u.ac.jp:443
2024-05-30 10:06:10,847 [Worker-28: https://ftp.yz.yamagata-u.ac.jp/pub/eclipse//releases/2024-03/202403131000/plugins/com.ibm.icu_74.2.0.jar] INFO  o.a.h.c.h.i.c.HttpRequestRetryExec - Recoverable I/O exception (java.net.SocketException) caught when processing request to {s}->https://ftp.yz.yamagata-u.ac.jp:443
2024-05-30 10:17:39,807 [Worker-70: https://download.eclipse.org/eclipse/updates/4.31/R-4.31-202402290520/plugins/org.eclipse.help_3.10.300.v20240107-2054.jar] INFO  o.a.h.c.h.i.c.HttpRequestRetryExec - Recoverable I/O exception (java.net.SocketException) caught when processing request to {s}->https://download.eclipse.org:443
2024-05-30 10:18:11,762 [Worker-58: https://download.eclipse.org/eclipse/updates/4.31/R-4.31-202402290520/plugins/org.eclipse.ui.workbench_3.131.100.v20240221-2107.jar] INFO  o.a.h.c.h.i.c.HttpRequestRetryExec - Recoverable I/O exception (java.net.SocketException) caught when processing request to {s}->https://download.eclipse.org:443
2024-05-30 10:18:11,915 [Worker-63: https://download.eclipse.org/eclipse/updates/4.31/R-4.31-202402290520/plugins/org.eclipse.jetty.ee8.server_12.0.6.jar] INFO  o.a.h.c.h.i.c.HttpRequestRetryExec - Recoverable I/O exception (java.net.SocketException) caught when processing request to {s}->https://download.eclipse.org:443
2024-05-30 12:15:30,812 [Worker-2: Loading available Gradle versions] INFO  o.e.b.c.i.u.g.PublishedGradleVersions - Gradle version information cache is up-to-date. Trying to read.
2024-05-30 12:54:28,606 [Worker-4: Loading available Gradle versions] INFO  o.e.b.c.i.u.g.PublishedGradleVersions - Gradle version information cache is up-to-date. Trying to read.
2024-05-30 16:35:12,409 [Worker-5: Loading available Gradle versions] INFO  o.e.b.c.i.u.g.PublishedGradleVersions - Gradle version information cache is up-to-date. Trying to read.
2024-05-30 16:35:42,874 [Worker-3: Loading available Gradle versions] INFO  o.e.b.c.i.u.g.PublishedGradleVersions - Gradle version information cache is up-to-date. Trying to read.
2024-05-30 16:38:08,127 [Worker-2: Loading available Gradle versions] INFO  o.e.b.c.i.u.g.PublishedGradleVersions - Gradle version information cache is up-to-date. Trying to read.
2024-05-30 16:38:45,447 [Worker-2: Build] WARN  o.e.m.c.i.embedder.EclipseLogger - The artifact mysql:mysql-connector-java:jar:8.0.33 has been relocated to com.mysql:mysql-connector-j:jar:8.0.33: MySQL Connector/J artifacts moved to reverse-DNS compliant Maven 2+ coordinates.
2024-05-30 16:38:46,758 [Worker-2: Build] WARN  o.a.m.s.f.DefaultMavenResourcesFiltering - Using platform encoding (Cp1252 actually) to copy filtered resources, i.e. build is platform dependent!
2024-05-30 16:38:46,776 [Worker-2: Build] INFO  o.a.m.s.f.DefaultMavenResourcesFiltering - Copying 0 resource from src\main\resources to target\classes
2024-05-30 16:38:46,787 [Worker-2: Build] WARN  o.a.m.s.f.DefaultMavenResourcesFiltering - Using platform encoding (Cp1252 actually) to copy filtered resources, i.e. build is platform dependent!
2024-05-30 16:38:46,789 [Worker-2: Build] INFO  o.a.m.s.f.DefaultMavenResourcesFiltering - Copying 0 resource from src\test\resources to target\test-classes
2024-05-30 16:39:03,565 [Worker-2: Build] INFO  o.a.m.s.f.DefaultMavenResourcesFiltering - Copying 1 resource from src\main\resources to target\classes
2024-05-30 16:39:03,616 [Worker-2: Build] INFO  o.a.m.s.f.DefaultMavenResourcesFiltering - Copying 0 resource from src\main\resources to target\classes
2024-05-30 16:39:03,623 [Worker-2: Build] INFO  o.a.m.s.f.DefaultMavenResourcesFiltering - skip non existing resourceDirectory C:\Teck Giri\Java Fullstack Developer\Spring Framework\FirstSpringProject\student\src\test\resources
2024-05-30 17:23:00,473 [Worker-4: Loading available Gradle versions] INFO  o.e.b.c.i.u.g.PublishedGradleVersions - Gradle version information cache is up-to-date. Trying to read.
2024-06-08 22:53:43,274 [Worker-7: Loading available Gradle versions] INFO  o.e.b.c.i.u.g.PublishedGradleVersions - Gradle version information cache is up-to-date. Trying to read.
2024-06-08 23:03:49,177 [Worker-11: Building] WARN  o.e.m.c.i.embedder.EclipseLogger - The artifact mysql:mysql-connector-java:jar:8.0.33 has been relocated to com.mysql:mysql-connector-j:jar:8.0.33: MySQL Connector/J artifacts moved to reverse-DNS compliant Maven 2+ coordinates.
2024-06-08 23:03:49,851 [Worker-11: Building] WARN  o.a.m.s.f.DefaultMavenResourcesFiltering - Using platform encoding (Cp1252 actually) to copy filtered resources, i.e. build is platform dependent!
2024-06-08 23:03:49,860 [Worker-11: Building] INFO  o.a.m.s.f.DefaultMavenResourcesFiltering - Copying 0 resource from src\main\resources to target\classes
2024-06-08 23:03:49,868 [Worker-11: Building] WARN  o.a.m.s.f.DefaultMavenResourcesFiltering - Using platform encoding (Cp1252 actually) to copy filtered resources, i.e. build is platform dependent!
2024-06-08 23:03:49,869 [Worker-11: Building] INFO  o.a.m.s.f.DefaultMavenResourcesFiltering - Copying 0 resource from src\test\resources to target\test-classes
2024-06-08 23:04:05,068 [Worker-11: Building] INFO  o.a.m.s.f.DefaultMavenResourcesFiltering - Copying 1 resource from src\main\resources to target\classes
2024-06-08 23:04:05,167 [Worker-11: Building] INFO  o.a.m.s.f.DefaultMavenResourcesFiltering - Copying 0 resource from src\main\resources to target\classes
2024-06-08 23:04:05,179 [Worker-11: Building] INFO  o.a.m.s.f.DefaultMavenResourcesFiltering - skip non existing resourceDirectory C:\Teck Giri\Java Fullstack Developer\Spring Framework\FirstSpringProject\student\src\test\resources
2024-06-09 10:34:01,402 [Worker-6: Loading available Gradle versions] INFO  o.e.b.c.i.u.g.PublishedGradleVersions - Gradle version information cache is up-to-date. Trying to read.
2024-06-09 10:35:44,006 [Worker-16: Cleaning all projects] WARN  o.e.m.c.i.embedder.EclipseLogger - The artifact mysql:mysql-connector-java:jar:8.0.33 has been relocated to com.mysql:mysql-connector-j:jar:8.0.33: MySQL Connector/J artifacts moved to reverse-DNS compliant Maven 2+ coordinates.
2024-06-09 10:35:53,263 [Worker-15: Building] WARN  o.a.m.s.f.DefaultMavenResourcesFiltering - Using platform encoding (Cp1252 actually) to copy filtered resources, i.e. build is platform dependent!
2024-06-09 10:35:53,271 [Worker-15: Building] INFO  o.a.m.s.f.DefaultMavenResourcesFiltering - Copying 0 resource from src\main\resources to target\classes
2024-06-09 10:35:53,281 [Worker-15: Building] WARN  o.a.m.s.f.DefaultMavenResourcesFiltering - Using platform encoding (Cp1252 actually) to copy filtered resources, i.e. build is platform dependent!
2024-06-09 10:35:53,283 [Worker-15: Building] INFO  o.a.m.s.f.DefaultMavenResourcesFiltering - Copying 0 resource from src\test\resources to target\test-classes
2024-06-09 10:36:01,534 [Worker-10: Building] INFO  o.a.m.s.f.DefaultMavenResourcesFiltering - Copying 1 resource from src\main\resources to target\classes
2024-06-09 10:36:01,586 [Worker-10: Building] INFO  o.a.m.s.f.DefaultMavenResourcesFiltering - Copying 0 resource from src\main\resources to target\classes
2024-06-09 10:36:01,594 [Worker-10: Building] INFO  o.a.m.s.f.DefaultMavenResourcesFiltering - skip non existing resourceDirectory C:\Teck Giri\Java Fullstack Developer\Spring Framework\FirstSpringProject\student\src\test\resources
2024-06-09 11:43:59,935 [Worker-4: Loading available Gradle versions] INFO  o.e.b.c.i.u.g.PublishedGradleVersions - Gradle version information cache is out-of-date. Trying to update.
2024-06-09 11:59:08,076 [Worker-6: Loading available Gradle versions] INFO  o.e.b.c.i.u.g.PublishedGradleVersions - Gradle version information cache is up-to-date. Trying to read.
2024-06-09 12:48:05,382 [Worker-38: Cleaning all projects] WARN  o.e.m.c.i.embedder.EclipseLogger - The artifact mysql:mysql-connector-java:jar:8.0.33 has been relocated to com.mysql:mysql-connector-j:jar:8.0.33: MySQL Connector/J artifacts moved to reverse-DNS compliant Maven 2+ coordinates.
2024-06-09 12:48:08,710 [Worker-34: Building] WARN  o.a.m.s.f.DefaultMavenResourcesFiltering - Using platform encoding (Cp1252 actually) to copy filtered resources, i.e. build is platform dependent!
2024-06-09 12:48:08,720 [Worker-34: Building] INFO  o.a.m.s.f.DefaultMavenResourcesFiltering - Copying 0 resource from src\main\resources to target\classes
2024-06-09 12:48:08,728 [Worker-34: Building] WARN  o.a.m.s.f.DefaultMavenResourcesFiltering - Using platform encoding (Cp1252 actually) to copy filtered resources, i.e. build is platform dependent!
2024-06-09 12:48:08,730 [Worker-34: Building] INFO  o.a.m.s.f.DefaultMavenResourcesFiltering - Copying 0 resource from src\test\resources to target\test-classes
2024-06-09 12:48:10,553 [Worker-34: Building] INFO  o.a.m.s.f.DefaultMavenResourcesFiltering - Copying 1 resource from src\main\resources to target\classes
2024-06-09 12:48:10,607 [Worker-34: Building] INFO  o.a.m.s.f.DefaultMavenResourcesFiltering - Copying 0 resource from src\main\resources to target\classes
2024-06-09 12:48:10,615 [Worker-34: Building] INFO  o.a.m.s.f.DefaultMavenResourcesFiltering - skip non existing resourceDirectory C:\Teck Giri\Java Fullstack Developer\Spring Framework\FirstSpringProject\student\src\test\resources
2024-06-09 13:30:51,436 [Worker-47: Building] WARN  o.a.m.s.f.DefaultMavenResourcesFiltering - Using platform encoding (Cp1252 actually) to copy filtered resources, i.e. build is platform dependent!
2024-06-09 13:30:51,439 [Worker-47: Building] INFO  o.a.m.s.f.DefaultMavenResourcesFiltering - Copying 0 resource from src\main\resources to target\classes
2024-06-09 13:30:51,444 [Worker-47: Building] WARN  o.a.m.s.f.DefaultMavenResourcesFiltering - Using platform encoding (Cp1252 actually) to copy filtered resources, i.e. build is platform dependent!
2024-06-09 13:30:51,446 [Worker-47: Building] INFO  o.a.m.s.f.DefaultMavenResourcesFiltering - Copying 0 resource from src\test\resources to target\test-classes
2024-06-09 13:30:56,466 [Worker-47: Building] INFO  o.a.m.s.f.DefaultMavenResourcesFiltering - Copying 1 resource from src\main\resources to target\classes
2024-06-09 13:30:56,473 [Worker-47: Building] INFO  o.a.m.s.f.DefaultMavenResourcesFiltering - Copying 0 resource from src\main\resources to target\classes
2024-06-09 13:30:56,476 [Worker-47: Building] INFO  o.a.m.s.f.DefaultMavenResourcesFiltering - skip non existing resourceDirectory C:\Teck Giri\Java Fullstack Developer\Spring Framework\FirstSpringProject\student\src\test\resources
